,task,num_simulations,num_observation,algorithm,seed,C2ST,C2ST_Z,MMD,MMD_Z,MEDDIST,C2ST_1K,C2ST_1K_Z,MMD_1K,MMD_1K_Z,MEDDIST_1K,NLTP,RT,KSD,KSD_1K,num_simulations_simulator,path,folder
0,gaussian_mixture,1000,7,SNLE,2937087782,0.5547,0.6223,0.001973033,0.0019739866,0.957798,0.4945,0.606,0.000957489,0.0009239912,0.8743857,,13.85338134765625,10.509901044820092,8.124752910771955,1000.0,/home/aaiuser/results/benchmarking_sbi_023/multirun/2024-12-01/06-42-35/18,18
1,gaussian_mixture,100000,8,SNLE,2326790899,0.5255,0.57985,0.001954198,0.0020219088,1.0299833,0.5085,0.5425,0.0011190176,0.0011390448,0.99662006,,46.496785481770836,8.539532148526481,5.518212728201373,100000.0,/home/aaiuser/results/benchmarking_sbi_023/multirun/2024-12-01/06-42-35/23,23
2,gaussian_mixture,10000,5,SNLE,1922208352,0.67465,0.731,0.037043095,0.037840307,1.0732615,0.615,0.7335,0.028503776,0.02862966,1.0480453,,15.860763549804688,9.034032099096327,6.9724309782103635,10000.0,/home/aaiuser/results/benchmarking_sbi_023/multirun/2024-12-01/06-42-35/13,13
3,gaussian_mixture,10000,8,SNLE,325106358,0.61015,0.6531,0.01113677,0.011693239,1.072469,0.544,0.6495,0.0062435865,0.006986141,1.0193554,,16.13199259440104,10.72606434992825,8.37236756118598,10000.0,/home/aaiuser/results/benchmarking_sbi_023/multirun/2024-12-01/06-42-35/22,22
4,gaussian_mixture,1000,3,SNLE,19245665,0.89085,0.89195,0.44954503,0.45072347,6.8878965,0.8905,0.89,0.44773692,0.44985268,6.8842654,,14.075337727864584,14.751999054743735,12.436552420826207,1000.0,/home/aaiuser/results/benchmarking_sbi_023/multirun/2024-12-01/06-42-35/6,6
5,gaussian_mixture,10000,6,SNLE,141209261,0.60325,0.61855,0.0047068596,0.004862547,1.0718734,0.526,0.6125,0.003899455,0.003754735,1.1226304,,16.67689208984375,11.104679142869454,10.095075212753702,10000.0,/home/aaiuser/results/benchmarking_sbi_023/multirun/2024-12-01/06-42-35/16,16
6,gaussian_mixture,100000,5,SNLE,727572517,0.52155,0.5807,0.00081181526,0.0008555651,0.9229599,0.5175,0.5795,0.0008620024,0.00084364414,0.93339616,,39.89576416015625,8.537336603775845,7.220648268705599,100000.0,/home/aaiuser/results/benchmarking_sbi_023/multirun/2024-12-01/06-42-35/14,14
7,gaussian_mixture,10000,2,SNLE,2184587800,0.64265,0.70635,0.017321825,0.01745677,1.0518713,0.533,0.6975,0.019952536,0.020107865,1.0657055,,15.49879862467448,8.589944364963449,7.012736992903644,10000.0,/home/aaiuser/results/benchmarking_sbi_023/multirun/2024-12-01/06-42-35/4,4
8,gaussian_mixture,100000,7,SNLE,786535836,0.5573,0.6037,0.0062482357,0.0059388876,1.0716448,0.495,0.5985,0.0046629906,0.004519105,1.0118701,,40.766162109375,8.703050656179723,8.134137662491538,100000.0,/home/aaiuser/results/benchmarking_sbi_023/multirun/2024-12-01/06-42-35/20,20
9,gaussian_mixture,10000,4,SNLE,2020388446,0.64475,0.7176,0.018632531,0.018984556,1.1277461,0.635,0.7045,0.019965887,0.020863056,1.069424,,14.880793253580729,7.566093237437513,4.493306570941351,10000.0,/home/aaiuser/results/benchmarking_sbi_023/multirun/2024-12-01/06-42-35/10,10
10,gaussian_mixture,1000,9,SNLE,2496254415,0.6582,0.70415,0.01200521,0.012001634,1.1131482,0.6245,0.687,0.007819295,0.00785172,1.1337258,,13.384158325195312,9.013073000852483,7.304304020844782,1000.0,/home/aaiuser/results/benchmarking_sbi_023/multirun/2024-12-01/06-42-35/24,24
11,gaussian_mixture,1000,5,SNLE,3142683606,0.67545,0.735,0.019668818,0.02069509,0.9736221,0.6465,0.7315,0.015823364,0.016204953,0.96832,,13.749990844726563,7.771446642873193,5.017341159437965,1000.0,/home/aaiuser/results/benchmarking_sbi_023/multirun/2024-12-01/06-42-35/12,12
12,gaussian_mixture,1000,8,SNLE,1743504977,0.57315,0.6092,0.004071951,0.00436759,1.038986,0.5255,0.6185,0.0022969246,0.002647519,1.0162783,,14.567315673828125,10.293044561817572,7.970885008219499,1000.0,/home/aaiuser/results/benchmarking_sbi_023/multirun/2024-12-01/06-42-35/21,21
13,gaussian_mixture,100000,1,SNLE,3824853815,0.7005,0.74315,0.06253111,0.061909378,1.054688,0.674,0.737,0.067721605,0.06614345,1.074683,,37.659521484375,9.661113397788888,7.297524515517266,100000.0,/home/aaiuser/results/benchmarking_sbi_023/multirun/2024-12-01/06-42-35/2,2
14,gaussian_mixture,10000,9,SNLE,2081940008,0.61405,0.6539,0.0030744076,0.0030905008,1.0230453,0.5555,0.6245,0.0019973516,0.002064824,1.0196741,,15.935432942708333,9.093075839373855,7.733487492009058,10000.0,/home/aaiuser/results/benchmarking_sbi_023/multirun/2024-12-01/06-42-35/25,25
15,gaussian_mixture,100000,2,SNLE,1576848155,0.50765,0.5797,0.0013629198,0.00128901,0.9562298,0.537,0.556,0.0025372505,0.0025194883,1.0027366,,44.00630289713542,9.4656704932252,7.307884643964115,100000.0,/home/aaiuser/results/benchmarking_sbi_023/multirun/2024-12-01/06-42-35/5,5
16,gaussian_mixture,10000,3,SNLE,3999121517,0.542,0.5867,0.0011284351,0.001126051,0.98766506,0.5075,0.547,0.00066185,0.00066030025,1.0454717,,16.702784220377605,11.29699223172409,8.952550599547436,10000.0,/home/aaiuser/results/benchmarking_sbi_023/multirun/2024-12-01/06-42-35/7,7
17,gaussian_mixture,1000,1,SNLE,2487102790,0.71525,0.77035,0.058122933,0.05699432,0.97942066,0.568,0.76,0.06194675,0.061077118,1.0169513,,13.001504516601562,8.90273277827707,8.046433756621433,1000.0,/home/aaiuser/results/benchmarking_sbi_023/multirun/2024-12-01/06-42-35/0,0
18,gaussian_mixture,100000,3,SNLE,167177754,0.56545,0.5864,0.0044031143,0.00452137,1.0827136,0.4905,0.566,0.0033012629,0.0034627914,1.117757,,45.987910970052084,11.089458796670359,8.513020819164439,100000.0,/home/aaiuser/results/benchmarking_sbi_023/multirun/2024-12-01/06-42-35/8,8
19,gaussian_mixture,100000,6,SNLE,3445849936,0.5949,0.6542,0.0021436214,0.002235055,0.9974992,0.4935,0.6375,0.0003824234,0.000341177,1.0060261,,46.535221354166666,10.023785556340561,8.395901557822427,100000.0,/home/aaiuser/results/benchmarking_sbi_023/multirun/2024-12-01/06-42-35/17,17
20,gaussian_mixture,1000,6,SNLE,3186569523,0.7106,0.7233,0.010640144,0.010846019,1.0401379,0.6205,0.717,0.00960362,0.009427786,1.046591,,13.78678487141927,11.623691718264993,9.269849077271667,1000.0,/home/aaiuser/results/benchmarking_sbi_023/multirun/2024-12-01/06-42-35/15,15
21,gaussian_mixture,100000,4,SNLE,2145395865,0.53375,0.6064,0.0023930073,0.0024750233,1.0238574,0.5285,0.623,0.0039867163,0.004209161,1.029086,,50.01922607421875,11.248178572297142,8.907830779831114,100000.0,/home/aaiuser/results/benchmarking_sbi_023/multirun/2024-12-01/06-42-35/11,11
22,gaussian_mixture,10000,7,SNLE,2664849424,0.66485,0.7182,0.020299792,0.020789862,1.1043855,0.5165,0.703,0.014545798,0.014734268,1.0856688,,15.722423299153645,7.419171388377169,7.344721767324287,10000.0,/home/aaiuser/results/benchmarking_sbi_023/multirun/2024-12-01/06-42-35/19,19
23,gaussian_mixture,10000,1,SNLE,1389501908,0.5824,0.62005,0.011071801,0.011718035,0.97448003,0.5545,0.6095,0.012612402,0.013352454,0.97109246,,16.25367635091146,11.396539727637693,9.500699482960655,10000.0,/home/aaiuser/results/benchmarking_sbi_023/multirun/2024-12-01/06-42-35/1,1
24,gaussian_mixture,1000,4,SNLE,2250182774,0.5276,0.7016,0.0041992664,0.0044982433,0.9733212,0.498,0.7065,0.0061796904,0.0068593025,0.9990084,,13.666769409179688,10.699662555138458,8.032280248662486,1000.0,/home/aaiuser/results/benchmarking_sbi_023/multirun/2024-12-01/06-42-35/9,9
25,gaussian_mixture,100000,9,SNLE,4172615778,0.5803,0.62735,0.0059211254,0.005920887,1.0957745,0.5415,0.62,0.004683733,0.004681468,1.0761805,,60.52693277994792,9.188503370743904,5.888758172765525,100000.0,/home/aaiuser/results/benchmarking_sbi_023/multirun/2024-12-01/06-42-35/26,26
26,gaussian_mixture,1000,2,SNLE,1205066751,0.6732,0.7326,0.025762558,0.025471926,1.0931962,0.6495,0.725,0.026960671,0.026575148,1.0890148,,13.59883524576823,7.831802253288578,6.602150483107095,1000.0,/home/aaiuser/results/benchmarking_sbi_023/multirun/2024-12-01/06-42-35/3,3
27,slcp_distractors,1000,7,SNLE,1861898055,0.9985,0.99865,0.44114423,0.5995744,1076.9945,0.9975,0.996,0.6117466,0.6270831,1076.9775,,59.78197428385417,,,1000.0,/home/aaiuser/results/benchmarking_sbi_023/multirun/2024-12-01/15-53-06/18,18
28,slcp_distractors,100000,8,SNLE,1298168715,0.8931,0.8941,0.06113863,0.23656267,427.0926,0.8665,0.872,0.053551793,0.22764927,426.58936,,188.72498372395833,,,100000.0,/home/aaiuser/results/benchmarking_sbi_023/multirun/2024-12-01/15-53-06/23,23
29,slcp_distractors,10000,5,SNLE,2412133763,0.93365,0.9333,0.2781812,0.4285431,897.3115,0.9185,0.921,0.26900578,0.434891,899.07715,,57.315380859375,,,10000.0,/home/aaiuser/results/benchmarking_sbi_023/multirun/2024-12-01/15-53-06/13,13
30,slcp_distractors,10000,8,SNLE,2297564764,0.95235,0.9567,0.33003438,0.40011004,425.68704,0.9245,0.933,0.33287907,0.39681512,424.16208,,54.331095377604164,,,10000.0,/home/aaiuser/results/benchmarking_sbi_023/multirun/2024-12-01/15-53-06/22,22
31,slcp_distractors,1000,3,SNLE,485160275,0.96015,0.95885,0.22286403,0.20332593,389.04474,0.9455,0.9385,0.21546257,0.1924212,386.05994,,48.94776204427083,,,1000.0,/home/aaiuser/results/benchmarking_sbi_023/multirun/2024-12-01/15-53-06/6,6
32,slcp_distractors,10000,6,SNLE,235163765,0.9292,0.9304,0.20562851,0.31240863,347.21762,0.895,0.883,0.21445751,0.3045032,350.29517,,51.28641357421875,,,10000.0,/home/aaiuser/results/benchmarking_sbi_023/multirun/2024-12-01/15-53-06/16,16
33,slcp_distractors,100000,5,SNLE,1388834709,0.85925,0.85675,0.059360623,0.24450094,896.6655,0.8275,0.8235,0.06031978,0.24436897,898.13654,,157.469287109375,,,100000.0,/home/aaiuser/results/benchmarking_sbi_023/multirun/2024-12-01/15-53-06/14,14
34,slcp_distractors,10000,2,SNLE,3915342125,0.9805,0.98115,0.35824156,0.6179952,379.43948,0.977,0.973,0.35070223,0.6001143,378.97855,,56.37616780598958,,,10000.0,/home/aaiuser/results/benchmarking_sbi_023/multirun/2024-12-01/15-53-06/4,4
35,slcp_distractors,100000,7,SNLE,241379703,0.92315,0.92355,0.059239507,0.31177902,1077.8453,0.898,0.9,0.05428481,0.30562025,1074.7524,,236.46070963541666,,,100000.0,/home/aaiuser/results/benchmarking_sbi_023/multirun/2024-12-01/15-53-06/20,20
36,slcp_distractors,10000,4,SNLE,592704297,0.9075,0.91,0.057213664,0.05983329,571.1029,0.8655,0.88,0.06421721,0.06278169,573.86487,,53.115576171875,,,10000.0,/home/aaiuser/results/benchmarking_sbi_023/multirun/2024-12-01/15-53-06/10,10
37,slcp_distractors,1000,9,SNLE,2902004167,0.99535,0.99515,0.59301513,0.61572576,711.59235,0.9805,0.9825,0.5605612,0.6003004,711.4625,,48.58267415364583,,,1000.0,/home/aaiuser/results/benchmarking_sbi_023/multirun/2024-12-01/15-53-06/24,24
38,slcp_distractors,1000,5,SNLE,1858924013,0.99835,0.99795,0.47153097,1.1863002,897.53253,0.994,0.993,0.4609996,1.1921195,896.1631,,47.67951253255208,,,1000.0,/home/aaiuser/results/benchmarking_sbi_023/multirun/2024-12-01/15-53-06/12,12
39,slcp_distractors,1000,8,SNLE,579290097,0.9769,0.9793,0.24252605,0.39450905,426.3228,0.9655,0.961,0.24461961,0.4020458,424.60712,,48.61572265625,,,1000.0,/home/aaiuser/results/benchmarking_sbi_023/multirun/2024-12-01/15-53-06/21,21
40,slcp_distractors,100000,1,SNLE,3419509976,0.94765,0.94375,0.13315654,0.40077785,894.8147,0.9415,0.936,0.14111388,0.4258324,892.6398,,200.53406575520833,,,100000.0,/home/aaiuser/results/benchmarking_sbi_023/multirun/2024-12-01/15-53-06/2,2
41,slcp_distractors,10000,9,SNLE,2055245144,0.9454,0.94145,0.15616953,0.21839362,712.61816,0.914,0.92,0.15799618,0.21954846,712.05084,,53.21803385416667,,,10000.0,/home/aaiuser/results/benchmarking_sbi_023/multirun/2024-12-01/15-53-06/25,25
42,slcp_distractors,100000,2,SNLE,1577762561,0.95,0.9489,0.2033189,0.5207398,380.7892,0.935,0.922,0.19412273,0.5011064,378.67856,,196.68984375,,,100000.0,/home/aaiuser/results/benchmarking_sbi_023/multirun/2024-12-01/15-53-06/5,5
43,slcp_distractors,10000,3,SNLE,1025601987,0.91825,0.9176,0.13678789,0.19253486,386.98145,0.898,0.8905,0.13607895,0.19098431,379.43396,,52.63515625,,,10000.0,/home/aaiuser/results/benchmarking_sbi_023/multirun/2024-12-01/15-53-06/7,7
44,slcp_distractors,1000,1,SNLE,1009889870,0.9998,0.9999,0.7340578,1.0903596,895.3987,1.0,1.0,0.6793038,1.0247699,897.15576,,52.5943359375,,,1000.0,/home/aaiuser/results/benchmarking_sbi_023/multirun/2024-12-01/15-53-06/0,0
45,slcp_distractors,100000,3,SNLE,1634634664,0.8986,0.8937,0.1050899,0.3713624,387.91364,0.872,0.8555,0.102530956,0.3596493,380.99146,,169.98274739583334,,,100000.0,/home/aaiuser/results/benchmarking_sbi_023/multirun/2024-12-01/15-53-06/8,8
46,slcp_distractors,100000,6,SNLE,1923421096,0.9114,0.911,0.13273847,0.31156057,349.85074,0.879,0.864,0.12788486,0.29413468,350.47775,,224.91905924479167,,,100000.0,/home/aaiuser/results/benchmarking_sbi_023/multirun/2024-12-01/15-53-06/17,17
47,slcp_distractors,1000,6,SNLE,140006879,0.9657,0.96705,0.1431055,0.14135009,350.09186,0.96,0.947,0.14242435,0.13915372,342.956,,46.608154296875,,,1000.0,/home/aaiuser/results/benchmarking_sbi_023/multirun/2024-12-01/15-53-06/15,15
48,slcp_distractors,100000,4,SNLE,3023361115,0.82595,0.83715,0.111502826,0.12527251,569.6902,0.783,0.8065,0.10561317,0.11705357,572.3795,,243.71669921875,,,100000.0,/home/aaiuser/results/benchmarking_sbi_023/multirun/2024-12-01/15-53-06/11,11
49,slcp_distractors,10000,7,SNLE,2113779034,0.96835,0.9689,0.37858212,0.6490691,1077.3969,0.9585,0.963,0.3801663,0.65697426,1079.221,,59.0496826171875,,,10000.0,/home/aaiuser/results/benchmarking_sbi_023/multirun/2024-12-01/15-53-06/19,19
50,slcp_distractors,10000,1,SNLE,4151456079,0.96655,0.96475,0.18692529,0.45166218,895.2978,0.9545,0.952,0.17145336,0.4306418,894.58374,,52.87491455078125,,,10000.0,/home/aaiuser/results/benchmarking_sbi_023/multirun/2024-12-01/15-53-06/1,1
51,slcp_distractors,1000,4,SNLE,3965861070,0.9908,0.9902,0.4909682,0.56778145,570.8854,0.9875,0.9885,0.50220394,0.5714742,570.5211,,47.884847005208336,,,1000.0,/home/aaiuser/results/benchmarking_sbi_023/multirun/2024-12-01/15-53-06/9,9
52,slcp_distractors,100000,9,SNLE,173654373,0.9261,0.92595,0.18647975,0.35840136,712.83325,0.909,0.9075,0.19469559,0.36793506,715.62744,,186.263623046875,,,100000.0,/home/aaiuser/results/benchmarking_sbi_023/multirun/2024-12-01/15-53-06/26,26
53,slcp_distractors,1000,2,SNLE,1310937108,0.9867,0.98595,0.40769005,0.5559309,380.1876,0.9825,0.9765,0.40450466,0.5589066,376.06262,,44.46534016927083,,,1000.0,/home/aaiuser/results/benchmarking_sbi_023/multirun/2024-12-01/15-53-06/3,3
54,slcp,1000,7,SNLE,681153444,0.94895,0.9505,0.23616886,0.17613286,30.678013,0.9245,0.93,0.232373,0.17026395,30.667372,,34.660196940104164,31.638712128042435,29.319642597851875,1000.0,/home/aaiuser/results/benchmarking_sbi_023/multirun/2024-12-01/09-46-39/18,18
55,slcp,100000,8,SNLE,242160572,0.5548,0.55285,0.0008971691,0.0028717518,24.244179,0.547,0.523,0.00021541119,0.0032730103,23.96737,,91.9864990234375,9.695217712126809,9.371668517772378,100000.0,/home/aaiuser/results/benchmarking_sbi_023/multirun/2024-12-01/09-46-39/23,23
56,slcp,10000,5,SNLE,3343953446,0.72915,0.72705,0.03907001,0.03029275,23.905937,0.7235,0.7165,0.056474805,0.03881526,23.58633,,38.07827555338542,11.681161281881945,9.91038858553716,10000.0,/home/aaiuser/results/benchmarking_sbi_023/multirun/2024-12-01/09-46-39/13,13
57,slcp,10000,8,SNLE,2010378608,0.819,0.8184,0.15631163,0.15564871,24.107113,0.8075,0.803,0.15481877,0.17308533,23.944145,,40.20896809895833,15.462961724096573,13.414682631490832,10000.0,/home/aaiuser/results/benchmarking_sbi_023/multirun/2024-12-01/09-46-39/22,22
58,slcp,1000,3,SNLE,2496494583,0.8708,0.86815,0.09777963,0.12041646,26.7972,0.852,0.8375,0.09081125,0.12066245,27.479721,,35.615116373697916,29.808219614338466,27.103265145914943,1000.0,/home/aaiuser/results/benchmarking_sbi_023/multirun/2024-12-01/09-46-39/6,6
59,slcp,10000,6,SNLE,3711023161,0.69085,0.6941,0.030810595,0.020999432,10.038822,0.6725,0.665,0.032541037,0.026494741,10.207102,,38.74708251953125,13.692817644812173,11.367653188551825,10000.0,/home/aaiuser/results/benchmarking_sbi_023/multirun/2024-12-01/09-46-39/16,16
60,slcp,100000,5,SNLE,1622376575,0.53985,0.5372,0.0008049011,0.000952363,24.53722,0.51,0.527,0.00040864944,0.0004477501,24.319273,,91.53548990885416,6.622798024174001,4.188041092308877,100000.0,/home/aaiuser/results/benchmarking_sbi_023/multirun/2024-12-01/09-46-39/14,14
61,slcp,10000,2,SNLE,2339369379,0.7382,0.73735,0.06903207,0.054708958,22.215588,0.7475,0.737,0.09233141,0.06750822,22.307,,38.40196940104167,11.783358855529086,9.700311259573505,10000.0,/home/aaiuser/results/benchmarking_sbi_023/multirun/2024-12-01/09-46-39/4,4
62,slcp,100000,7,SNLE,2040875783,0.6229,0.61855,0.002129078,0.008793116,29.332344,0.5735,0.585,8.368492e-05,0.0021502972,28.936289,,96.75912272135416,15.203086797127327,11.900454410852081,100000.0,/home/aaiuser/results/benchmarking_sbi_023/multirun/2024-12-01/09-46-39/20,20
63,slcp,10000,4,SNLE,3653342967,0.67325,0.6877,0.012156963,0.010723114,3.2170973,0.6605,0.6705,0.014423609,0.015249252,3.3401937,,38.76705322265625,28.392318880017182,29.298068228361025,10000.0,/home/aaiuser/results/benchmarking_sbi_023/multirun/2024-12-01/09-46-39/10,10
64,slcp,1000,9,SNLE,1973747576,0.8917,0.8876,0.06942165,0.12316108,10.510288,0.837,0.8325,0.06318867,0.11658913,10.506926,,35.355611165364586,15.446851732951854,13.233023433657612,1000.0,/home/aaiuser/results/benchmarking_sbi_023/multirun/2024-12-01/09-46-39/24,24
65,slcp,1000,5,SNLE,1537278988,0.88615,0.8883,0.19459486,0.16549742,24.397352,0.878,0.8755,0.17999065,0.16152698,24.898735,,35.660701497395834,15.337218180507326,13.088261212503712,1000.0,/home/aaiuser/results/benchmarking_sbi_023/multirun/2024-12-01/09-46-39/12,12
66,slcp,1000,8,SNLE,1284826234,0.93605,0.9373,0.12430251,0.24996448,24.960194,0.894,0.89,0.104515076,0.239138,25.266973,,34.14401448567708,28.50329968677477,26.80189956109294,1000.0,/home/aaiuser/results/benchmarking_sbi_023/multirun/2024-12-01/09-46-39/21,21
67,slcp,100000,1,SNLE,2585649450,0.61345,0.60655,0.0069680214,0.013755679,19.357393,0.564,0.5635,0.012019634,0.011772275,19.054886,,107.54546712239583,12.460377675279114,10.343026046444534,100000.0,/home/aaiuser/results/benchmarking_sbi_023/multirun/2024-12-01/09-46-39/2,2
68,slcp,10000,9,SNLE,2821554129,0.7072,0.71045,0.06870937,0.043572307,9.100903,0.67,0.6435,0.05480337,0.033698797,9.160496,,38.228458658854166,14.384459909504763,12.004397000831204,10000.0,/home/aaiuser/results/benchmarking_sbi_023/multirun/2024-12-01/09-46-39/25,25
69,slcp,100000,2,SNLE,1761135129,0.58525,0.58925,0.01716113,0.010857224,22.204264,0.6935,0.659,0.058530092,0.04903269,22.163288,,91.63567708333333,10.511642398286488,9.3440578222909,100000.0,/home/aaiuser/results/benchmarking_sbi_023/multirun/2024-12-01/09-46-39/5,5
70,slcp,10000,3,SNLE,4111277783,0.76465,0.76615,0.16249001,0.094314694,26.735126,0.723,0.7175,0.1367575,0.07601142,26.838713,,37.06303304036458,10.561398800150256,8.59272636177806,10000.0,/home/aaiuser/results/benchmarking_sbi_023/multirun/2024-12-01/09-46-39/7,7
71,slcp,1000,1,SNLE,2717585300,0.924,0.92045,0.062125444,0.14972788,19.564716,0.9005,0.887,0.0747478,0.15132618,19.779816,,36.18620198567708,27.392400599387557,27.899748401066233,1000.0,/home/aaiuser/results/benchmarking_sbi_023/multirun/2024-12-01/09-46-39/0,0
72,slcp,100000,3,SNLE,538220720,0.6052,0.6085,0.023618698,0.013750315,26.08947,0.5955,0.578,0.026278973,0.016177058,25.839075,,88.8936279296875,9.387279804421528,7.819662818689394,100000.0,/home/aaiuser/results/benchmarking_sbi_023/multirun/2024-12-01/09-46-39/8,8
73,slcp,100000,6,SNLE,3676492553,0.5559,0.5551,0.0022302866,0.0023833513,10.838804,0.646,0.647,0.050914764,0.025975108,10.763346,,96.49447428385416,10.443024240674657,9.183705594604175,100000.0,/home/aaiuser/results/benchmarking_sbi_023/multirun/2024-12-01/09-46-39/17,17
74,slcp,1000,6,SNLE,2559188152,0.91125,0.90685,0.113651514,0.2284258,11.867832,0.876,0.8575,0.1044873,0.21028358,11.971251,,34.901310221354166,29.37054280979957,22.758928477701417,1000.0,/home/aaiuser/results/benchmarking_sbi_023/multirun/2024-12-01/09-46-39/15,15
75,slcp,100000,4,SNLE,3399746012,0.6859,0.6853,0.01734376,0.020979404,3.3425121,0.651,0.6365,0.015960574,0.019853115,3.2008195,,89.27041829427084,19.465534948747496,18.771979803684793,100000.0,/home/aaiuser/results/benchmarking_sbi_023/multirun/2024-12-01/09-46-39/11,11
76,slcp,10000,7,SNLE,3833864224,0.7022,0.7138,0.005608201,0.026944399,29.227161,0.6505,0.663,0.007940888,0.024856329,29.452255,,39.321171061197916,16.22961940478464,14.035682578651203,10000.0,/home/aaiuser/results/benchmarking_sbi_023/multirun/2024-12-01/09-46-39/19,19
77,slcp,10000,1,SNLE,1927546943,0.7479,0.7443,0.031861067,0.061557174,19.229671,0.816,0.813,0.15561771,0.11437845,19.184229,,38.84574788411458,13.750603905074524,11.851962053685462,10000.0,/home/aaiuser/results/benchmarking_sbi_023/multirun/2024-12-01/09-46-39/1,1
78,slcp,1000,4,SNLE,120764772,0.89795,0.9018,0.100586295,0.09373379,2.9272835,0.8615,0.8715,0.101377726,0.09691495,2.9701557,,32.91666259765625,27.91660749394597,26.28474534188356,1000.0,/home/aaiuser/results/benchmarking_sbi_023/multirun/2024-12-01/09-46-39/9,9
79,slcp,100000,9,SNLE,3145915219,0.5589,0.5598,0.0015146732,0.0015566349,9.161169,0.5565,0.5375,0.004644513,0.003339529,9.523036,,90.31158854166667,11.878677893596187,8.92867835590133,100000.0,/home/aaiuser/results/benchmarking_sbi_023/multirun/2024-12-01/09-46-39/26,26
80,slcp,1000,2,SNLE,3348722574,0.94795,0.94845,0.2536621,0.31273377,23.944708,0.9425,0.937,0.25747788,0.30212235,24.047813,,34.1759765625,28.548996428100224,13.26300482855041,1000.0,/home/aaiuser/results/benchmarking_sbi_023/multirun/2024-12-01/09-46-39/3,3
81,gaussian_linear_uniform,1000,7,SNRE,3111093306,0.73335,0.7017,0.008440614,0.008215308,1.2139671,0.675,0.676,0.009500742,0.008400559,1.2059436,,38.542805989583336,7.012170067581072,4.862905754551757,1000.0,/home/aaiuser/results/benchmarking_sbi_023/multirun/2024-12-02/13-55-49/18,18
82,gaussian_linear_uniform,100000,8,SNRE,1096333531,0.56865,0.54945,0.0037703514,0.004129529,1.3614705,0.5365,0.5235,0.0032140017,0.0035076141,1.3546185,,133.39479166666666,4.0698419774086405,3.428761153081271,100000.0,/home/aaiuser/results/benchmarking_sbi_023/multirun/2024-12-02/13-55-49/23,23
83,gaussian_linear_uniform,10000,5,SNRE,3677579109,0.6111,0.5931,0.004086137,0.0049517155,1.3237251,0.5705,0.5785,0.005450368,0.0057706833,1.3213315,,50.790995279947914,5.450379352285993,3.911400611781397,10000.0,/home/aaiuser/results/benchmarking_sbi_023/multirun/2024-12-02/13-55-49/13,13
84,gaussian_linear_uniform,10000,8,SNRE,3027482592,0.616,0.5969,0.0054115057,0.006408334,1.3609793,0.5725,0.5675,0.0032798052,0.004077077,1.3627712,,48.173954264322916,4.920995301685881,3.6011968428060386,10000.0,/home/aaiuser/results/benchmarking_sbi_023/multirun/2024-12-02/13-55-49/22,22
85,gaussian_linear_uniform,1000,3,SNRE,2127402412,0.74895,0.7075,0.02324605,0.028312922,1.578279,0.7145,0.6895,0.021705508,0.026246428,1.5915172,,41.3818603515625,5.007827689794601,3.8505328891794357,1000.0,/home/aaiuser/results/benchmarking_sbi_023/multirun/2024-12-02/13-55-49/6,6
86,gaussian_linear_uniform,10000,6,SNRE,2267429361,0.6052,0.5933,0.005625248,0.006590724,1.343687,0.571,0.5705,0.005499959,0.0067623854,1.3444703,,45.65402018229167,5.16717785395356,3.712015490013487,10000.0,/home/aaiuser/results/benchmarking_sbi_023/multirun/2024-12-02/13-55-49/16,16
87,gaussian_linear_uniform,100000,5,SNRE,3469248047,0.54075,0.53125,0.0008480549,0.0008915663,1.3135239,0.5205,0.532,0.0008662939,0.0007055998,1.3165443,,154.06116536458333,3.954097335448847,3.333415704954011,100000.0,/home/aaiuser/results/benchmarking_sbi_023/multirun/2024-12-02/13-55-49/14,14
88,gaussian_linear_uniform,10000,2,SNRE,3083148987,0.6312,0.61895,0.010534525,0.021722555,1.5168953,0.616,0.609,0.0107831955,0.020832539,1.5186772,,43.72605794270833,5.878995436260978,4.173178632094838,10000.0,/home/aaiuser/results/benchmarking_sbi_023/multirun/2024-12-02/13-55-49/4,4
89,gaussian_linear_uniform,100000,7,SNRE,454186396,0.57535,0.5581,0.004001856,0.0043189526,1.326935,0.52,0.522,0.004226446,0.004620552,1.3304574,,134.19761555989584,4.828647521590128,3.5907586130994114,100000.0,/home/aaiuser/results/benchmarking_sbi_023/multirun/2024-12-02/13-55-49/20,20
90,gaussian_linear_uniform,10000,4,SNRE,322814004,0.6013,0.59085,0.0036637783,0.0047125816,1.3773901,0.5775,0.564,0.0036863089,0.005023122,1.394174,,46.05518798828125,5.271747390312814,3.8467112360778835,10000.0,/home/aaiuser/results/benchmarking_sbi_023/multirun/2024-12-02/13-55-49/10,10
91,gaussian_linear_uniform,1000,9,SNRE,2628493941,0.72125,0.69215,0.016121745,0.018416405,1.3427186,0.6465,0.6665,0.014482856,0.015740514,1.3519381,,39.78558349609375,6.322790528730979,4.379369795901354,1000.0,/home/aaiuser/results/benchmarking_sbi_023/multirun/2024-12-02/13-55-49/24,24
92,gaussian_linear_uniform,1000,5,SNRE,745645765,0.68205,0.65105,0.0057344437,0.0061295033,1.3027084,0.6205,0.6155,0.0058796406,0.006440401,1.2868804,,43.322347005208336,6.249931283764365,4.287312164899099,1000.0,/home/aaiuser/results/benchmarking_sbi_023/multirun/2024-12-02/13-55-49/12,12
93,gaussian_linear_uniform,1000,8,SNRE,3047229527,0.74765,0.72275,0.025226593,0.026235223,1.3363194,0.7045,0.6845,0.025194287,0.026330113,1.3384559,,39.094828287760414,6.244743627528705,4.304999048823703,1000.0,/home/aaiuser/results/benchmarking_sbi_023/multirun/2024-12-02/13-55-49/21,21
94,gaussian_linear_uniform,100000,1,SNRE,756829605,0.55195,0.53505,0.0033023357,0.0032445192,1.3501515,0.526,0.514,0.0036611557,0.0039288998,1.3438158,,166.97763671875,3.9315685408555137,3.3063703051446436,100000.0,/home/aaiuser/results/benchmarking_sbi_023/multirun/2024-12-02/13-55-49/2,2
95,gaussian_linear_uniform,10000,9,SNRE,888725739,0.613,0.59695,0.0040637255,0.004859805,1.3366128,0.573,0.5815,0.0036951303,0.004112363,1.3307111,,45.39228108723958,4.920833700798299,3.6290658861169147,10000.0,/home/aaiuser/results/benchmarking_sbi_023/multirun/2024-12-02/13-55-49/25,25
96,gaussian_linear_uniform,100000,2,SNRE,2080708955,0.56445,0.5433,0.0031989813,0.0034252405,1.427052,0.5475,0.566,0.003810048,0.0041470528,1.4412117,,147.582275390625,4.488506024158873,3.48129947218788,100000.0,/home/aaiuser/results/benchmarking_sbi_023/multirun/2024-12-02/13-55-49/5,5
97,gaussian_linear_uniform,10000,3,SNRE,1341620066,0.67455,0.6456,0.016269803,0.016241193,1.5406361,0.6255,0.64,0.014457107,0.015730023,1.5252606,,46.62106119791667,4.825202703049715,3.712155063228915,10000.0,/home/aaiuser/results/benchmarking_sbi_023/multirun/2024-12-02/13-55-49/7,7
98,gaussian_linear_uniform,1000,1,SNRE,111516680,0.65765,0.6422,0.015961051,0.016127229,1.43047,0.623,0.614,0.015543938,0.0152055025,1.4156563,,40.788037109375,5.672063023225754,4.0172664142292325,1000.0,/home/aaiuser/results/benchmarking_sbi_023/multirun/2024-12-02/13-55-49/0,0
99,gaussian_linear_uniform,100000,3,SNRE,1531398233,0.5595,0.54825,0.0038690567,0.0035817623,1.4932811,0.5515,0.5405,0.0023337603,0.002738595,1.4725957,,150.8283203125,3.870951813194053,3.3698612605914695,100000.0,/home/aaiuser/results/benchmarking_sbi_023/multirun/2024-12-02/13-55-49/8,8
100,gaussian_linear_uniform,100000,6,SNRE,3186387190,0.55945,0.54905,0.00307405,0.0033506155,1.3184135,0.5535,0.5505,0.003624916,0.0042304993,1.3320112,,158.55970052083333,4.323548300121722,3.4034357080728403,100000.0,/home/aaiuser/results/benchmarking_sbi_023/multirun/2024-12-02/13-55-49/17,17
101,gaussian_linear_uniform,1000,6,SNRE,1286549334,0.6993,0.67225,0.009196758,0.009307146,1.3259187,0.6545,0.6355,0.00978303,0.009472847,1.3433299,,38.48581136067708,6.183292338634266,4.219005520278847,1000.0,/home/aaiuser/results/benchmarking_sbi_023/multirun/2024-12-02/13-55-49/15,15
102,gaussian_linear_uniform,100000,4,SNRE,4173831850,0.5542,0.54325,0.0041931868,0.004214406,1.3473194,0.551,0.554,0.004483938,0.005016446,1.3504868,,147.54806315104167,4.760560548519692,3.566383574182523,100000.0,/home/aaiuser/results/benchmarking_sbi_023/multirun/2024-12-02/13-55-49/11,11
103,gaussian_linear_uniform,10000,7,SNRE,165239528,0.60345,0.59005,0.004032612,0.0039747953,1.3192413,0.586,0.585,0.004507065,0.0046032667,1.3116555,,47.23289388020833,5.317819262354525,3.955532776638311,10000.0,/home/aaiuser/results/benchmarking_sbi_023/multirun/2024-12-02/13-55-49/19,19
104,gaussian_linear_uniform,10000,1,SNRE,2554897975,0.62155,0.60035,0.009822488,0.013596296,1.421495,0.5935,0.604,0.011845946,0.01678288,1.436157,,44.61294759114583,5.287378909158603,3.9198086981119538,10000.0,/home/aaiuser/results/benchmarking_sbi_023/multirun/2024-12-02/13-55-49/1,1
105,gaussian_linear_uniform,1000,4,SNRE,2754009176,0.71825,0.69335,0.015107155,0.015868902,1.2902052,0.6935,0.6775,0.01332891,0.013928413,1.2869115,,41.8346923828125,6.84232857686192,4.70324209416206,1000.0,/home/aaiuser/results/benchmarking_sbi_023/multirun/2024-12-02/13-55-49/9,9
106,gaussian_linear_uniform,100000,9,SNRE,3508680909,0.5421,0.5337,0.0015611649,0.0015933514,1.3114519,0.5205,0.499,0.0014896393,0.0016222,1.3026454,,149.36466471354166,3.8278621799352366,3.384152675802055,100000.0,/home/aaiuser/results/benchmarking_sbi_023/multirun/2024-12-02/13-55-49/26,26
107,gaussian_linear_uniform,1000,2,SNRE,1370440867,0.7204,0.69155,0.020295858,0.026049852,1.3913469,0.6505,0.6795,0.024462461,0.028453112,1.4108863,,40.872823079427086,7.0059155751615565,4.850829543343099,1000.0,/home/aaiuser/results/benchmarking_sbi_023/multirun/2024-12-02/13-55-49/3,3
108,gaussian_linear,1000,7,SNRE,2858311025,0.63775,0.61745,0.015384197,0.0153615475,1.3508726,0.6145,0.5995,0.014123321,0.014213324,1.3444738,,39.34993082682292,11.10029811916247,8.774791965102217,1000.0,/home/aaiuser/results/benchmarking_sbi_023/multirun/2024-12-02/05-30-34/18,18
109,gaussian_linear,100000,8,SNRE,805825275,0.5407,0.53215,0.00468266,0.004677415,1.5729432,0.525,0.5235,0.0040062666,0.004022956,1.5597351,,115.45025227864583,9.791936582157183,7.40674813081399,100000.0,/home/aaiuser/results/benchmarking_sbi_023/multirun/2024-12-02/05-30-34/23,23
110,gaussian_linear,10000,5,SNRE,1835552177,0.5349,0.5344,0.0024424791,0.0024472475,1.274903,0.5495,0.5465,0.0030661821,0.0030213594,1.2538327,,43.77471923828125,9.25995676615215,7.255709911283811,10000.0,/home/aaiuser/results/benchmarking_sbi_023/multirun/2024-12-02/05-30-34/13,13
111,gaussian_linear,10000,8,SNRE,2755092036,0.54585,0.54015,0.0025476217,0.0025547743,1.534507,0.539,0.5275,0.002513647,0.0025087595,1.5392253,,41.340840657552086,9.345305436401981,7.406994357225518,10000.0,/home/aaiuser/results/benchmarking_sbi_023/multirun/2024-12-02/05-30-34/22,22
112,gaussian_linear,1000,3,SNRE,890458832,0.6772,0.6414,0.02075541,0.020657778,1.31693,0.6475,0.6515,0.022009015,0.021693826,1.3146224,,38.68675537109375,11.38158006988257,9.186792381555843,1000.0,/home/aaiuser/results/benchmarking_sbi_023/multirun/2024-12-02/05-30-34/6,6
113,gaussian_linear,10000,6,SNRE,3266163449,0.5459,0.5375,0.0033944845,0.0034012794,1.2998391,0.5305,0.5275,0.0033385754,0.003299594,1.2879446,,40.77438151041667,9.560694944380423,7.314198974783805,10000.0,/home/aaiuser/results/benchmarking_sbi_023/multirun/2024-12-02/05-30-34/16,16
114,gaussian_linear,100000,5,SNRE,624679749,0.50595,0.5052,0.00050485134,0.00050985813,1.2963147,0.4935,0.4785,0.0010021925,0.00096559525,1.2882564,,132.71953125,7.67504193119969,6.313702835021338,100000.0,/home/aaiuser/results/benchmarking_sbi_023/multirun/2024-12-02/05-30-34/14,14
115,gaussian_linear,10000,2,SNRE,3589295411,0.54965,0.53765,0.004554391,0.0045758486,1.3731314,0.5455,0.5545,0.005926013,0.0060641766,1.3660334,,43.46267496744792,9.868644471553907,7.768034656539016,10000.0,/home/aaiuser/results/benchmarking_sbi_023/multirun/2024-12-02/05-30-34/4,4
116,gaussian_linear,100000,7,SNRE,2354749047,0.50965,0.5094,0.00034570694,0.0003451109,1.3630023,0.506,0.5055,0.0004787445,0.00049972534,1.3646228,,128.823486328125,7.384901402279321,5.791276124222604,100000.0,/home/aaiuser/results/benchmarking_sbi_023/multirun/2024-12-02/05-30-34/20,20
117,gaussian_linear,10000,4,SNRE,2025402243,0.5438,0.5384,0.002419114,0.0024257898,1.5714738,0.5275,0.551,0.0033427477,0.0033659935,1.5743656,,44.42292887369792,9.31188435392563,7.415096057722973,10000.0,/home/aaiuser/results/benchmarking_sbi_023/multirun/2024-12-02/05-30-34/10,10
118,gaussian_linear,1000,9,SNRE,3084649746,0.7038,0.6725,0.024363756,0.024452925,1.3604572,0.671,0.658,0.022697568,0.023299694,1.3521627,,40.75341796875,11.562076135577977,9.287589612319671,1000.0,/home/aaiuser/results/benchmarking_sbi_023/multirun/2024-12-02/05-30-34/24,24
119,gaussian_linear,1000,5,SNRE,3591002210,0.6708,0.64915,0.017680883,0.01767087,1.2353219,0.659,0.637,0.019876122,0.019981384,1.2224612,,39.03835856119792,11.234181726326785,9.002747701492359,1000.0,/home/aaiuser/results/benchmarking_sbi_023/multirun/2024-12-02/05-30-34/12,12
120,gaussian_linear,1000,8,SNRE,4233175245,0.69965,0.6588,0.022731304,0.022896767,1.4022449,0.673,0.674,0.02465713,0.02540803,1.3818403,,39.604085286458336,11.472207735847482,9.248939834500941,1000.0,/home/aaiuser/results/benchmarking_sbi_023/multirun/2024-12-02/05-30-34/21,21
121,gaussian_linear,100000,1,SNRE,1724486008,0.514,0.51095,0.0007084608,0.0007073879,1.4425774,0.4945,0.494,0.00069117546,0.00066649914,1.4331136,,119.59431966145833,7.957561843359756,6.156955192929631,100000.0,/home/aaiuser/results/benchmarking_sbi_023/multirun/2024-12-02/05-30-34/2,2
122,gaussian_linear,10000,9,SNRE,1790704034,0.53905,0.53225,0.002349615,0.0023399591,1.4046671,0.5325,0.5205,0.0029815435,0.0029203892,1.3969119,,43.20765380859375,9.18158332324438,7.233206434558888,10000.0,/home/aaiuser/results/benchmarking_sbi_023/multirun/2024-12-02/05-30-34/25,25
123,gaussian_linear,100000,2,SNRE,3890260226,0.5144,0.5082,0.0011674166,0.0011769533,1.3734202,0.503,0.506,0.0010086298,0.0010107756,1.3798373,,128.81717936197916,8.477794142362054,6.592445450618143,100000.0,/home/aaiuser/results/benchmarking_sbi_023/multirun/2024-12-02/05-30-34/5,5
124,gaussian_linear,10000,3,SNRE,3841076000,0.5263,0.52665,0.0015312433,0.0015215874,1.4316365,0.511,0.5235,0.0013304949,0.0013655424,1.4176272,,43.94608154296875,8.675824674576326,6.521989704620901,10000.0,/home/aaiuser/results/benchmarking_sbi_023/multirun/2024-12-02/05-30-34/7,7
125,gaussian_linear,1000,1,SNRE,1359269796,0.62535,0.59855,0.0087070465,0.0086945295,1.4325455,0.5985,0.59,0.01005125,0.010202169,1.412416,,36.42646077473958,10.514264623288815,8.494234772242843,1000.0,/home/aaiuser/results/benchmarking_sbi_023/multirun/2024-12-02/05-30-34/0,0
126,gaussian_linear,100000,3,SNRE,1140771679,0.51855,0.512,0.0007702112,0.00076544285,1.3926284,0.503,0.4995,0.0003285408,0.00031733513,1.3819838,,133.90365397135417,8.204176408273215,5.784545138483713,100000.0,/home/aaiuser/results/benchmarking_sbi_023/multirun/2024-12-02/05-30-34/8,8
127,gaussian_linear,100000,6,SNRE,4005061086,0.50965,0.5136,0.00028455257,0.00028395653,1.3211653,0.503,0.518,0.0001796484,0.00018835068,1.3165762,,137.546142578125,7.522323646518397,6.043547000028011,100000.0,/home/aaiuser/results/benchmarking_sbi_023/multirun/2024-12-02/05-30-34/17,17
128,gaussian_linear,1000,6,SNRE,1892834318,0.7017,0.6705,0.015011072,0.01501596,1.2351247,0.673,0.6495,0.0150488615,0.015173554,1.2391329,,39.32874348958333,10.978577514395585,8.660233631899343,1000.0,/home/aaiuser/results/benchmarking_sbi_023/multirun/2024-12-02/05-30-34/15,15
129,gaussian_linear,100000,4,SNRE,3067095682,0.5247,0.52045,0.0028996468,0.0028933287,1.5815403,0.5035,0.497,0.0024331808,0.0023881197,1.5899808,,127.816796875,9.359506219574445,7.004092749124826,100000.0,/home/aaiuser/results/benchmarking_sbi_023/multirun/2024-12-02/05-30-34/11,11
130,gaussian_linear,10000,7,SNRE,322246323,0.53915,0.536,0.0024740696,0.0024796724,1.3468392,0.5305,0.536,0.0045723915,0.004597664,1.3609288,,42.58125406901042,9.305782179480838,7.175596823419515,10000.0,/home/aaiuser/results/benchmarking_sbi_023/multirun/2024-12-02/05-30-34/19,19
131,gaussian_linear,10000,1,SNRE,471722438,0.55805,0.54805,0.005206585,0.005228281,1.4575593,0.537,0.5415,0.0041977167,0.0041851997,1.4556801,,42.00670166015625,10.008289362146794,7.7518332324570665,10000.0,/home/aaiuser/results/benchmarking_sbi_023/multirun/2024-12-02/05-30-34/1,1
132,gaussian_linear,1000,4,SNRE,1155429729,0.69575,0.6584,0.015770078,0.015717626,1.4847811,0.6495,0.6395,0.01618135,0.016196966,1.4741219,,39.77144775390625,11.080881600370095,8.839739192310589,1000.0,/home/aaiuser/results/benchmarking_sbi_023/multirun/2024-12-02/05-30-34/9,9
133,gaussian_linear,100000,9,SNRE,2011636015,0.5154,0.517,0.00048327446,0.00048720837,1.3910251,0.515,0.512,0.0003207922,0.00033974648,1.3942342,,113.43272298177084,7.84800949916356,6.12541393361089,100000.0,/home/aaiuser/results/benchmarking_sbi_023/multirun/2024-12-02/05-30-34/26,26
134,gaussian_linear,1000,2,SNRE,1866929844,0.6814,0.64385,0.020804882,0.020856142,1.3565564,0.656,0.6285,0.020675302,0.020972013,1.3433046,,36.558512369791664,11.36206594665785,9.034728097527097,1000.0,/home/aaiuser/results/benchmarking_sbi_023/multirun/2024-12-02/05-30-34/3,3
135,gaussian_mixture,1000,7,SNRE,2952422241,0.6455,0.7018,0.006724596,0.006906748,0.8611094,0.4805,0.6905,0.008984089,0.009055495,0.841764,,9.001189168294271,10.096768419441284,7.926018060140676,1000.0,/home/aaiuser/results/benchmarking_sbi_023/multirun/2024-12-02/23-33-31/18,18
136,gaussian_mixture,100000,8,SNRE,3562088041,0.5035,0.5346,0.0007289648,0.00072419643,0.94053656,0.491,0.502,0.0014433861,0.0014437437,0.98109,,106.11908365885417,10.480171419972695,7.33055873872172,100000.0,/home/aaiuser/results/benchmarking_sbi_023/multirun/2024-12-02/23-33-31/23,23
137,gaussian_mixture,10000,5,SNRE,314540580,0.51775,0.5452,0.0018745661,0.0019259453,0.95459914,0.502,0.54,0.0009765625,0.0009396076,0.960592,,13.073607381184896,9.661044329922163,7.346530461655657,10000.0,/home/aaiuser/results/benchmarking_sbi_023/multirun/2024-12-02/23-33-31/13,13
138,gaussian_mixture,10000,8,SNRE,2044056624,0.5066,0.55205,0.0011014938,0.0010932684,0.9927465,0.5065,0.563,0.0015419722,0.0014073849,0.96502256,,11.469656372070313,12.324645857803658,10.332989513555829,10000.0,/home/aaiuser/results/benchmarking_sbi_023/multirun/2024-12-02/23-33-31/22,22
139,gaussian_mixture,1000,3,SNRE,2979925561,0.5265,0.55745,0.0009897947,0.0009877682,0.9860084,0.541,0.5645,0.0007749796,0.00073063374,1.0121793,,9.016476440429688,10.780548688017547,9.17672050476164,1000.0,/home/aaiuser/results/benchmarking_sbi_023/multirun/2024-12-02/23-33-31/6,6
140,gaussian_mixture,10000,6,SNRE,691157013,0.5154,0.53195,0.00055241585,0.0005606413,1.0324745,0.506,0.5205,-2.3126602e-05,-2.9802322e-05,1.0417007,,11.283762613932291,11.762800368743834,9.037369956656299,10000.0,/home/aaiuser/results/benchmarking_sbi_023/multirun/2024-12-02/23-33-31/16,16
141,gaussian_mixture,100000,5,SNRE,1906724347,0.50515,0.5162,0.0010550022,0.001057744,0.9441403,0.5,0.5305,0.0015567541,0.0015411377,0.92751783,,154.357275390625,5.294759846069358,6.431285348198497,100000.0,/home/aaiuser/results/benchmarking_sbi_023/multirun/2024-12-02/23-33-31/14,14
142,gaussian_mixture,10000,2,SNRE,3619104529,0.526,0.567,0.005037546,0.0050400496,0.8437154,0.4935,0.528,0.003426671,0.0033706427,0.84848726,,11.948519897460937,11.52041276505191,9.39717456482828,10000.0,/home/aaiuser/results/benchmarking_sbi_023/multirun/2024-12-02/23-33-31/4,4
143,gaussian_mixture,100000,7,SNRE,2366151711,0.5015,0.5329,0.0004607439,0.00047779083,0.97798645,0.492,0.5085,-0.00038266182,-0.000374794,1.009532,,103.682470703125,10.9544445178593,8.448648576590113,100000.0,/home/aaiuser/results/benchmarking_sbi_023/multirun/2024-12-02/23-33-31/20,20
144,gaussian_mixture,10000,4,SNRE,1023465456,0.5339,0.55505,0.0015473366,0.0015405416,1.0022798,0.509,0.551,0.0015480518,0.001568079,0.9874177,,12.674611409505209,12.931813460314547,10.814244601791335,10000.0,/home/aaiuser/results/benchmarking_sbi_023/multirun/2024-12-02/23-33-31/10,10
145,gaussian_mixture,1000,9,SNRE,2298210809,0.59385,0.6369,0.004997015,0.00497663,0.875247,0.5525,0.633,0.004613638,0.004514575,0.85872436,,9.409820556640625,10.103894331357164,8.344596355869102,1000.0,/home/aaiuser/results/benchmarking_sbi_023/multirun/2024-12-02/23-33-31/24,24
146,gaussian_mixture,1000,5,SNRE,3216062788,0.5863,0.7332,0.008801103,0.00871408,0.7496301,0.563,0.732,0.009657979,0.009657979,0.7940287,,9.498465983072917,7.565756150718944,5.049843122551145,1000.0,/home/aaiuser/results/benchmarking_sbi_023/multirun/2024-12-02/23-33-31/12,12
147,gaussian_mixture,1000,8,SNRE,795766003,0.58295,0.649,0.00838387,0.008565068,0.7925603,0.517,0.643,0.008839846,0.009233952,0.79390913,,8.792923990885416,8.286414239479097,6.56118717415771,1000.0,/home/aaiuser/results/benchmarking_sbi_023/multirun/2024-12-02/23-33-31/21,21
148,gaussian_mixture,100000,1,SNRE,1045356775,0.51545,0.54665,0.0020422935,0.0020103455,0.7713876,0.5055,0.533,0.0012286901,0.0011802912,0.81118137,,128.63798014322916,9.429482086612683,7.774643012942615,100000.0,/home/aaiuser/results/benchmarking_sbi_023/multirun/2024-12-02/23-33-31/2,2
149,gaussian_mixture,10000,9,SNRE,3436151751,0.54295,0.55195,0.0037785769,0.0037733316,0.89004,0.5275,0.5295,0.0019304752,0.001942873,0.92319775,,12.181683349609376,10.611026276258523,8.481449841222208,10000.0,/home/aaiuser/results/benchmarking_sbi_023/multirun/2024-12-02/23-33-31/25,25
150,gaussian_mixture,100000,2,SNRE,3174109626,0.49985,0.53535,0.00021839142,0.0002168417,0.9112019,0.49,0.5375,0.0005643368,0.0006631613,0.9306401,,118.46541341145833,11.312871107310684,8.885374690306582,100000.0,/home/aaiuser/results/benchmarking_sbi_023/multirun/2024-12-02/23-33-31/5,5
151,gaussian_mixture,10000,3,SNRE,200520951,0.5551,0.56265,0.0055276155,0.005486965,0.85885966,0.5405,0.5365,0.0036962032,0.003643632,0.88706124,,12.718990071614583,11.815771555337959,9.177476936443844,10000.0,/home/aaiuser/results/benchmarking_sbi_023/multirun/2024-12-02/23-33-31/7,7
152,gaussian_mixture,1000,1,SNRE,662408748,0.68925,0.73805,0.03070134,0.03186828,0.8945324,0.5855,0.72,0.031785786,0.03325808,0.86514735,,8.307483418782551,8.540456490341398,7.10983395550087,1000.0,/home/aaiuser/results/benchmarking_sbi_023/multirun/2024-12-02/23-33-31/0,0
153,gaussian_mixture,100000,3,SNRE,1905294660,0.52955,0.53225,0.0019259453,0.0019015074,0.90302694,0.527,0.5275,0.0017379522,0.0016592741,0.91981745,,112.5274658203125,7.612079859020696,4.583319897664282,100000.0,/home/aaiuser/results/benchmarking_sbi_023/multirun/2024-12-02/23-33-31/8,8
154,gaussian_mixture,100000,6,SNRE,1044444028,0.5268,0.52525,0.0013817549,0.0013687611,0.93644667,0.506,0.5285,0.0011781454,0.0011941195,0.96430635,,97.826806640625,6.029289093766559,6.24165131203772,100000.0,/home/aaiuser/results/benchmarking_sbi_023/multirun/2024-12-02/23-33-31/17,17
155,gaussian_mixture,1000,6,SNRE,1640135074,0.5898,0.5922,0.008746505,0.008633733,0.83975196,0.5565,0.584,0.0056339502,0.005695343,0.89565426,,9.31221923828125,12.685195877006217,10.319414081990573,1000.0,/home/aaiuser/results/benchmarking_sbi_023/multirun/2024-12-02/23-33-31/15,15
156,gaussian_mixture,100000,4,SNRE,2259123892,0.5099,0.53555,0.0020319223,0.0020393133,0.88238645,0.491,0.5415,0.0029228926,0.0029463768,0.77423275,,126.33167317708333,5.7300071488130335,7.828936035174873,100000.0,/home/aaiuser/results/benchmarking_sbi_023/multirun/2024-12-02/23-33-31/11,11
157,gaussian_mixture,10000,7,SNRE,3281019749,0.54535,0.5632,0.0092743635,0.009275079,0.7943302,0.522,0.556,0.01168406,0.011750221,0.76852715,,11.39326171875,9.493163684749188,7.507549453223618,10000.0,/home/aaiuser/results/benchmarking_sbi_023/multirun/2024-12-02/23-33-31/19,19
158,gaussian_mixture,10000,1,SNRE,342072199,0.55445,0.5769,0.009994268,0.0096616745,0.68559605,0.5405,0.547,0.007593274,0.007418871,0.7108573,,11.615884399414062,11.979490940533452,9.352746294214901,10000.0,/home/aaiuser/results/benchmarking_sbi_023/multirun/2024-12-02/23-33-31/1,1
159,gaussian_mixture,1000,4,SNRE,3474374954,0.57615,0.7143,0.008798122,0.008606434,0.9128963,0.5305,0.7015,0.007835984,0.0078115463,0.949354,,9.080605061848958,11.585192078577661,9.269869146512434,1000.0,/home/aaiuser/results/benchmarking_sbi_023/multirun/2024-12-02/23-33-31/9,9
160,gaussian_mixture,100000,9,SNRE,3923253099,0.5296,0.5347,0.0020147562,0.0020121336,0.92804056,0.498,0.511,0.00022280216,0.0002039671,0.9655162,,93.9529052734375,10.056202373439739,8.052169016086648,100000.0,/home/aaiuser/results/benchmarking_sbi_023/multirun/2024-12-02/23-33-31/26,26
161,gaussian_mixture,1000,2,SNRE,2074778748,0.60675,0.64625,0.0026899576,0.002424121,0.891379,0.5115,0.6495,0.0034263134,0.002985835,0.9449768,,8.10579833984375,11.562316496201934,9.842677538535625,1000.0,/home/aaiuser/results/benchmarking_sbi_023/multirun/2024-12-02/23-33-31/3,3
162,two_moons,1000,7,SNLE,2689208968,0.58345,0.63625,0.0015370846,0.0015425682,0.089260004,0.5195,0.6065,0.0045394897,0.004530072,0.08912495,,12.824573771158855,inf,inf,1000.0,/home/aaiuser/results/benchmarking_sbi_023/multirun/2024-12-02/02-47-08/18,18
163,two_moons,100000,8,SNLE,1906718949,0.53145,0.5951,0.0006389618,0.00063622,0.08965215,0.5135,0.559,0.00045144558,0.00045835972,0.09380369,,40.05845947265625,inf,inf,100000.0,/home/aaiuser/results/benchmarking_sbi_023/multirun/2024-12-02/02-47-08/23,23
164,two_moons,10000,5,SNLE,2658851010,0.51445,0.5725,0.0008147955,0.0008147955,0.092132375,0.5945,0.5945,0.030484438,0.030485272,0.0928963,,15.870675659179687,inf,inf,10000.0,/home/aaiuser/results/benchmarking_sbi_023/multirun/2024-12-02/02-47-08/13,13
165,two_moons,10000,8,SNLE,2301427867,0.6147,0.6129,0.0039390326,0.0039379597,0.089905664,0.5575,0.628,0.023320317,0.023326397,0.08889097,,15.199467976888021,inf,inf,10000.0,/home/aaiuser/results/benchmarking_sbi_023/multirun/2024-12-02/02-47-08/22,22
166,two_moons,1000,3,SNLE,3372551308,0.6189,0.64045,0.00043475628,0.0004351139,0.09585157,0.6035,0.6495,0.008105397,0.008153796,0.08966035,,12.708999633789062,inf,inf,1000.0,/home/aaiuser/results/benchmarking_sbi_023/multirun/2024-12-02/02-47-08/6,6
167,two_moons,10000,6,SNLE,3636655146,0.63165,0.64085,0.0028516054,0.002850175,0.0898743,0.6485,0.6805,0.081907034,0.08193052,0.094330356,,16.040935262044272,inf,inf,10000.0,/home/aaiuser/results/benchmarking_sbi_023/multirun/2024-12-02/02-47-08/16,16
168,two_moons,100000,5,SNLE,1555097994,0.5006,0.5169,0.00026226044,0.0002617836,0.090011984,0.6555,0.6555,0.08311021,0.08310914,0.08742097,,38.91380615234375,inf,inf,100000.0,/home/aaiuser/results/benchmarking_sbi_023/multirun/2024-12-02/02-47-08/14,14
169,two_moons,10000,2,SNLE,1702512093,0.5091,0.50935,-3.6358833e-05,-3.6597252e-05,0.08955337,0.548,0.548,0.007597685,0.0076001883,0.09142256,,14.971657307942708,inf,inf,10000.0,/home/aaiuser/results/benchmarking_sbi_023/multirun/2024-12-02/02-47-08/4,4
170,two_moons,100000,7,SNLE,1444211034,0.5009,0.5849,0.00058555603,0.0005867481,0.09456496,0.4885,0.5605,-0.00024986267,-0.00024998188,0.100681916,,43.26693522135417,,,100000.0,/home/aaiuser/results/benchmarking_sbi_023/multirun/2024-12-02/02-47-08/20,20
171,two_moons,10000,4,SNLE,3664716897,0.5284,0.57435,0.0061511397,0.006149888,0.090227,0.465,0.4775,-0.00046098232,-0.00046110153,0.09262924,,15.975171915690105,inf,inf,10000.0,/home/aaiuser/results/benchmarking_sbi_023/multirun/2024-12-02/02-47-08/10,10
172,two_moons,1000,9,SNLE,2680845272,0.5565,0.587,0.0010992885,0.0010996461,0.089955784,0.6095,0.6055,0.0844208,0.08442503,0.08877644,,12.204280598958333,inf,inf,1000.0,/home/aaiuser/results/benchmarking_sbi_023/multirun/2024-12-02/02-47-08/24,24
173,two_moons,1000,5,SNLE,290839280,0.5607,0.6358,0.012450814,0.012450814,0.092839174,0.499,0.5075,-0.00033152103,-0.00033164024,0.100868806,,12.63855692545573,inf,inf,1000.0,/home/aaiuser/results/benchmarking_sbi_023/multirun/2024-12-02/02-47-08/12,12
174,two_moons,1000,8,SNLE,2265400094,0.5491,0.64335,0.0025860071,0.0026051998,0.09805806,0.534,0.6345,0.0027810335,0.0027477741,0.09792301,,12.48717041015625,inf,inf,1000.0,/home/aaiuser/results/benchmarking_sbi_023/multirun/2024-12-02/02-47-08/21,21
175,two_moons,100000,1,SNLE,2030400602,0.6043,0.60485,0.00084877014,0.00084865093,0.091119155,0.5485,0.565,0.0072408915,0.007242322,0.08565569,,39.94431966145833,,,100000.0,/home/aaiuser/results/benchmarking_sbi_023/multirun/2024-12-02/02-47-08/2,2
176,two_moons,10000,9,SNLE,2611605705,0.6132,0.6248,0.009405971,0.009405613,0.087412596,0.5385,0.581,0.0012956858,0.0012978315,0.087037906,,15.173173014322916,inf,inf,10000.0,/home/aaiuser/results/benchmarking_sbi_023/multirun/2024-12-02/02-47-08/25,25
177,two_moons,100000,2,SNLE,3749061295,0.94505,0.94065,0.012219906,0.012219548,0.35750744,0.9375,0.9365,0.012183309,0.012186885,0.32399222,,77.712451171875,,,100000.0,/home/aaiuser/results/benchmarking_sbi_023/multirun/2024-12-02/02-47-08/5,5
178,two_moons,10000,3,SNLE,537320458,0.5159,0.5969,-2.3245811e-05,-2.3245811e-05,0.09493795,0.477,0.585,-0.0003876686,-0.00038647652,0.09721664,,16.07235310872396,inf,inf,10000.0,/home/aaiuser/results/benchmarking_sbi_023/multirun/2024-12-02/02-47-08/7,7
179,two_moons,1000,1,SNLE,261044093,0.61035,0.61785,0.0012251139,0.0012251139,0.0909415,0.4995,0.506,-0.00040185452,-0.00040209293,0.08943615,,13.12742411295573,inf,inf,1000.0,/home/aaiuser/results/benchmarking_sbi_023/multirun/2024-12-02/02-47-08/0,0
180,two_moons,100000,3,SNLE,3675009149,0.5415,0.5818,0.0014356375,0.0014357567,0.09076055,0.473,0.506,-0.00038218498,-0.00038075447,0.09384221,,38.823876953125,inf,inf,100000.0,/home/aaiuser/results/benchmarking_sbi_023/multirun/2024-12-02/02-47-08/8,8
181,two_moons,100000,6,SNLE,585745517,0.50115,0.50935,4.005432e-05,4.005432e-05,0.08765006,0.4815,0.466,-0.0004888773,-0.0004887581,0.08760651,,39.1204833984375,inf,inf,100000.0,/home/aaiuser/results/benchmarking_sbi_023/multirun/2024-12-02/02-47-08/17,17
182,two_moons,1000,6,SNLE,2915040919,0.9459,0.9628,0.016917467,0.01691854,0.2825756,0.935,0.954,0.015032887,0.01502955,0.28494772,,12.845128377278646,,,1000.0,/home/aaiuser/results/benchmarking_sbi_023/multirun/2024-12-02/02-47-08/15,15
183,two_moons,100000,4,SNLE,2890593639,0.61985,0.63295,0.016538382,0.01654756,0.09287868,0.549,0.6085,0.009610057,0.009616733,0.09766641,,37.36630045572917,inf,inf,100000.0,/home/aaiuser/results/benchmarking_sbi_023/multirun/2024-12-02/02-47-08/11,11
184,two_moons,10000,7,SNLE,102087913,0.6031,0.6366,0.0013977289,0.001393795,0.09194301,0.494,0.615,0.00031864643,0.00031518936,0.09143096,,16.30164082845052,inf,inf,10000.0,/home/aaiuser/results/benchmarking_sbi_023/multirun/2024-12-02/02-47-08/19,19
185,two_moons,10000,1,SNLE,2046503943,0.5318,0.55435,5.507469e-05,5.51939e-05,0.08818966,0.5515,0.5465,0.008758426,0.00875926,0.088910475,,16.336634318033855,inf,inf,10000.0,/home/aaiuser/results/benchmarking_sbi_023/multirun/2024-12-02/02-47-08/1,1
186,two_moons,1000,4,SNLE,4040228338,0.59875,0.64465,0.006174624,0.0061763525,0.09072739,0.5495,0.6025,0.008335471,0.008338928,0.08975281,,13.035486857096354,inf,inf,1000.0,/home/aaiuser/results/benchmarking_sbi_023/multirun/2024-12-02/02-47-08/9,9
187,two_moons,100000,9,SNLE,2049809141,0.50015,0.51905,0.00073748827,0.0007377267,0.08875839,0.4945,0.4925,-0.00015890598,-0.00015842915,0.08798705,,44.13135579427083,inf,inf,100000.0,/home/aaiuser/results/benchmarking_sbi_023/multirun/2024-12-02/02-47-08/26,26
188,two_moons,1000,2,SNLE,3748064693,0.58325,0.5905,0.0058294535,0.0058279037,0.09123279,0.552,0.552,0.009173274,0.009171367,0.08915442,,12.818440755208334,inf,inf,1000.0,/home/aaiuser/results/benchmarking_sbi_023/multirun/2024-12-02/02-47-08/3,3
189,slcp_distractors,100000,10,NPE,3648350827,0.8103,0.81885,0.045992613,0.047654808,349.1637,0.7585,0.7695,0.035640717,0.03571564,342.92477,3.2742271423339844,51.01261800130208,,,100000.0,/home/aaiuser/results/benchmarking_sbi_023/multirun/2024-11-21/03-30-10/29,29
190,slcp_distractors,1000,7,NPE,3575805650,0.9962,0.99655,0.10069728,0.54765564,1077.3206,0.995,0.993,0.09891939,0.54459304,1077.1646,8.850536346435547,0.22758908271789552,,,1000.0,/home/aaiuser/results/benchmarking_sbi_023/multirun/2024-11-21/03-30-10/18,18
191,slcp_distractors,100000,8,NPE,1478919236,0.8738,0.873,0.018500328,0.15708935,424.9347,0.8185,0.827,0.01688993,0.15120077,426.06,1.5477482080459595,34.773319498697916,,,100000.0,/home/aaiuser/results/benchmarking_sbi_023/multirun/2024-11-21/03-30-10/23,23
192,slcp_distractors,10000,10,NPE,2525351280,0.9539,0.95415,0.23321396,0.290095,351.2686,0.9245,0.9165,0.21648008,0.27204672,351.40656,8.633204460144043,7.145296223958334,,,10000.0,/home/aaiuser/results/benchmarking_sbi_023/multirun/2024-11-21/03-30-10/28,28
193,slcp_distractors,10000,5,NPE,2224316840,0.93555,0.9472,0.11931455,0.18008608,897.3415,0.918,0.9085,0.12274635,0.18959892,895.69165,18.731287002563477,4.753068542480468,,,10000.0,/home/aaiuser/results/benchmarking_sbi_023/multirun/2024-11-21/03-30-10/13,13
194,slcp_distractors,10000,8,NPE,2417989933,0.9881,0.9895,0.108885765,0.41921893,427.30524,0.9725,0.9785,0.112225294,0.42932835,426.06183,6.905477523803711,2.111425272623698,,,10000.0,/home/aaiuser/results/benchmarking_sbi_023/multirun/2024-11-21/03-30-10/22,22
195,slcp_distractors,1000,3,NPE,19170070,0.98725,0.9874,0.08557856,0.29896504,386.9575,0.9735,0.9715,0.08061075,0.2828619,384.75696,10.661637306213379,0.2875761349995931,,,1000.0,/home/aaiuser/results/benchmarking_sbi_023/multirun/2024-11-21/03-30-10/6,6
196,slcp_distractors,10000,6,NPE,1473874236,0.9571,0.96065,0.12508023,0.30317247,344.5252,0.9415,0.923,0.12986577,0.30438095,346.50287,7.511895656585693,4.3711095174153645,,,10000.0,/home/aaiuser/results/benchmarking_sbi_023/multirun/2024-11-21/03-30-10/16,16
197,slcp_distractors,100000,5,NPE,3870043598,0.89205,0.8915,0.024668097,0.18091452,897.2656,0.866,0.8555,0.023619294,0.17706323,893.92883,22.163333892822266,56.317195638020834,,,100000.0,/home/aaiuser/results/benchmarking_sbi_023/multirun/2024-11-21/03-30-10/14,14
198,slcp_distractors,10000,2,NPE,3963168543,0.97835,0.9788,0.17470253,0.4837939,379.02228,0.9625,0.953,0.18149936,0.47921813,380.92688,9.365763664245605,2.605726877848307,,,10000.0,/home/aaiuser/results/benchmarking_sbi_023/multirun/2024-11-21/03-30-10/4,4
199,slcp_distractors,100000,7,NPE,547444588,0.915,0.919,0.043434262,0.29931808,1076.7136,0.8705,0.882,0.04069686,0.28343236,1073.9856,5.6026763916015625,40.9903076171875,,,100000.0,/home/aaiuser/results/benchmarking_sbi_023/multirun/2024-11-21/03-30-10/20,20
200,slcp_distractors,10000,4,NPE,2098893144,0.9891,0.9896,0.26980048,0.5574716,568.81836,0.9845,0.9835,0.26494968,0.56130075,571.3639,6.774279594421387,2.068254089355469,,,10000.0,/home/aaiuser/results/benchmarking_sbi_023/multirun/2024-11-21/03-30-10/10,10
201,slcp_distractors,1000,9,NPE,1567819375,0.9773,0.9786,0.3389879,0.5409826,713.5155,0.958,0.9455,0.34012544,0.5315641,719.04114,10.21401309967041,0.1774802525838216,,,1000.0,/home/aaiuser/results/benchmarking_sbi_023/multirun/2024-11-21/03-30-10/24,24
202,slcp_distractors,1000,5,NPE,2373065025,0.97755,0.97665,0.06490195,0.19978517,895.97595,0.9595,0.9525,0.062167406,0.20190692,897.39246,9.978065490722656,0.14253784815470377,,,1000.0,/home/aaiuser/results/benchmarking_sbi_023/multirun/2024-11-21/03-30-10/12,12
203,slcp_distractors,1000,8,NPE,1413170583,0.9938,0.99335,0.14051032,0.48820004,426.24017,0.988,0.986,0.13542104,0.4821851,426.82684,10.04508113861084,0.21447614034016926,,,1000.0,/home/aaiuser/results/benchmarking_sbi_023/multirun/2024-11-21/03-30-10/21,21
204,slcp_distractors,100000,1,NPE,67289751,0.92885,0.9298,0.04020214,0.18390751,895.0836,0.8945,0.8835,0.040496707,0.18875569,895.9729,6.049985885620117,66.01502278645833,,,100000.0,/home/aaiuser/results/benchmarking_sbi_023/multirun/2024-11-21/03-30-10/2,2
205,slcp_distractors,10000,9,NPE,3955892647,0.96525,0.9661,0.23707741,0.41258764,712.5958,0.947,0.924,0.23441643,0.40705335,718.9867,9.701116561889648,5.247592163085938,,,10000.0,/home/aaiuser/results/benchmarking_sbi_023/multirun/2024-11-21/03-30-10/25,25
206,slcp_distractors,100000,2,NPE,623068443,0.9158,0.91415,0.08443236,0.31794196,380.15118,0.89,0.886,0.08038032,0.29943568,382.51514,4.866652965545654,49.432108561197914,,,100000.0,/home/aaiuser/results/benchmarking_sbi_023/multirun/2024-11-21/03-30-10/5,5
207,slcp_distractors,10000,3,NPE,2964117923,0.9696,0.9703,0.13178766,0.3341645,385.51495,0.951,0.94,0.12897849,0.34077823,387.10535,10.240471839904785,2.6937403361002605,,,10000.0,/home/aaiuser/results/benchmarking_sbi_023/multirun/2024-11-21/03-30-10/7,7
208,slcp_distractors,1000,1,NPE,2620848589,0.9914,0.9907,0.2029717,0.48866874,895.39636,0.984,0.984,0.20212793,0.48789072,898.40027,10.82387638092041,0.645489756266276,,,1000.0,/home/aaiuser/results/benchmarking_sbi_023/multirun/2024-11-21/03-30-10/0,0
209,slcp_distractors,100000,3,NPE,3487533478,0.87145,0.8716,0.012206554,0.122528434,385.14233,0.8365,0.8095,0.011497021,0.121570945,375.66144,5.44385290145874,49.67736002604167,,,100000.0,/home/aaiuser/results/benchmarking_sbi_023/multirun/2024-11-21/03-30-10/8,8
210,slcp_distractors,100000,6,NPE,3722867993,0.8582,0.8515,0.006234288,0.017875314,347.97488,0.8175,0.7885,0.0053771734,0.014914274,343.5835,3.9865267276763916,35.53548990885417,,,100000.0,/home/aaiuser/results/benchmarking_sbi_023/multirun/2024-11-21/03-30-10/17,17
211,slcp_distractors,1000,6,NPE,1859069009,0.9728,0.97255,0.19416398,0.41500992,344.63025,0.9635,0.956,0.19921017,0.41250205,345.34833,8.600135803222656,0.1752116362253825,,,1000.0,/home/aaiuser/results/benchmarking_sbi_023/multirun/2024-11-21/03-30-10/15,15
212,slcp_distractors,100000,4,NPE,1622047631,0.8581,0.8683,0.19039655,0.21236801,570.3996,0.827,0.8385,0.2003234,0.21957356,569.64636,0.4774537682533264,51.351749674479166,,,100000.0,/home/aaiuser/results/benchmarking_sbi_023/multirun/2024-11-21/03-30-10/11,11
213,slcp_distractors,10000,7,NPE,3168144417,0.98015,0.98125,0.046462774,0.38599366,1077.9199,0.9595,0.96,0.041998386,0.3755941,1081.4341,9.85999870300293,6.56119130452474,,,10000.0,/home/aaiuser/results/benchmarking_sbi_023/multirun/2024-11-21/03-30-10/19,19
214,slcp_distractors,1000,10,NPE,1415690555,0.9804,0.97815,0.43887502,0.5114308,351.6197,0.9585,0.9525,0.42698446,0.50702286,354.02045,11.426923751831055,0.34425992965698243,,,1000.0,/home/aaiuser/results/benchmarking_sbi_023/multirun/2024-11-21/03-30-10/27,27
215,slcp_distractors,10000,1,NPE,1567119804,0.99015,0.98965,0.1566565,0.47629905,894.89954,0.9795,0.975,0.14329755,0.4547322,892.71155,16.375633239746094,2.0961077372233072,,,10000.0,/home/aaiuser/results/benchmarking_sbi_023/multirun/2024-11-21/03-30-10/1,1
216,slcp_distractors,1000,4,NPE,1237604184,0.98995,0.9892,0.33173868,0.5618407,570.38416,0.983,0.987,0.33172593,0.56718206,568.2522,7.990823745727539,0.2918540954589844,,,1000.0,/home/aaiuser/results/benchmarking_sbi_023/multirun/2024-11-21/03-30-10/9,9
217,slcp_distractors,100000,9,NPE,2951610533,0.8115,0.8112,0.006760597,0.010248184,712.84607,0.755,0.7435,0.009168506,0.011337876,712.9428,4.544622898101807,68.44642740885416,,,100000.0,/home/aaiuser/results/benchmarking_sbi_023/multirun/2024-11-21/03-30-10/26,26
218,slcp_distractors,1000,2,NPE,1830921714,0.98515,0.9847,0.22098935,0.5134395,379.68356,0.9735,0.972,0.21296203,0.49053392,382.57626,11.949886322021484,0.3142711639404297,,,1000.0,/home/aaiuser/results/benchmarking_sbi_023/multirun/2024-11-21/03-30-10/3,3
219,gaussian_mixture,100000,10,NPE,4175273500,0.53225,0.5752,0.0051767826,0.0052616596,0.8873871,0.5255,0.5565,0.0054861307,0.0057011843,0.820262,3.249781370162964,11.590069580078126,8.827981472443224,6.999048401203519,100000.0,/home/aaiuser/results/benchmarking_sbi_023/multirun/2024-11-21/01-06-32/29,29
220,gaussian_mixture,1000,7,NPE,364590520,0.65555,0.7222,0.03314638,0.03341812,1.1487131,0.59,0.698,0.02336967,0.023557305,1.141268,3.167832374572754,0.30389620463053385,8.975555649393478,7.340883737138849,1000.0,/home/aaiuser/results/benchmarking_sbi_023/multirun/2024-11-21/01-06-32/18,18
221,gaussian_mixture,100000,8,NPE,2694665738,0.51955,0.53815,0.0015925169,0.0016151667,0.9721142,0.477,0.514,0.000115156174,0.000106573105,0.96997106,-2.0090084075927734,19.129439290364584,8.89294644157043,8.686895290070591,100000.0,/home/aaiuser/results/benchmarking_sbi_023/multirun/2024-11-21/01-06-32/23,23
222,gaussian_mixture,10000,10,NPE,2961570903,0.5945,0.67175,0.007371187,0.006913781,0.88499534,0.49,0.642,0.0071327686,0.006766796,0.90533495,3.3267006874084473,2.5654805501302085,11.014670827547377,8.641864801823205,10000.0,/home/aaiuser/results/benchmarking_sbi_023/multirun/2024-11-21/01-06-32/28,28
223,gaussian_mixture,10000,5,NPE,4084734168,0.5367,0.62035,0.0007162094,0.00067830086,0.9084327,0.511,0.6035,0.00051653385,0.0005117655,0.8864274,2.1515097618103027,3.4932713826497395,10.916146358992007,8.511091614598236,10000.0,/home/aaiuser/results/benchmarking_sbi_023/multirun/2024-11-21/01-06-32/13,13
224,gaussian_mixture,10000,8,NPE,3607516614,0.52965,0.5664,0.0014233589,0.001401782,0.92601645,0.491,0.573,0.001270771,0.0011810064,0.92859983,-2.1632604598999023,4.9230290730794275,10.296427345362481,8.022371879359177,10000.0,/home/aaiuser/results/benchmarking_sbi_023/multirun/2024-11-21/01-06-32/22,22
225,gaussian_mixture,1000,3,NPE,3510126021,0.6543,0.7077,0.020015001,0.020278215,1.0261561,0.605,0.6725,0.018808365,0.019266963,1.0430553,-0.22260725498199463,0.4221650123596191,12.5600502649577,10.224724606615128,1000.0,/home/aaiuser/results/benchmarking_sbi_023/multirun/2024-11-21/01-06-32/6,6
226,gaussian_mixture,10000,6,NPE,1942746484,0.65735,0.67595,0.0058432817,0.0058932304,1.098525,0.522,0.635,0.0025008917,0.0024853945,1.1231332,4.508192539215088,2.7631240844726563,10.427238236672775,7.609796589246785,10000.0,/home/aaiuser/results/benchmarking_sbi_023/multirun/2024-11-21/01-06-32/16,16
227,gaussian_mixture,100000,5,NPE,1881496210,0.5075,0.5403,0.002247572,0.0022751093,0.95731676,0.522,0.5365,0.0010226965,0.0010186434,0.96050584,2.732377767562866,30.187748209635416,9.192581003803618,7.53779805623244,100000.0,/home/aaiuser/results/benchmarking_sbi_023/multirun/2024-11-21/01-06-32/14,14
228,gaussian_mixture,10000,2,NPE,2764381069,0.5266,0.5768,0.0015341043,0.0014210939,0.91744405,0.4965,0.5385,0.0018396378,0.0017777681,0.88610613,-1.853055477142334,4.469032796223958,11.013094840722484,8.98234306020185,10000.0,/home/aaiuser/results/benchmarking_sbi_023/multirun/2024-11-21/01-06-32/4,4
229,gaussian_mixture,100000,7,NPE,2318306788,0.5202,0.5484,0.0013896227,0.0013949871,0.97527635,0.485,0.539,0.0031214952,0.003121972,0.945558,2.851067066192627,17.765126546223957,9.080365732314341,6.0564235969984415,100000.0,/home/aaiuser/results/benchmarking_sbi_023/multirun/2024-11-21/01-06-32/20,20
230,gaussian_mixture,10000,4,NPE,480358757,0.4996,0.65685,0.0022261143,0.0022546053,0.9498151,0.505,0.665,0.0032135248,0.0033724308,1.0105512,-0.481341153383255,4.034222666422526,11.078467712622828,9.298665943367267,10000.0,/home/aaiuser/results/benchmarking_sbi_023/multirun/2024-11-21/01-06-32/10,10
231,gaussian_mixture,1000,9,NPE,3498574718,0.67705,0.7068,0.021003723,0.02109027,1.0443723,0.6105,0.686,0.016675353,0.01695776,0.98373854,0.38365960121154785,0.2636999766031901,12.138131542169733,9.449088968739927,1000.0,/home/aaiuser/results/benchmarking_sbi_023/multirun/2024-11-21/01-06-32/24,24
232,gaussian_mixture,1000,5,NPE,1480364705,0.6675,0.718,0.024250388,0.024773479,0.94942105,0.5755,0.709,0.025328636,0.025490046,0.9580512,2.8282837867736816,0.30446815490722656,10.070596481849146,8.136103123526457,1000.0,/home/aaiuser/results/benchmarking_sbi_023/multirun/2024-11-21/01-06-32/12,12
233,gaussian_mixture,1000,8,NPE,968753501,0.61155,0.68915,0.0039970875,0.003988266,0.9687172,0.508,0.668,0.003721118,0.0035670996,0.92602575,-1.1632392406463623,0.3143162727355957,10.971219307860851,8.857202693103757,1000.0,/home/aaiuser/results/benchmarking_sbi_023/multirun/2024-11-21/01-06-32/21,21
234,gaussian_mixture,100000,1,NPE,386679978,0.5042,0.55715,0.00222826,0.0024814606,0.8960395,0.5035,0.537,0.0014822483,0.0018723011,0.91965795,-1.8828426599502563,23.39410400390625,8.190515400231366,6.319075135046478,100000.0,/home/aaiuser/results/benchmarking_sbi_023/multirun/2024-11-21/01-06-32/2,2
235,gaussian_mixture,10000,9,NPE,69054302,0.62885,0.65825,0.003015399,0.0030157566,1.0075662,0.5155,0.6305,0.0025912523,0.002592206,1.0176096,1.2302820682525635,3.309339650472005,10.953956317917518,9.562877095278772,10000.0,/home/aaiuser/results/benchmarking_sbi_023/multirun/2024-11-21/01-06-32/25,25
236,gaussian_mixture,100000,2,NPE,3366556195,0.53235,0.57395,0.0014817715,0.0014944077,0.96904314,0.502,0.555,0.0007946491,0.0007252693,0.9086654,-1.9438108205795288,11.134556070963542,12.594593439470358,10.542353558383837,100000.0,/home/aaiuser/results/benchmarking_sbi_023/multirun/2024-11-21/01-06-32/5,5
237,gaussian_mixture,10000,3,NPE,542955190,0.6049,0.65815,0.0022314787,0.002205968,0.94669366,0.567,0.6395,0.0025529861,0.0024365187,0.9670092,0.49543237686157227,2.9288431803385415,9.351295428394582,7.656370987996354,10000.0,/home/aaiuser/results/benchmarking_sbi_023/multirun/2024-11-21/01-06-32/7,7
238,gaussian_mixture,1000,1,NPE,3773783156,0.604,0.7256,0.0101104975,0.010701895,0.79514766,0.548,0.7195,0.008807421,0.009481072,0.77153224,0.022714847698807716,0.551202901204427,12.566191442593448,10.224793466855791,1000.0,/home/aaiuser/results/benchmarking_sbi_023/multirun/2024-11-21/01-06-32/0,0
239,gaussian_mixture,100000,3,NPE,3015136962,0.52285,0.5404,0.00076055527,0.0007559061,0.92508936,0.5135,0.519,0.001333952,0.0013206005,0.8510201,-0.18163259327411652,16.17008768717448,10.918500527409783,8.771087688455417,100000.0,/home/aaiuser/results/benchmarking_sbi_023/multirun/2024-11-21/01-06-32/8,8
240,gaussian_mixture,100000,6,NPE,1979319724,0.51205,0.5489,0.00052034855,0.0005315542,1.0165765,0.506,0.548,-0.00023257732,-0.00023305416,1.0824324,4.141719818115234,12.45805155436198,12.538865263507638,9.946832106725749,100000.0,/home/aaiuser/results/benchmarking_sbi_023/multirun/2024-11-21/01-06-32/17,17
241,gaussian_mixture,1000,6,NPE,3985825250,0.6454,0.6928,0.0025584698,0.0025514364,1.0075436,0.5755,0.6705,0.0017050505,0.0017200708,1.0355434,2.948774814605713,0.4601987520853678,13.026328685204271,11.093272077577753,1000.0,/home/aaiuser/results/benchmarking_sbi_023/multirun/2024-11-21/01-06-32/15,15
242,gaussian_mixture,100000,4,NPE,4002401898,0.5267,0.5485,0.0016151667,0.0016225576,0.9357353,0.51,0.538,0.0014544725,0.0013998747,0.88869846,-0.6018051505088806,11.540296427408855,10.119559921867413,6.2268294327521705,100000.0,/home/aaiuser/results/benchmarking_sbi_023/multirun/2024-11-21/01-06-32/11,11
243,gaussian_mixture,10000,7,NPE,2199208455,0.5341,0.62995,0.0021771193,0.0022015572,0.91474944,0.496,0.6225,0.0019446611,0.0019443035,0.92069054,3.760894775390625,3.687158711751302,11.09723652110984,9.263882181557697,10000.0,/home/aaiuser/results/benchmarking_sbi_023/multirun/2024-11-21/01-06-32/19,19
244,gaussian_mixture,1000,10,NPE,2626311657,0.6602,0.73145,0.024730682,0.025377154,0.7814392,0.536,0.7245,0.022047758,0.022545576,0.7887168,7.667928695678711,0.4924319585164388,10.94614799328843,8.66367604560654,1000.0,/home/aaiuser/results/benchmarking_sbi_023/multirun/2024-11-21/01-06-32/27,27
245,gaussian_mixture,10000,1,NPE,1708026265,0.51855,0.5613,0.0010027885,0.00095915794,0.77615416,0.5035,0.517,0.00073075294,0.000816226,0.74915093,-2.054443359375,5.318565368652344,8.6798097401491,7.871342107080905,10000.0,/home/aaiuser/results/benchmarking_sbi_023/multirun/2024-11-21/01-06-32/1,1
246,gaussian_mixture,1000,4,NPE,2835486953,0.58085,0.7083,0.008617163,0.008865476,0.93703383,0.534,0.688,0.0068678856,0.007225871,0.9480559,0.06789238005876541,0.41737705866495767,10.58782395695373,9.207900197169815,1000.0,/home/aaiuser/results/benchmarking_sbi_023/multirun/2024-11-21/01-06-32/9,9
247,gaussian_mixture,100000,9,NPE,1537989832,0.53555,0.5405,0.00056648254,0.0005669594,0.9916886,0.513,0.5145,0.00041866302,0.00041043758,0.98725134,0.8859755396842957,15.514699300130209,12.373923758635614,10.267287602512425,100000.0,/home/aaiuser/results/benchmarking_sbi_023/multirun/2024-11-21/01-06-32/26,26
248,gaussian_mixture,1000,2,NPE,1780577213,0.63375,0.71025,0.005498767,0.0058192015,0.93514836,0.5615,0.693,0.007289648,0.007700324,0.9577964,-1.0753358602523804,1.0940475463867188,11.176399586910339,9.445989165793275,1000.0,/home/aaiuser/results/benchmarking_sbi_023/multirun/2024-11-21/01-06-32/3,3
249,slcp,100000,10,NPE,1992354953,0.7828,0.7862,0.026797771,0.02636683,2.1365457,0.723,0.7435,0.023115635,0.021924138,2.1571984,3.105180501937866,44.46665852864583,21.990015279956175,21.596604390402085,100000.0,/home/aaiuser/results/benchmarking_sbi_023/multirun/2024-11-21/01-45-13/29,29
250,slcp,1000,7,NPE,1903294985,0.99235,0.99235,0.098718405,0.5468189,27.786716,0.981,0.9825,0.09324014,0.5391011,27.86449,7.943936347961426,0.14977668126424154,40.20823153760447,41.31183823492533,1000.0,/home/aaiuser/results/benchmarking_sbi_023/multirun/2024-11-21/01-45-13/18,18
251,slcp,100000,8,NPE,973235217,0.854,0.85365,0.008438468,0.089076936,24.560421,0.788,0.7975,0.0069390535,0.08368492,24.921654,1.0397831201553345,40.47171223958333,21.42838807938577,16.202198535715418,100000.0,/home/aaiuser/results/benchmarking_sbi_023/multirun/2024-11-21/01-45-13/23,23
252,slcp,10000,10,NPE,2840847862,0.8958,0.9048,0.12234533,0.12801701,2.305261,0.872,0.8775,0.11251217,0.1154508,2.32165,6.575711250305176,6.399378967285156,32.09263554712727,31.96533692623617,10000.0,/home/aaiuser/results/benchmarking_sbi_023/multirun/2024-11-21/01-45-13/28,28
253,slcp,10000,5,NPE,2567844313,0.8337,0.83845,0.023156166,0.05499029,22.69477,0.7935,0.783,0.018118262,0.04936552,22.855167,9.520369529724121,5.266817728678386,19.77691277758315,15.134454929470303,10000.0,/home/aaiuser/results/benchmarking_sbi_023/multirun/2024-11-21/01-45-13/13,13
254,slcp,10000,8,NPE,2621893389,0.90215,0.90485,0.03162062,0.23423642,25.522232,0.8555,0.8635,0.030503988,0.23843038,26.123772,0.2573360204696655,7.011854553222657,33.199190069930545,31.697812793044783,10000.0,/home/aaiuser/results/benchmarking_sbi_023/multirun/2024-11-21/01-45-13/22,22
255,slcp,1000,3,NPE,733899188,0.9652,0.9666,0.13213027,0.38403893,23.23512,0.9445,0.9345,0.12916768,0.39052302,22.89767,10.273987770080566,0.3416113535563151,41.335810705534556,37.544023756098404,1000.0,/home/aaiuser/results/benchmarking_sbi_023/multirun/2024-11-21/01-45-13/6,6
256,slcp,10000,6,NPE,3118879634,0.869,0.86795,0.03915465,0.10000318,11.441763,0.834,0.804,0.036683083,0.089671016,11.351681,4.044600963592529,4.736765543619792,28.22590040195516,14.783981131127117,10000.0,/home/aaiuser/results/benchmarking_sbi_023/multirun/2024-11-21/01-45-13/16,16
257,slcp,100000,5,NPE,3126578614,0.80225,0.80015,0.009586215,0.07676494,24.75306,0.755,0.749,0.008023381,0.07545042,24.201038,4.780986785888672,58.28603922526042,16.937064404718317,17.18470699444652,100000.0,/home/aaiuser/results/benchmarking_sbi_023/multirun/2024-11-21/01-45-13/14,14
258,slcp,10000,2,NPE,1502253531,0.9111,0.90785,0.06700337,0.23501301,23.45216,0.8775,0.875,0.064255714,0.21256739,23.855125,4.666859149932861,7.367200215657552,16.281986823499793,14.993976767255997,10000.0,/home/aaiuser/results/benchmarking_sbi_023/multirun/2024-11-21/01-45-13/4,4
259,slcp,100000,7,NPE,2688581189,0.90025,0.90165,0.034780264,0.2742749,29.522753,0.8645,0.8695,0.034743786,0.26358098,29.786903,7.421907424926758,57.05040690104167,15.960018606372754,13.501819238539351,100000.0,/home/aaiuser/results/benchmarking_sbi_023/multirun/2024-11-21/01-45-13/20,20
260,slcp,10000,4,NPE,364020889,0.9313,0.93605,0.104157805,0.22006124,3.2318842,0.8925,0.8995,0.10427135,0.22762293,3.221865,4.195405960083008,6.378839111328125,32.82962642862454,33.87643566513951,10000.0,/home/aaiuser/results/benchmarking_sbi_023/multirun/2024-11-21/01-45-13/10,10
261,slcp,1000,9,NPE,1489526498,0.9584,0.95965,0.1767866,0.36104918,10.527615,0.938,0.925,0.16373956,0.33418643,10.144579,8.491007804870605,0.22538013458251954,36.44740737337,34.85382717893051,1000.0,/home/aaiuser/results/benchmarking_sbi_023/multirun/2024-11-21/01-45-13/24,24
262,slcp,1000,5,NPE,2453198037,0.9563,0.9575,0.14317667,0.32353753,20.890835,0.934,0.9225,0.1441921,0.32824296,20.79331,12.913579940795898,0.20013972918192546,37.076792043862866,36.88735030338689,1000.0,/home/aaiuser/results/benchmarking_sbi_023/multirun/2024-11-21/01-45-13/12,12
263,slcp,1000,8,NPE,260802602,0.99055,0.9914,0.15097368,0.5180219,23.440742,0.982,0.981,0.15278578,0.5100636,24.109625,9.070398330688477,0.2207252820332845,38.84274405093557,38.89217320446013,1000.0,/home/aaiuser/results/benchmarking_sbi_023/multirun/2024-11-21/01-45-13/21,21
264,slcp,100000,1,NPE,612421693,0.8672,0.86275,0.020822287,0.12516159,19.711607,0.824,0.797,0.023071289,0.13089824,19.706188,6.67423152923584,61.05326741536458,18.502596434958555,12.628189080931039,100000.0,/home/aaiuser/results/benchmarking_sbi_023/multirun/2024-11-21/01-45-13/2,2
265,slcp,10000,9,NPE,3786879643,0.9084,0.9107,0.12568152,0.25578272,9.900931,0.883,0.871,0.12871397,0.25729108,10.039171,5.798222541809082,7.025576273600261,30.336154132850158,15.517009103412574,10000.0,/home/aaiuser/results/benchmarking_sbi_023/multirun/2024-11-21/01-45-13/25,25
266,slcp,100000,2,NPE,2448110452,0.91405,0.91085,0.06936896,0.29375046,23.764305,0.8915,0.8855,0.0669328,0.26832104,23.995306,4.44942045211792,51.62267252604167,15.542276735995863,13.5542292968369,100000.0,/home/aaiuser/results/benchmarking_sbi_023/multirun/2024-11-21/01-45-13/5,5
267,slcp,10000,3,NPE,2040401940,0.84815,0.8516,0.020510077,0.09419322,25.360987,0.817,0.795,0.017174125,0.09238553,25.30878,6.992262840270996,5.824932861328125,36.13496390724805,22.4800976420185,10000.0,/home/aaiuser/results/benchmarking_sbi_023/multirun/2024-11-21/01-45-13/7,7
268,slcp,1000,1,NPE,2815741063,0.98695,0.986,0.13028705,0.4043146,17.852306,0.976,0.9685,0.12493706,0.40846574,17.660625,14.815345764160156,0.3524235089619954,38.40552082332385,39.87494420930408,1000.0,/home/aaiuser/results/benchmarking_sbi_023/multirun/2024-11-21/01-45-13/0,0
269,slcp,100000,3,NPE,2269683980,0.80155,0.79385,0.007740259,0.06667936,26.534637,0.752,0.7245,0.007937908,0.073722005,26.606945,5.0732645988464355,61.2192626953125,16.86298112188042,12.934254144276828,100000.0,/home/aaiuser/results/benchmarking_sbi_023/multirun/2024-11-21/01-45-13/8,8
270,slcp,100000,6,NPE,2835433286,0.7864,0.78495,0.0020401478,0.0060352087,11.077685,0.7115,0.7115,0.0017632246,0.0061659813,11.316697,2.6948795318603516,52.538472493489586,20.63735239518707,13.928518834803109,100000.0,/home/aaiuser/results/benchmarking_sbi_023/multirun/2024-11-21/01-45-13/17,17
271,slcp,1000,6,NPE,25549737,0.96305,0.964,0.13042152,0.30161732,10.768225,0.946,0.93,0.13557482,0.30693185,10.76663,8.903581619262695,0.19767271677652995,35.56144801768274,37.01976362379368,1000.0,/home/aaiuser/results/benchmarking_sbi_023/multirun/2024-11-21/01-45-13/15,15
272,slcp,100000,4,NPE,3048181073,0.81885,0.8212,0.06353116,0.073087156,3.1599133,0.765,0.7815,0.06550717,0.07616764,3.0121393,0.5745462775230408,52.20232340494792,23.342209959612052,22.222242022418147,100000.0,/home/aaiuser/results/benchmarking_sbi_023/multirun/2024-11-21/01-45-13/11,11
273,slcp,10000,7,NPE,1478738267,0.9345,0.9373,0.050831914,0.24380106,30.173336,0.886,0.911,0.051155806,0.22444087,30.112545,14.701050758361816,5.323893229166667,35.625053854735256,34.4581983197869,10000.0,/home/aaiuser/results/benchmarking_sbi_023/multirun/2024-11-21/01-45-13/19,19
274,slcp,1000,10,NPE,1233928454,0.9731,0.97315,0.3711659,0.44802254,9.523428,0.95,0.936,0.36747757,0.44248146,9.782186,9.601170539855957,0.3406531016031901,35.474198313028644,36.551888612922845,1000.0,/home/aaiuser/results/benchmarking_sbi_023/multirun/2024-11-21/01-45-13/27,27
275,slcp,10000,1,NPE,2101300108,0.93675,0.9311,0.09375489,0.38223928,19.699745,0.914,0.901,0.09292698,0.39008826,19.95465,5.1769022941589355,7.443827819824219,36.89697772987536,27.594395097641215,10000.0,/home/aaiuser/results/benchmarking_sbi_023/multirun/2024-11-21/01-45-13/1,1
276,slcp,1000,4,NPE,4112469673,0.9902,0.98885,0.21558076,0.55623144,7.3741207,0.987,0.988,0.22101045,0.56734574,7.0941052,7.992393493652344,0.35972299575805666,35.24546423554961,33.994884663491895,1000.0,/home/aaiuser/results/benchmarking_sbi_023/multirun/2024-11-21/01-45-13/9,9
277,slcp,100000,9,NPE,4089173084,0.8283,0.8294,0.023058176,0.06541991,9.489943,0.7715,0.75,0.01920116,0.056129456,9.410265,3.977388858795166,60.14820149739583,29.126632555179818,12.55460345585898,100000.0,/home/aaiuser/results/benchmarking_sbi_023/multirun/2024-11-21/01-45-13/26,26
278,slcp,1000,2,NPE,4074212404,0.9825,0.98355,0.18147314,0.5276725,20.703398,0.9645,0.952,0.17646062,0.5089427,20.501236,12.319479942321777,0.3613081932067871,39.71859402528387,40.61838917254536,1000.0,/home/aaiuser/results/benchmarking_sbi_023/multirun/2024-11-21/01-45-13/3,3
279,two_moons,100000,10,NPE,1882186278,0.55245,0.58695,0.0030670166,0.003058672,0.09004791,0.4785,0.5475,0.0029826164,0.0030099154,0.08506219,-3.8522346019744873,19.31412150065104,inf,inf,100000.0,/home/aaiuser/results/benchmarking_sbi_023/multirun/2024-11-21/05-08-08/29,29
280,two_moons,1000,7,NPE,1820744472,0.6076,0.74905,0.0050218105,0.005022645,0.08616346,0.514,0.746,0.0053118467,0.0053163767,0.08719213,-3.211421251296997,0.4582936922709147,inf,inf,1000.0,/home/aaiuser/results/benchmarking_sbi_023/multirun/2024-11-21/05-08-08/18,18
281,two_moons,100000,8,NPE,2933779134,0.52275,0.55125,0.0006941557,0.00069761276,0.090197444,0.4915,0.532,-0.00026631355,-0.00026893616,0.09069453,-3.98982834815979,23.324015299479168,inf,inf,100000.0,/home/aaiuser/results/benchmarking_sbi_023/multirun/2024-11-21/05-08-08/23,23
282,two_moons,10000,10,NPE,1479543766,0.56725,0.65015,0.0017075539,0.0017023087,0.08809766,0.517,0.63,0.003160715,0.0031437874,0.09068523,-4.425980091094971,4.880252075195313,inf,inf,10000.0,/home/aaiuser/results/benchmarking_sbi_023/multirun/2024-11-21/05-08-08/28,28
283,two_moons,10000,5,NPE,1521599457,0.61645,0.6367,0.00063562393,0.00063574314,0.10536651,0.586,0.627,0.0008318424,0.0008330345,0.10622613,-4.442133903503418,7.05071055094401,inf,inf,10000.0,/home/aaiuser/results/benchmarking_sbi_023/multirun/2024-11-21/05-08-08/13,13
284,two_moons,10000,8,NPE,3105501447,0.6047,0.6754,0.0018897057,0.0019004345,0.09392741,0.5295,0.668,0.0036281347,0.0036176443,0.090195745,-3.714282751083374,7.117488606770833,,,10000.0,/home/aaiuser/results/benchmarking_sbi_023/multirun/2024-11-21/05-08-08/22,22
285,two_moons,1000,3,NPE,3960302800,0.6343,0.73715,0.0022503138,0.0022503138,0.104512304,0.524,0.6965,0.0018703938,0.0018626451,0.10032956,-2.9906394481658936,0.547579574584961,inf,inf,1000.0,/home/aaiuser/results/benchmarking_sbi_023/multirun/2024-11-21/05-08-08/6,6
286,two_moons,10000,6,NPE,3489659870,0.58555,0.6157,0.00030505657,0.000305295,0.09385222,0.5425,0.5815,0.00014293194,0.00014328957,0.10000272,-4.097131729125977,4.106903584798177,,,10000.0,/home/aaiuser/results/benchmarking_sbi_023/multirun/2024-11-21/05-08-08/16,16
287,two_moons,100000,5,NPE,2615534250,0.5245,0.5307,7.867813e-06,7.867813e-06,0.09657879,0.4665,0.4735,-0.00034999847,-0.00034976006,0.09498112,-4.733794689178467,22.97769571940104,inf,inf,100000.0,/home/aaiuser/results/benchmarking_sbi_023/multirun/2024-11-21/05-08-08/14,14
288,two_moons,10000,2,NPE,675461796,0.5463,0.54725,0.00011587143,0.00011587143,0.08998185,0.4945,0.489,-0.00040316582,-0.00040328503,0.088669375,-1.677575707435608,6.527845764160157,inf,inf,10000.0,/home/aaiuser/results/benchmarking_sbi_023/multirun/2024-11-21/05-08-08/4,4
289,two_moons,100000,7,NPE,2079641729,0.534,0.5673,0.0020616055,0.002066493,0.089629784,0.4835,0.5615,0.0023604631,0.0023636818,0.09095627,-3.955634117126465,22.42457478841146,,,100000.0,/home/aaiuser/results/benchmarking_sbi_023/multirun/2024-11-21/05-08-08/20,20
290,two_moons,10000,4,NPE,3753252985,0.55045,0.57345,0.0015633106,0.0015618205,0.09142238,0.519,0.549,0.00092208385,0.00092482567,0.09136521,-3.7010836601257324,5.115061442057292,inf,inf,10000.0,/home/aaiuser/results/benchmarking_sbi_023/multirun/2024-11-21/05-08-08/10,10
291,two_moons,1000,9,NPE,2205174507,0.6394,0.68495,0.0059601665,0.005962074,0.09867113,0.6185,0.662,0.0040471554,0.004049778,0.09904855,-3.826681613922119,0.6551427205403646,inf,inf,1000.0,/home/aaiuser/results/benchmarking_sbi_023/multirun/2024-11-21/05-08-08/24,24
292,two_moons,1000,5,NPE,1958467678,0.8144,0.8223,0.012488246,0.0124896765,0.09120533,0.782,0.7665,0.016310215,0.016322494,0.09118196,-5.5575714111328125,0.33229459126790367,inf,inf,1000.0,/home/aaiuser/results/benchmarking_sbi_023/multirun/2024-11-21/05-08-08/12,12
293,two_moons,1000,8,NPE,2752241315,0.66145,0.74675,0.015620828,0.015652657,0.10315272,0.626,0.7445,0.021026134,0.020946622,0.10527912,-4.2762451171875,0.4457154591878255,inf,inf,1000.0,/home/aaiuser/results/benchmarking_sbi_023/multirun/2024-11-21/05-08-08/21,21
294,two_moons,100000,1,NPE,1817434965,0.5061,0.5085,-3.7789345e-05,-3.7431717e-05,0.09179027,0.4735,0.473,-0.00041747093,-0.00041735172,0.09298512,-3.9186809062957764,21.719350179036457,inf,inf,100000.0,/home/aaiuser/results/benchmarking_sbi_023/multirun/2024-11-21/05-08-08/2,2
295,two_moons,10000,9,NPE,3350183669,0.5502,0.58975,0.0005136132,0.00051385164,0.08931295,0.5,0.5015,0.0011005402,0.0011003613,0.08648884,-4.028024673461914,5.230191548665364,inf,inf,10000.0,/home/aaiuser/results/benchmarking_sbi_023/multirun/2024-11-21/05-08-08/25,25
296,two_moons,100000,2,NPE,2118703567,0.5437,0.54175,-2.3841858e-07,-3.5762787e-07,0.09114377,0.504,0.509,-0.0003951788,-0.0003951788,0.09165612,-2.6342625617980957,19.11517333984375,inf,inf,100000.0,/home/aaiuser/results/benchmarking_sbi_023/multirun/2024-11-21/05-08-08/5,5
297,two_moons,10000,3,NPE,1349398049,0.5862,0.58695,0.00042891502,0.00042927265,0.09033781,0.497,0.5785,-0.00027692318,-0.0002771616,0.08828293,-2.4147584438323975,7.865956115722656,inf,inf,10000.0,/home/aaiuser/results/benchmarking_sbi_023/multirun/2024-11-21/05-08-08/7,7
298,two_moons,1000,1,NPE,3251931052,0.6053,0.62035,-2.4795532e-05,-2.4914742e-05,0.093044,0.5185,0.535,-0.00042915344,-0.00042951107,0.0917527,-3.2963767051696777,0.5843690872192383,,,1000.0,/home/aaiuser/results/benchmarking_sbi_023/multirun/2024-11-21/05-08-08/0,0
299,two_moons,100000,3,NPE,2514042584,0.52305,0.5453,0.00036108494,0.00036132336,0.08986731,0.4855,0.5215,-0.00012731552,-0.00013053417,0.08915777,-3.7695066928863525,19.545225016276042,inf,inf,100000.0,/home/aaiuser/results/benchmarking_sbi_023/multirun/2024-11-21/05-08-08/8,8
300,two_moons,100000,6,NPE,51810518,0.53,0.5329,0.00021469593,0.00021445751,0.08929242,0.489,0.512,-0.0001308918,-0.00012993813,0.0894647,-4.058207988739014,22.277726236979166,inf,inf,100000.0,/home/aaiuser/results/benchmarking_sbi_023/multirun/2024-11-21/05-08-08/17,17
301,two_moons,1000,6,NPE,336247696,0.68145,0.70305,0.0024579763,0.0024594069,0.0976987,0.5775,0.641,0.00094246864,0.00094008446,0.09525232,-3.4174602031707764,0.557114855448405,inf,inf,1000.0,/home/aaiuser/results/benchmarking_sbi_023/multirun/2024-11-21/05-08-08/15,15
302,two_moons,100000,4,NPE,3041993451,0.519,0.5224,0.0006662011,0.0006656647,0.08968184,0.5125,0.525,0.00034701824,0.00034582615,0.09064288,-3.241025447845459,20.099434407552085,inf,inf,100000.0,/home/aaiuser/results/benchmarking_sbi_023/multirun/2024-11-21/05-08-08/11,11
303,two_moons,10000,7,NPE,1706676086,0.6102,0.6714,0.0049954653,0.004984975,0.08947602,0.538,0.6655,0.0060089827,0.0060015917,0.08591336,-4.636571884155273,3.838147989908854,inf,inf,10000.0,/home/aaiuser/results/benchmarking_sbi_023/multirun/2024-11-21/05-08-08/19,19
304,two_moons,1000,10,NPE,2043209083,0.754,0.8597,0.036484003,0.036449313,0.10585672,0.703,0.8415,0.03389108,0.033762693,0.10847839,3.6083719730377197,0.8774503707885742,inf,inf,1000.0,/home/aaiuser/results/benchmarking_sbi_023/multirun/2024-11-21/05-08-08/27,27
305,two_moons,10000,1,NPE,2696694945,0.5654,0.56665,8.46386e-06,8.583069e-06,0.090939336,0.487,0.496,-0.00014603138,-0.00014615059,0.090263695,-3.8099048137664795,5.2631779988606775,inf,inf,10000.0,/home/aaiuser/results/benchmarking_sbi_023/multirun/2024-11-21/05-08-08/1,1
306,two_moons,1000,4,NPE,1341538676,0.6685,0.68595,0.0059782267,0.0059678555,0.09847699,0.572,0.599,-8.1181526e-05,-8.3208084e-05,0.10147245,-2.1416211128234863,0.6108779271443685,,,1000.0,/home/aaiuser/results/benchmarking_sbi_023/multirun/2024-11-21/05-08-08/9,9
307,two_moons,100000,9,NPE,2009469892,0.5308,0.5312,0.000772357,0.0007724762,0.08999879,0.519,0.532,0.00026607513,0.00026685,0.087234154,-4.19366979598999,15.696354166666667,inf,inf,100000.0,/home/aaiuser/results/benchmarking_sbi_023/multirun/2024-11-21/05-08-08/26,26
308,two_moons,1000,2,NPE,101591610,0.6076,0.634,0.000151515,0.0001513958,0.092828944,0.503,0.525,-3.6358833e-05,-3.683567e-05,0.08990803,-0.2626086175441742,0.7516382217407227,inf,inf,1000.0,/home/aaiuser/results/benchmarking_sbi_023/multirun/2024-11-21/05-08-08/3,3
309,bernoulli_glm,100000,10,SNPE,3299827358,0.52125,0.5127,0.0006271601,0.00061285496,14.6457,0.497,0.4995,0.00033140182,0.0003284216,14.825529,,3085.0838541666667,12.146848723525578,9.841764530824335,100000.0,/home/aaiuser/results/benchmarking_sbi_023/multirun/2024-11-21/05-55-33/29,29
310,bernoulli_glm,1000,7,SNPE,281112167,0.94835,0.93865,0.32110232,0.29387784,17.17986,0.924,0.9245,0.31758916,0.2851929,17.01303,,4.1501312255859375,11.219474920160275,8.916884731175191,1000.0,/home/aaiuser/results/benchmarking_sbi_023/multirun/2024-11-21/05-55-33/18,18
311,bernoulli_glm,100000,8,SNPE,2436987871,0.53105,0.52385,0.002224803,0.0016566515,10.007368,0.527,0.513,0.0026518106,0.001961708,10.027994,,3310.065885416667,11.535656251999626,9.227143800285756,100000.0,/home/aaiuser/results/benchmarking_sbi_023/multirun/2024-11-21/05-55-33/23,23
312,bernoulli_glm,10000,10,SNPE,1326783683,0.58005,0.5623,0.010816932,0.010371923,14.688128,0.5875,0.5335,0.010484338,0.01019609,14.77652,,62.669962565104164,12.25883808827539,9.958412763522674,10000.0,/home/aaiuser/results/benchmarking_sbi_023/multirun/2024-11-21/05-55-33/28,28
313,bernoulli_glm,10000,5,SNPE,2868167439,0.5919,0.57595,0.008580923,0.008565664,16.098837,0.606,0.585,0.011718631,0.011427999,16.0284,,52.963480631510414,12.547779265973318,10.264768631926522,10000.0,/home/aaiuser/results/benchmarking_sbi_023/multirun/2024-11-21/05-55-33/13,13
314,bernoulli_glm,10000,8,SNPE,2598908345,0.64525,0.62775,0.040137768,0.033622622,10.371865,0.624,0.625,0.04309988,0.036218286,10.529278,,47.18130289713542,11.886182620935818,9.520486820244066,10000.0,/home/aaiuser/results/benchmarking_sbi_023/multirun/2024-11-21/05-55-33/22,22
315,bernoulli_glm,1000,3,SNPE,765730852,0.93965,0.9269,0.40117186,0.37966824,12.357755,0.9095,0.8965,0.39859843,0.37547022,12.400318,,6.8406316121419275,11.884681278782146,9.592698968969735,1000.0,/home/aaiuser/results/benchmarking_sbi_023/multirun/2024-11-21/05-55-33/6,6
316,bernoulli_glm,10000,6,SNPE,2617489372,0.59725,0.574,0.021814346,0.019934177,13.588316,0.5935,0.5815,0.030329943,0.026583195,13.619778,,37.192683919270834,11.91108186273812,9.53264152861561,10000.0,/home/aaiuser/results/benchmarking_sbi_023/multirun/2024-11-21/05-55-33/16,16
317,bernoulli_glm,100000,5,SNPE,2731225882,0.5295,0.52425,0.0021694899,0.0022919178,15.71586,0.521,0.523,0.0025047064,0.0026682615,15.824668,,3352.1950520833334,12.660414898151855,10.387329304280511,100000.0,/home/aaiuser/results/benchmarking_sbi_023/multirun/2024-11-21/05-55-33/14,14
318,bernoulli_glm,10000,2,SNPE,13196469,0.55815,0.5473,0.003522873,0.003753066,11.747396,0.55,0.524,0.0023887157,0.0029183626,11.659306,,44.44397786458333,11.924171431671002,9.62249545223466,10000.0,/home/aaiuser/results/benchmarking_sbi_023/multirun/2024-11-21/05-55-33/4,4
319,bernoulli_glm,100000,7,SNPE,952856918,0.52825,0.528,0.0031775236,0.002910018,13.013878,0.539,0.5365,0.004579425,0.004245758,13.036411,,3170.206510416667,11.808615810433702,9.490317462141954,100000.0,/home/aaiuser/results/benchmarking_sbi_023/multirun/2024-11-21/05-55-33/20,20
320,bernoulli_glm,10000,4,SNPE,4077894543,0.69275,0.65265,0.09755814,0.0649637,10.73192,0.702,0.6785,0.10476291,0.068846464,10.612791,,44.014225260416666,12.074211172099853,9.737745198087683,10000.0,/home/aaiuser/results/benchmarking_sbi_023/multirun/2024-11-21/05-55-33/10,10
321,bernoulli_glm,1000,9,SNPE,2939852411,0.8713,0.83445,0.283224,0.21841264,11.181511,0.8535,0.8295,0.30243057,0.23145473,11.350504,,4.795204162597656,11.163796747933855,8.846270049512112,1000.0,/home/aaiuser/results/benchmarking_sbi_023/multirun/2024-11-21/05-55-33/24,24
322,bernoulli_glm,1000,5,SNPE,1764601971,0.7394,0.6928,0.026101947,0.024544,15.833394,0.6955,0.66,0.024436474,0.023408651,15.798275,,4.870250956217448,12.802311930617591,10.521194389113699,1000.0,/home/aaiuser/results/benchmarking_sbi_023/multirun/2024-11-21/05-55-33/12,12
323,bernoulli_glm,1000,8,SNPE,3664944071,0.9176,0.9051,0.45862728,0.35557145,12.291691,0.8975,0.8765,0.44543886,0.3472951,12.440599,,4.8014582316080725,10.801740252898792,8.439637837711375,1000.0,/home/aaiuser/results/benchmarking_sbi_023/multirun/2024-11-21/05-55-33/21,21
324,bernoulli_glm,100000,1,SNPE,2137482644,0.52225,0.5212,0.0015184879,0.0013649464,9.406376,0.54,0.5285,0.0027486086,0.002446413,9.275873,,3422.8494791666667,10.893206685708028,8.659655658004299,100000.0,/home/aaiuser/results/benchmarking_sbi_023/multirun/2024-11-21/05-55-33/2,2
325,bernoulli_glm,10000,9,SNPE,2296059032,0.65835,0.63065,0.063905716,0.05457294,9.999208,0.642,0.608,0.06692922,0.057781816,10.126207,,52.929117838541664,11.736661160932186,9.425148721813274,10000.0,/home/aaiuser/results/benchmarking_sbi_023/multirun/2024-11-21/05-55-33/25,25
326,bernoulli_glm,100000,2,SNPE,3448664728,0.53385,0.5292,0.0026391745,0.0027052164,11.792437,0.5455,0.528,0.002547264,0.0025475025,11.689999,,1865.2399739583334,11.91736931844202,9.571355244785074,100000.0,/home/aaiuser/results/benchmarking_sbi_023/multirun/2024-11-21/05-55-33/5,5
327,bernoulli_glm,10000,3,SNPE,1051526379,0.6676,0.6305,0.075222135,0.067116976,11.147609,0.679,0.6375,0.07465291,0.065210104,11.243472,,48.661474609375,12.113958124165933,9.769094417289493,10000.0,/home/aaiuser/results/benchmarking_sbi_023/multirun/2024-11-21/05-55-33/7,7
328,bernoulli_glm,1000,1,SNPE,16442580,0.97995,0.9765,0.8193878,0.7268726,17.244276,0.9775,0.9745,0.81663084,0.72637254,17.28717,,7.457701110839844,11.021898383524753,8.695303894998691,1000.0,/home/aaiuser/results/benchmarking_sbi_023/multirun/2024-11-21/05-55-33/0,0
329,bernoulli_glm,100000,3,SNPE,3164821104,0.5198,0.51975,0.0008094311,0.0007941723,10.490042,0.507,0.5015,0.00023436546,0.00017046928,10.398228,,3325.8802083333335,11.830063348923296,9.606412705767642,100000.0,/home/aaiuser/results/benchmarking_sbi_023/multirun/2024-11-21/05-55-33/8,8
330,bernoulli_glm,100000,6,SNPE,3620625051,0.5297,0.525,0.0031956434,0.0031967163,13.214186,0.529,0.531,0.0044589043,0.003944397,13.228053,,2025.5802083333333,12.121356341934524,9.872381228500167,100000.0,/home/aaiuser/results/benchmarking_sbi_023/multirun/2024-11-21/05-55-33/17,17
331,bernoulli_glm,1000,6,SNPE,3982089358,0.68715,0.6607,0.027543426,0.025538206,13.737286,0.6615,0.6435,0.028170705,0.025074363,13.499016,,4.056610107421875,11.79295379713474,9.52817463853889,1000.0,/home/aaiuser/results/benchmarking_sbi_023/multirun/2024-11-21/05-55-33/15,15
332,bernoulli_glm,100000,4,SNPE,2866206122,0.54355,0.5335,0.009358525,0.0069446564,10.245026,0.5545,0.55,0.013440609,0.009388089,10.439836,,3270.9234375,12.275913723854643,9.983625763341403,100000.0,/home/aaiuser/results/benchmarking_sbi_023/multirun/2024-11-21/05-55-33/11,11
333,bernoulli_glm,10000,7,SNPE,2845605875,0.56995,0.55585,0.007670045,0.007206917,12.984026,0.5495,0.5515,0.008417964,0.007701516,13.105062,,46.726542154947914,12.003492583943682,9.683997631080192,10000.0,/home/aaiuser/results/benchmarking_sbi_023/multirun/2024-11-21/05-55-33/19,19
334,bernoulli_glm,1000,10,SNPE,934773157,0.93505,0.91945,0.1550628,0.15196228,18.519648,0.9145,0.9045,0.15519589,0.15253103,18.320152,,5.603056335449219,12.75504845771919,10.499704141132808,1000.0,/home/aaiuser/results/benchmarking_sbi_023/multirun/2024-11-21/05-55-33/27,27
335,bernoulli_glm,10000,1,SNPE,3863510685,0.6562,0.6275,0.08034539,0.065037966,10.12668,0.6905,0.642,0.093155146,0.07636571,10.056124,,40.38046875,10.742698300200708,8.430209450408366,10000.0,/home/aaiuser/results/benchmarking_sbi_023/multirun/2024-11-21/05-55-33/1,1
336,bernoulli_glm,1000,4,SNPE,3833927797,0.9917,0.9922,1.0587287,0.9825039,25.762466,0.9885,0.9875,1.0516903,0.9727389,25.834982,,5.802804565429687,13.146051778626129,10.799471490043242,1000.0,/home/aaiuser/results/benchmarking_sbi_023/multirun/2024-11-21/05-55-33/9,9
337,bernoulli_glm,100000,9,SNPE,3837788180,0.54615,0.536,0.007612705,0.0070824623,9.774614,0.5345,0.531,0.008462429,0.0076543093,9.681461,,3191.66953125,11.545733061828809,9.268285548459442,100000.0,/home/aaiuser/results/benchmarking_sbi_023/multirun/2024-11-21/05-55-33/26,26
338,bernoulli_glm,1000,2,SNPE,766268462,0.6815,0.6567,0.0149947405,0.01558423,12.05369,0.6705,0.6385,0.014069796,0.014526367,11.966061,,5.501495361328125,11.809308920347481,9.571295791593416,1000.0,/home/aaiuser/results/benchmarking_sbi_023/multirun/2024-11-21/05-55-33/3,3
339,bernoulli_glm_raw,1000,7,SNPE,822165886,0.98485,0.98155,0.31072462,0.32624954,4.582576,0.9785,0.976,0.2992019,0.3169794,4.582576,,6.753380839029948,13.582314398066707,11.22100180971102,1000.0,/home/aaiuser/results/benchmarking_sbi_023/multirun/2024-11-23/15-10-20/18,18
340,bernoulli_glm_raw,10000,10,SNPE,2914885231,0.7293,0.6935,0.037228823,0.038490534,5.3851647,0.7225,0.688,0.033019066,0.033815384,5.3851647,,78.36900227864584,12.35179647613086,10.021946359807432,10000.0,/home/aaiuser/results/benchmarking_sbi_023/multirun/2024-11-23/15-10-20/28,28
341,bernoulli_glm_raw,10000,5,SNPE,102273342,0.75385,0.71295,0.045987725,0.047296762,5.5677643,0.7495,0.7355,0.050540566,0.051085472,5.5677643,,52.863224283854166,12.928467657655197,10.641105582441275,10000.0,/home/aaiuser/results/benchmarking_sbi_023/multirun/2024-11-23/15-10-20/13,13
342,bernoulli_glm_raw,10000,8,SNPE,2770722394,0.63905,0.6199,0.047992826,0.031981826,3.7416575,0.6325,0.6065,0.042594075,0.02931416,3.8729835,,67.66042887369791,11.62955192093499,9.35100086705366,10000.0,/home/aaiuser/results/benchmarking_sbi_023/multirun/2024-11-23/15-10-20/22,22
343,bernoulli_glm_raw,1000,3,SNPE,1121094669,0.93895,0.92555,0.21632713,0.21957773,4.1231055,0.9205,0.912,0.21889532,0.22214103,4.1231055,,7.096306355794271,12.262247144929468,9.94954517719388,1000.0,/home/aaiuser/results/benchmarking_sbi_023/multirun/2024-11-23/15-10-20/6,6
344,bernoulli_glm_raw,10000,6,SNPE,3867477984,0.6378,0.615,0.016203284,0.0142223835,4.8989797,0.6255,0.5975,0.020887852,0.017396212,4.8989797,,51.07392985026042,11.8986302848859,9.610798298380441,10000.0,/home/aaiuser/results/benchmarking_sbi_023/multirun/2024-11-23/15-10-20/16,16
345,bernoulli_glm_raw,10000,2,SNPE,3281320490,0.66535,0.64985,0.033296347,0.026471496,4.582576,0.661,0.6465,0.03882575,0.03126228,4.582576,,46.885188802083334,11.853817633570738,9.572379612315563,10000.0,/home/aaiuser/results/benchmarking_sbi_023/multirun/2024-11-23/15-10-20/4,4
346,bernoulli_glm_raw,10000,4,SNPE,2709938691,0.75405,0.7043,0.11623764,0.07171655,3.6055512,0.7325,0.7045,0.12796915,0.07874584,3.6055512,,69.56144205729167,12.445840838512915,10.140423667626221,10000.0,/home/aaiuser/results/benchmarking_sbi_023/multirun/2024-11-23/15-10-20/10,10
347,bernoulli_glm_raw,1000,9,SNPE,694283229,0.9232,0.9093,0.23581755,0.18050241,3.6055512,0.9075,0.8985,0.25464535,0.19534612,3.6055512,,4.984458923339844,12.790809163459866,10.481380434986187,1000.0,/home/aaiuser/results/benchmarking_sbi_023/multirun/2024-11-23/15-10-20/24,24
348,bernoulli_glm_raw,1000,5,SNPE,2142716367,0.9655,0.95865,0.24431586,0.24823374,5.5677643,0.955,0.9515,0.24647564,0.25001562,5.5677643,,4.724070231119792,13.56295549756035,11.283689467337414,1000.0,/home/aaiuser/results/benchmarking_sbi_023/multirun/2024-11-23/15-10-20/12,12
349,bernoulli_glm_raw,1000,8,SNPE,3276116215,0.9585,0.94975,0.37967318,0.3528307,4.1231055,0.943,0.9425,0.37111014,0.33930522,4.1231055,,4.626231384277344,12.490444645732317,10.239753339276602,1000.0,/home/aaiuser/results/benchmarking_sbi_023/multirun/2024-11-23/15-10-20/21,21
350,bernoulli_glm_raw,10000,9,SNPE,2887739961,0.6528,0.61555,0.017265558,0.017292976,3.3166249,0.599,0.565,0.015319824,0.01594305,3.3166249,,64.94800211588542,12.044836598668818,9.687018924273803,10000.0,/home/aaiuser/results/benchmarking_sbi_023/multirun/2024-11-23/15-10-20/25,25
351,bernoulli_glm_raw,10000,3,SNPE,1511443493,0.695,0.6686,0.027576566,0.024515748,3.7416575,0.7,0.678,0.028487206,0.02583623,3.7416575,,63.49809163411458,12.368859979004379,10.039874065423005,10000.0,/home/aaiuser/results/benchmarking_sbi_023/multirun/2024-11-23/15-10-20/7,7
352,bernoulli_glm_raw,1000,1,SNPE,209330296,0.9203,0.90445,0.2722528,0.23913682,3.8729835,0.8985,0.898,0.29954243,0.26507664,3.8729835,,5.720257568359375,12.19601023889675,9.887860585025388,1000.0,/home/aaiuser/results/benchmarking_sbi_023/multirun/2024-11-23/15-10-20/0,0
353,bernoulli_glm_raw,1000,6,SNPE,132096465,0.95885,0.9528,0.16973245,0.18948591,5.0,0.923,0.926,0.16786319,0.18551582,5.0,,4.713128662109375,13.750925315735289,11.413357804945257,1000.0,/home/aaiuser/results/benchmarking_sbi_023/multirun/2024-11-23/15-10-20/15,15
354,bernoulli_glm_raw,10000,7,SNPE,1803315475,0.74,0.69585,0.0433836,0.044156194,4.8989797,0.737,0.699,0.045917988,0.04663384,4.8989797,,66.179931640625,11.953266927257472,9.711440152689732,10000.0,/home/aaiuser/results/benchmarking_sbi_023/multirun/2024-11-23/15-10-20/19,19
355,bernoulli_glm_raw,1000,10,SNPE,827098824,0.9407,0.9297,0.11251819,0.11730206,5.477226,0.908,0.91,0.111397624,0.11640167,5.477226,,6.1421457926432295,12.887269656391592,10.601788678671635,1000.0,/home/aaiuser/results/benchmarking_sbi_023/multirun/2024-11-23/15-10-20/27,27
356,bernoulli_glm_raw,10000,1,SNPE,594835168,0.74885,0.7041,0.05655718,0.051849723,3.7416575,0.735,0.694,0.06504357,0.05886054,3.6055512,,65.50747884114584,11.663691423084238,9.381048671854861,10000.0,/home/aaiuser/results/benchmarking_sbi_023/multirun/2024-11-23/15-10-20/1,1
357,bernoulli_glm_raw,1000,4,SNPE,771059618,0.97305,0.9687,0.5278389,0.44379812,4.1231055,0.957,0.9575,0.5513307,0.46258122,4.1231055,,5.4297236124674475,13.564370293087471,11.274646194383903,1000.0,/home/aaiuser/results/benchmarking_sbi_023/multirun/2024-11-23/15-10-20/9,9
358,bernoulli_glm_raw,1000,2,SNPE,4079784694,0.9375,0.927,0.15334535,0.1689316,4.582576,0.9345,0.9215,0.15797067,0.17550123,4.582576,,6.468192036946615,12.391375753080888,10.067966539864903,1000.0,/home/aaiuser/results/benchmarking_sbi_023/multirun/2024-11-23/15-10-20/3,3
359,slcp_distractors,100000,10,REJ-ABC,3001555446,0.98225,0.9817,0.4772524,0.52657205,351.11636,0.956,0.951,0.46616194,0.52309644,354.0185,,0.48733908335367837,,,100000.0,/home/aaiuser/results/benchmarking_sbi_023/multirun/2024-12-08/08-49-14/29,29
360,slcp_distractors,1000,7,REJ-ABC,2914800044,0.99445,0.99305,0.13878667,0.55551827,1077.334,0.9815,0.985,0.14278412,0.5465756,1075.4587,,0.01048951546351115,,,1000.0,/home/aaiuser/results/benchmarking_sbi_023/multirun/2024-12-08/08-49-14/18,18
361,slcp_distractors,100000,8,REJ-ABC,2654497021,0.99545,0.99445,0.2414102,0.5709865,424.39978,0.9905,0.987,0.24688548,0.5759895,427.74707,,0.6247697194417318,,,100000.0,/home/aaiuser/results/benchmarking_sbi_023/multirun/2024-12-08/08-49-14/23,23
362,slcp_distractors,10000,10,REJ-ABC,3486594696,0.9848,0.9836,0.47754127,0.5275696,349.89844,0.962,0.961,0.4771709,0.5258053,355.56952,,0.05624381303787231,,,10000.0,/home/aaiuser/results/benchmarking_sbi_023/multirun/2024-12-08/08-49-14/28,28
363,slcp_distractors,10000,5,REJ-ABC,2707935545,0.9847,0.9842,0.089019895,0.28111517,897.497,0.975,0.9655,0.08429074,0.2702067,896.0815,,0.05187791188557943,,,10000.0,/home/aaiuser/results/benchmarking_sbi_023/multirun/2024-12-08/08-49-14/13,13
364,slcp_distractors,10000,8,REJ-ABC,1542726023,0.9943,0.99435,0.21098018,0.56191176,424.39374,0.988,0.986,0.20653164,0.5590264,425.68808,,0.05884920358657837,,,10000.0,/home/aaiuser/results/benchmarking_sbi_023/multirun/2024-12-08/08-49-14/22,22
365,slcp_distractors,1000,3,REJ-ABC,854464709,0.9862,0.9862,0.10908568,0.34472597,385.50626,0.9785,0.9685,0.10805225,0.34333968,380.4033,,0.13695446650187174,,,1000.0,/home/aaiuser/results/benchmarking_sbi_023/multirun/2024-12-08/08-49-14/6,6
366,slcp_distractors,10000,6,REJ-ABC,828454855,0.97885,0.97985,0.19275129,0.39026675,347.92096,0.9645,0.9545,0.19908106,0.3985939,345.6527,,0.056058092912038164,,,10000.0,/home/aaiuser/results/benchmarking_sbi_023/multirun/2024-12-08/08-49-14/16,16
367,slcp_distractors,100000,5,REJ-ABC,1484104044,0.9811,0.9833,0.10713196,0.30689657,897.4553,0.9655,0.9625,0.10421431,0.30245256,895.2392,,0.5398558934529623,,,100000.0,/home/aaiuser/results/benchmarking_sbi_023/multirun/2024-12-08/08-49-14/14,14
368,slcp_distractors,10000,2,REJ-ABC,436630549,0.9884,0.98785,0.2325927,0.4916538,379.5393,0.9735,0.968,0.22651982,0.4976223,381.4944,,0.1834498405456543,,,10000.0,/home/aaiuser/results/benchmarking_sbi_023/multirun/2024-12-08/08-49-14/4,4
369,slcp_distractors,100000,7,REJ-ABC,2435790472,0.99405,0.99295,0.13946128,0.55755365,1077.5144,0.987,0.988,0.14532602,0.56042296,1078.9875,,0.5045270919799805,,,100000.0,/home/aaiuser/results/benchmarking_sbi_023/multirun/2024-12-08/08-49-14/20,20
370,slcp_distractors,10000,4,REJ-ABC,3522043141,0.9923,0.9926,0.39005423,0.56614506,571.1592,0.9875,0.9865,0.39313337,0.5735962,568.1777,,0.07854892412821451,,,10000.0,/home/aaiuser/results/benchmarking_sbi_023/multirun/2024-12-08/08-49-14/10,10
371,slcp_distractors,1000,9,REJ-ABC,1122034845,0.97895,0.9783,0.2635467,0.4250812,711.8379,0.9585,0.939,0.2638802,0.42676842,709.2274,,0.009709382057189941,,,1000.0,/home/aaiuser/results/benchmarking_sbi_023/multirun/2024-12-08/08-49-14/24,24
372,slcp_distractors,1000,5,REJ-ABC,1956523926,0.9818,0.98275,0.08090532,0.29712301,897.16345,0.9635,0.9505,0.078382134,0.29553342,894.11865,,0.009328349431355795,,,1000.0,/home/aaiuser/results/benchmarking_sbi_023/multirun/2024-12-08/08-49-14/12,12
373,slcp_distractors,1000,8,REJ-ABC,3511662198,0.9942,0.99335,0.19831824,0.55350536,423.74597,0.986,0.981,0.1954248,0.55577385,422.53458,,0.010753826300303141,,,1000.0,/home/aaiuser/results/benchmarking_sbi_023/multirun/2024-12-08/08-49-14/21,21
374,slcp_distractors,100000,1,REJ-ABC,3244202663,0.99125,0.9891,0.12677324,0.4837026,894.10486,0.982,0.9765,0.13204217,0.50026953,892.6996,,0.7296333948771159,,,100000.0,/home/aaiuser/results/benchmarking_sbi_023/multirun/2024-12-08/08-49-14/2,2
375,slcp_distractors,10000,9,REJ-ABC,577858644,0.97865,0.9783,0.26128864,0.43088028,711.3668,0.9505,0.9305,0.25318998,0.41527423,709.8207,,0.05292137861251831,,,10000.0,/home/aaiuser/results/benchmarking_sbi_023/multirun/2024-12-08/08-49-14/25,25
376,slcp_distractors,100000,2,REJ-ABC,2271865246,0.9893,0.9911,0.26614565,0.536783,381.3688,0.975,0.9665,0.2545001,0.5206894,385.4265,,0.7152727762858073,,,100000.0,/home/aaiuser/results/benchmarking_sbi_023/multirun/2024-12-08/08-49-14/5,5
377,slcp_distractors,10000,3,REJ-ABC,2329306291,0.98545,0.98565,0.103518605,0.35499465,386.08075,0.967,0.955,0.094947934,0.325572,383.34656,,0.19341381390889487,,,10000.0,/home/aaiuser/results/benchmarking_sbi_023/multirun/2024-12-08/08-49-14/7,7
378,slcp_distractors,1000,1,REJ-ABC,1331807733,0.99125,0.99095,0.14140701,0.49355453,894.56116,0.98,0.9745,0.13434923,0.48125482,892.562,,0.12903927167256674,,,1000.0,/home/aaiuser/results/benchmarking_sbi_023/multirun/2024-12-08/08-49-14/0,0
379,slcp_distractors,100000,3,REJ-ABC,1448072383,0.9844,0.98485,0.09150672,0.32865846,386.7234,0.968,0.9545,0.088513136,0.3270176,384.55362,,0.6468919118245443,,,100000.0,/home/aaiuser/results/benchmarking_sbi_023/multirun/2024-12-08/08-49-14/8,8
380,slcp_distractors,100000,6,REJ-ABC,1175217016,0.9791,0.9792,0.20380187,0.39817378,344.86444,0.9675,0.9555,0.20005047,0.38466722,337.35962,,0.490949821472168,,,100000.0,/home/aaiuser/results/benchmarking_sbi_023/multirun/2024-12-08/08-49-14/17,17
381,slcp_distractors,1000,6,REJ-ABC,3141348459,0.983,0.9824,0.19230092,0.38526344,350.41977,0.969,0.9565,0.18600237,0.37093702,344.2025,,0.0164417823155721,,,1000.0,/home/aaiuser/results/benchmarking_sbi_023/multirun/2024-12-08/08-49-14/15,15
382,slcp_distractors,100000,4,REJ-ABC,1642823597,0.9921,0.99175,0.3850641,0.5690243,570.14197,0.9895,0.991,0.38668805,0.57568526,572.6887,,0.5311625162760417,,,100000.0,/home/aaiuser/results/benchmarking_sbi_023/multirun/2024-12-08/08-49-14/11,11
383,slcp_distractors,10000,7,REJ-ABC,1613236546,0.99405,0.9918,0.13398981,0.55081856,1077.3843,0.9855,0.982,0.1417867,0.5461256,1078.6311,,0.07232747872670492,,,10000.0,/home/aaiuser/results/benchmarking_sbi_023/multirun/2024-12-08/08-49-14/19,19
384,slcp_distractors,1000,10,REJ-ABC,1281529473,0.9843,0.98365,0.4925424,0.5369257,351.18353,0.959,0.96,0.4724573,0.51886326,349.04926,,0.012002893288930257,,,1000.0,/home/aaiuser/results/benchmarking_sbi_023/multirun/2024-12-08/08-49-14/27,27
385,slcp_distractors,10000,1,REJ-ABC,247680901,0.99035,0.98965,0.15021026,0.48563147,894.6776,0.9765,0.972,0.14822114,0.48654664,895.37726,,0.18581676483154297,,,10000.0,/home/aaiuser/results/benchmarking_sbi_023/multirun/2024-12-08/08-49-14/1,1
386,slcp_distractors,1000,4,REJ-ABC,1219637948,0.9929,0.9931,0.41033095,0.568903,572.1334,0.991,0.9895,0.41786313,0.57256544,571.1111,,0.13720480600992838,,,1000.0,/home/aaiuser/results/benchmarking_sbi_023/multirun/2024-12-08/08-49-14/9,9
387,slcp_distractors,100000,9,REJ-ABC,2522277505,0.9796,0.98035,0.21146303,0.36399207,712.5823,0.958,0.942,0.20885736,0.35744366,710.922,,0.569455909729004,,,100000.0,/home/aaiuser/results/benchmarking_sbi_023/multirun/2024-12-08/08-49-14/26,26
388,slcp_distractors,1000,2,REJ-ABC,123287124,0.989,0.9908,0.22725987,0.50840443,380.64832,0.974,0.97,0.23305988,0.50775665,377.85748,,0.1268572966257731,,,1000.0,/home/aaiuser/results/benchmarking_sbi_023/multirun/2024-12-08/08-49-14/3,3
389,gaussian_mixture,100000,10,SMC-ABC,1701906873,0.54115,0.65865,0.0034030676,0.0032458305,0.8413868,0.502,0.6365,0.003363967,0.0032570362,0.8719194,,0.08973995844523112,8.528582585331186,6.67359172992506,100000.0,/home/aaiuser/results/benchmarking_sbi_023/multirun/2024-12-08/10-33-36/29,29
390,gaussian_mixture,1000,7,SMC-ABC,3724239894,0.7227,0.82185,0.17390966,0.17391229,1.6593821,0.674,0.7905,0.14792818,0.14816117,1.601803,,0.008738529682159425,8.473137432243888,6.126775620785308,1000.0,/home/aaiuser/results/benchmarking_sbi_023/multirun/2024-12-08/10-33-36/18,18
391,gaussian_mixture,100000,8,SMC-ABC,2066762095,0.51195,0.663,0.0017023087,0.0017431974,0.9037031,0.497,0.63,0.0012788773,0.0013955832,0.85081613,,0.08454513549804688,7.408350186990786,7.399843305306257,100000.0,/home/aaiuser/results/benchmarking_sbi_023/multirun/2024-12-08/10-33-36/23,23
392,gaussian_mixture,10000,10,SMC-ABC,3851009934,0.59965,0.71305,0.028552532,0.028073192,0.60664177,0.5885,0.7165,0.028936863,0.028473735,0.6414926,,0.016156299908955892,9.813622252433857,8.568494808769152,10000.0,/home/aaiuser/results/benchmarking_sbi_023/multirun/2024-12-08/10-33-36/28,28
393,gaussian_mixture,10000,5,SMC-ABC,3477049087,0.6376,0.7177,0.029113531,0.028136492,0.6697919,0.6065,0.719,0.03391981,0.03340125,0.6151321,,0.015661978721618654,10.281365853075853,7.882188420413624,10000.0,/home/aaiuser/results/benchmarking_sbi_023/multirun/2024-12-08/10-33-36/13,13
394,gaussian_mixture,10000,8,SMC-ABC,3214740918,0.5718,0.75285,0.010108113,0.01010251,0.81675005,0.5515,0.7445,0.010881543,0.010813236,0.8654245,,0.019271218776702882,8.105426349023878,6.330774539204037,10000.0,/home/aaiuser/results/benchmarking_sbi_023/multirun/2024-12-08/10-33-36/22,22
395,gaussian_mixture,1000,3,SMC-ABC,1046473578,0.7889,0.8344,0.19176209,0.19182807,1.7588671,0.7265,0.786,0.15616149,0.15590227,1.6534733,,0.13070464134216309,10.444693049139918,7.975148724636475,1000.0,/home/aaiuser/results/benchmarking_sbi_023/multirun/2024-12-08/10-33-36/6,6
396,gaussian_mixture,10000,6,SMC-ABC,291435647,0.62565,0.7913,0.023266196,0.023339152,0.8618974,0.6295,0.7585,0.026030779,0.025908828,0.9258479,,0.016692280769348145,12.557007541871169,10.69605350651311,10000.0,/home/aaiuser/results/benchmarking_sbi_023/multirun/2024-12-08/10-33-36/16,16
397,gaussian_mixture,100000,5,SMC-ABC,1708988011,0.5965,0.66185,0.0029199123,0.0029046535,0.8587319,0.5215,0.635,0.0022528172,0.0022239685,0.8459072,,0.0759645144144694,7.836757555749797,5.092417104039029,100000.0,/home/aaiuser/results/benchmarking_sbi_023/multirun/2024-12-08/10-33-36/14,14
398,gaussian_mixture,10000,2,SMC-ABC,3004220349,0.62655,0.7473,0.01569426,0.015712023,0.9999234,0.5665,0.714,0.02045238,0.020473838,1.028852,,0.13701744079589845,10.458320721962359,7.074368266376205,10000.0,/home/aaiuser/results/benchmarking_sbi_023/multirun/2024-12-08/10-33-36/4,4
399,gaussian_mixture,100000,7,SMC-ABC,3254133387,0.51485,0.67395,0.0031945705,0.0034230947,1.0001216,0.472,0.651,0.0034769773,0.0035617352,1.0263026,,0.08247334162394206,7.504542924356931,7.844311276217017,100000.0,/home/aaiuser/results/benchmarking_sbi_023/multirun/2024-12-08/10-33-36/20,20
400,gaussian_mixture,10000,4,SMC-ABC,554471361,0.6768,0.727,0.04515636,0.045188904,0.6156019,0.6065,0.71,0.045959592,0.04597354,0.6630204,,0.019510825475056965,12.188493483502016,10.10878451665977,10000.0,/home/aaiuser/results/benchmarking_sbi_023/multirun/2024-12-08/10-33-36/10,10
401,gaussian_mixture,1000,9,SMC-ABC,1750878067,0.78255,0.78,0.29138696,0.2912905,2.1768775,0.7735,0.7745,0.27091163,0.27067196,2.1684937,,0.007520925998687744,10.839687376627108,8.60201455541039,1000.0,/home/aaiuser/results/benchmarking_sbi_023/multirun/2024-12-08/10-33-36/24,24
402,gaussian_mixture,1000,5,SMC-ABC,2951423439,0.7681,0.7698,0.26746097,0.26653942,1.8179947,0.737,0.764,0.26027313,0.2590849,1.8592212,,0.0076492706934611,9.903590647221689,7.788990524688704,1000.0,/home/aaiuser/results/benchmarking_sbi_023/multirun/2024-12-08/10-33-36/12,12
403,gaussian_mixture,1000,8,SMC-ABC,2887054622,0.7467,0.8373,0.16260457,0.16153795,1.5669873,0.7045,0.7805,0.1493547,0.14745289,1.5732741,,0.008779319127400716,10.44574314914163,7.989962504092238,1000.0,/home/aaiuser/results/benchmarking_sbi_023/multirun/2024-12-08/10-33-36/21,21
404,gaussian_mixture,100000,1,SMC-ABC,3519542322,0.52555,0.6524,0.0024325848,0.00232625,0.76176524,0.521,0.6305,0.0028592348,0.0026791096,0.7687633,,0.1963997522989909,9.388980243008222,5.907178616349707,100000.0,/home/aaiuser/results/benchmarking_sbi_023/multirun/2024-12-08/10-33-36/2,2
405,gaussian_mixture,10000,9,SMC-ABC,2802388663,0.7186,0.72385,0.072529554,0.07252383,0.43129683,0.7125,0.734,0.07275498,0.072731614,0.46351042,,0.01817260980606079,13.712326560859449,10.640126743948185,10000.0,/home/aaiuser/results/benchmarking_sbi_023/multirun/2024-12-08/10-33-36/25,25
406,gaussian_mixture,100000,2,SMC-ABC,3392314175,0.5849,0.6579,0.0032144785,0.0032440424,0.9695002,0.517,0.6455,0.0028270483,0.0029070377,0.95399034,,0.2157736301422119,8.936013388660383,6.58052082238033,100000.0,/home/aaiuser/results/benchmarking_sbi_023/multirun/2024-12-08/10-33-36/5,5
407,gaussian_mixture,10000,3,SMC-ABC,540200835,0.647,0.74235,0.019775152,0.01970756,0.79730785,0.634,0.745,0.019714475,0.0196141,0.7786443,,0.14232470194498698,9.457916443523093,7.526231659799855,10000.0,/home/aaiuser/results/benchmarking_sbi_023/multirun/2024-12-08/10-33-36/7,7
408,gaussian_mixture,1000,1,SMC-ABC,3761319800,0.7901,0.80515,0.34051532,0.34335017,1.9413812,0.7735,0.7955,0.341482,0.34412095,1.9770119,,0.1288573424021403,10.272006478782385,8.018045448333835,1000.0,/home/aaiuser/results/benchmarking_sbi_023/multirun/2024-12-08/10-33-36/0,0
409,gaussian_mixture,100000,3,SMC-ABC,1630944383,0.6123,0.66545,0.0072619915,0.007277727,1.0828207,0.5755,0.652,0.0060406923,0.006056428,1.0127265,,0.18858874638875325,7.795013002360986,7.784069408891031,100000.0,/home/aaiuser/results/benchmarking_sbi_023/multirun/2024-12-08/10-33-36/8,8
410,gaussian_mixture,100000,6,SMC-ABC,3509666325,0.5646,0.6608,0.0019549131,0.0019496679,0.96780276,0.5095,0.6175,0.002200961,0.0022141933,0.96697253,,0.06370524962743124,9.306564951771199,7.027701129622645,100000.0,/home/aaiuser/results/benchmarking_sbi_023/multirun/2024-12-08/10-33-36/17,17
411,gaussian_mixture,1000,6,SMC-ABC,1379180254,0.74605,0.75325,0.19933075,0.19947916,1.8219016,0.74,0.7495,0.19119203,0.19121963,1.8152322,,0.0076179027557373045,9.957767288065755,7.536304629979135,1000.0,/home/aaiuser/results/benchmarking_sbi_023/multirun/2024-12-08/10-33-36/15,15
412,gaussian_mixture,100000,4,SMC-ABC,345851309,0.52525,0.6678,0.0035271645,0.003471136,0.9264497,0.5275,0.652,0.0052428246,0.0052381754,0.9661095,,0.07739787101745606,8.29919139857674,9.213786925780289,100000.0,/home/aaiuser/results/benchmarking_sbi_023/multirun/2024-12-08/10-33-36/11,11
413,gaussian_mixture,10000,7,SMC-ABC,1584951353,0.62915,0.74165,0.027507663,0.027284145,0.68312967,0.5625,0.728,0.033321857,0.03327191,0.68399674,,0.022202348709106444,9.484889179409995,8.271952869770944,10000.0,/home/aaiuser/results/benchmarking_sbi_023/multirun/2024-12-08/10-33-36/19,19
414,gaussian_mixture,1000,10,SMC-ABC,2416429585,0.7729,0.8564,0.2835752,0.28815934,1.8468008,0.7675,0.833,0.27848643,0.28211528,1.8489373,,0.00842800537745158,10.206950277918903,7.932565651220796,1000.0,/home/aaiuser/results/benchmarking_sbi_023/multirun/2024-12-08/10-33-36/27,27
415,gaussian_mixture,10000,1,SMC-ABC,1327941183,0.61695,0.72905,0.01802206,0.017359614,0.65400565,0.5735,0.725,0.015919805,0.015345335,0.67945814,,0.137047545115153,11.33636559771858,8.1212774724087,10000.0,/home/aaiuser/results/benchmarking_sbi_023/multirun/2024-12-08/10-33-36/1,1
416,gaussian_mixture,1000,4,SMC-ABC,661328960,0.7575,0.7572,0.22794157,0.22694898,1.9058723,0.755,0.765,0.23997635,0.23952991,1.8406864,,0.1352872371673584,9.911641815979891,7.556255136941542,1000.0,/home/aaiuser/results/benchmarking_sbi_023/multirun/2024-12-08/10-33-36/9,9
417,gaussian_mixture,100000,9,SMC-ABC,1283550084,0.5749,0.6476,0.0059034824,0.0058716536,0.86306024,0.546,0.6115,0.0076258183,0.0074465275,0.7907839,,0.06491486628850301,9.351701469803013,9.268481488916345,100000.0,/home/aaiuser/results/benchmarking_sbi_023/multirun/2024-12-08/10-33-36/26,26
418,gaussian_mixture,1000,2,SMC-ABC,342085168,0.77045,0.7743,0.2667717,0.26481676,1.8315344,0.757,0.778,0.28568688,0.28354976,1.8512002,,0.13339662551879883,10.10161027740369,7.9149395425225775,1000.0,/home/aaiuser/results/benchmarking_sbi_023/multirun/2024-12-08/10-33-36/3,3
419,bernoulli_glm,100000,10,SMC-ABC,1140140664,0.8552,0.82515,0.078648865,0.079178095,19.24125,0.862,0.828,0.08278251,0.08291042,19.11066,,0.26424388885498046,11.067401820833195,8.773618052495877,100000.0,/home/aaiuser/results/benchmarking_sbi_023/multirun/2024-12-08/09-06-51/29,29
420,bernoulli_glm,1000,7,SMC-ABC,3320751293,0.98555,0.98115,0.32345936,0.32345602,25.636997,0.976,0.9795,0.32308182,0.3231499,25.744242,,0.013059063752492269,10.690215008387113,8.347805715603057,1000.0,/home/aaiuser/results/benchmarking_sbi_023/multirun/2024-12-08/09-06-51/18,18
421,bernoulli_glm,100000,8,SMC-ABC,1073765950,0.81405,0.7883,0.07489365,0.06682712,12.353035,0.799,0.754,0.064282715,0.060096502,12.415098,,0.32419020334879556,10.851784342105097,8.57600440529605,100000.0,/home/aaiuser/results/benchmarking_sbi_023/multirun/2024-12-08/09-06-51/23,23
422,bernoulli_glm,10000,10,SMC-ABC,1679417708,0.95535,0.9484,0.41908318,0.41814554,18.723408,0.933,0.9405,0.42116827,0.41865963,18.874691,,0.03208357095718384,13.109899788562458,10.777156087163657,10000.0,/home/aaiuser/results/benchmarking_sbi_023/multirun/2024-12-08/09-06-51/28,28
423,bernoulli_glm,10000,5,SMC-ABC,3559733748,0.8748,0.85195,0.037280917,0.037050605,16.577694,0.853,0.853,0.04313016,0.042306304,16.589037,,0.05055935382843017,12.091517095932861,9.77568883951654,10000.0,/home/aaiuser/results/benchmarking_sbi_023/multirun/2024-12-08/09-06-51/13,13
424,bernoulli_glm,10000,8,SMC-ABC,1948520659,0.9979,0.99895,0.6057255,0.59182936,11.546167,0.9955,0.9945,0.5798491,0.5679758,11.620882,,0.03284889856974284,13.14170020996047,10.823949413145098,10000.0,/home/aaiuser/results/benchmarking_sbi_023/multirun/2024-12-08/09-06-51/22,22
425,bernoulli_glm,1000,3,SMC-ABC,2006294689,0.992,0.99145,0.48201802,0.47561008,26.848728,0.992,0.9905,0.48306832,0.47584128,27.400766,,0.1285028616587321,10.308974260411016,8.051245868226317,1000.0,/home/aaiuser/results/benchmarking_sbi_023/multirun/2024-12-08/09-06-51/6,6
426,bernoulli_glm,10000,6,SMC-ABC,3519552323,0.99855,0.9989,0.14924622,0.14224577,11.794519,0.996,0.997,0.1544596,0.1459086,11.581713,,0.036968727906545006,12.40696641610922,10.11393970770783,10000.0,/home/aaiuser/results/benchmarking_sbi_023/multirun/2024-12-08/09-06-51/16,16
427,bernoulli_glm,100000,5,SMC-ABC,2513490020,0.8596,0.8275,0.09934592,0.09970552,18.9578,0.8655,0.8445,0.097844124,0.09770805,18.903404,,0.3574778238932292,11.111994512026955,8.853283312183343,100000.0,/home/aaiuser/results/benchmarking_sbi_023/multirun/2024-12-08/09-06-51/14,14
428,bernoulli_glm,10000,2,SMC-ABC,1227765711,0.90745,0.885,0.1190182,0.12742424,11.706822,0.893,0.895,0.12087929,0.1309998,11.672787,,0.17673374811808268,12.838292855445884,10.546827176558496,10000.0,/home/aaiuser/results/benchmarking_sbi_023/multirun/2024-12-08/09-06-51/4,4
429,bernoulli_glm,100000,7,SMC-ABC,2564651484,0.8764,0.85185,0.14953029,0.15033686,15.085733,0.8675,0.8515,0.15867317,0.1599648,14.923089,,0.2750878651936849,10.229644086206774,7.955060378429321,100000.0,/home/aaiuser/results/benchmarking_sbi_023/multirun/2024-12-08/09-06-51/20,20
430,bernoulli_glm,10000,4,SMC-ABC,3649029398,0.86355,0.84025,0.07620251,0.054401994,11.09387,0.8215,0.825,0.08185327,0.057861447,11.181811,,0.043793773651123045,12.386447642338258,10.04370830268638,10000.0,/home/aaiuser/results/benchmarking_sbi_023/multirun/2024-12-08/09-06-51/10,10
431,bernoulli_glm,1000,9,SMC-ABC,1315615629,0.9952,0.9937,0.45372462,0.43418914,25.038174,0.995,0.995,0.4620587,0.4419296,25.303974,,0.011714120705922445,10.450863596625558,8.219884343228353,1000.0,/home/aaiuser/results/benchmarking_sbi_023/multirun/2024-12-08/09-06-51/24,24
432,bernoulli_glm,1000,5,SMC-ABC,1969459814,0.9854,0.98155,0.36824852,0.38002583,27.611935,0.9785,0.9805,0.367105,0.37821856,27.521843,,0.009482749303181966,10.93787184962515,8.528908004259026,1000.0,/home/aaiuser/results/benchmarking_sbi_023/multirun/2024-12-08/09-06-51/12,12
433,bernoulli_glm,1000,8,SMC-ABC,4092295070,0.99025,0.98885,0.3852475,0.37619913,23.105202,0.9855,0.979,0.3791703,0.36665106,23.445145,,0.010866578420003254,10.475479439639592,8.36076321596715,1000.0,/home/aaiuser/results/benchmarking_sbi_023/multirun/2024-12-08/09-06-51/21,21
434,bernoulli_glm,100000,1,SMC-ABC,3624144218,0.8201,0.7773,0.07772267,0.06956351,12.023065,0.8065,0.763,0.08148366,0.071967125,11.838729,,0.44106391270955403,10.333022738036417,8.077431998642071,100000.0,/home/aaiuser/results/benchmarking_sbi_023/multirun/2024-12-08/09-06-51/2,2
435,bernoulli_glm,10000,9,SMC-ABC,169358567,0.99895,0.99955,0.2938069,0.2284509,9.869255,0.9945,0.996,0.30598712,0.23821926,9.972481,,0.0372881015141805,12.82483170315937,10.515582908101544,10000.0,/home/aaiuser/results/benchmarking_sbi_023/multirun/2024-12-08/09-06-51/25,25
436,bernoulli_glm,100000,2,SMC-ABC,2023615161,0.8571,0.8181,0.16169858,0.14916128,13.09107,0.843,0.799,0.17004544,0.15773869,13.100003,,0.48035806020100913,10.886624677860638,8.63432090128246,100000.0,/home/aaiuser/results/benchmarking_sbi_023/multirun/2024-12-08/09-06-51/5,5
437,bernoulli_glm,10000,3,SMC-ABC,2696815478,0.99915,0.99915,0.5115901,0.48554325,12.562959,0.9935,0.9955,0.49873734,0.47275108,12.706602,,0.19408197402954103,11.818776625336588,9.530260445670589,10000.0,/home/aaiuser/results/benchmarking_sbi_023/multirun/2024-12-08/09-06-51/7,7
438,bernoulli_glm,1000,1,SMC-ABC,2671818755,0.995,0.9944,0.66323334,0.6224618,26.874962,0.9905,0.9915,0.68527037,0.643541,27.229147,,0.1268286148707072,12.361532040045233,10.09309442353204,1000.0,/home/aaiuser/results/benchmarking_sbi_023/multirun/2024-12-08/09-06-51/0,0
439,bernoulli_glm,100000,3,SMC-ABC,4075271557,0.7881,0.7532,0.052772522,0.050827622,12.559086,0.775,0.7395,0.050687432,0.048762202,12.672997,,0.5733619689941406,10.894510139051704,8.772695706295304,100000.0,/home/aaiuser/results/benchmarking_sbi_023/multirun/2024-12-08/09-06-51/8,8
440,bernoulli_glm,100000,6,SMC-ABC,1557153492,0.8751,0.83855,0.16360265,0.1585443,15.468996,0.874,0.844,0.17201954,0.1659894,15.632327,,0.34575236638387047,10.719944578872944,8.365777102518,100000.0,/home/aaiuser/results/benchmarking_sbi_023/multirun/2024-12-08/09-06-51/17,17
441,bernoulli_glm,1000,6,SMC-ABC,1339839140,0.99195,0.9918,0.47435385,0.48231176,20.913654,0.9855,0.9845,0.48375952,0.49094862,20.9794,,0.012008885542551676,10.235456629421648,8.040398426520948,1000.0,/home/aaiuser/results/benchmarking_sbi_023/multirun/2024-12-08/09-06-51/15,15
442,bernoulli_glm,100000,4,SMC-ABC,1326960851,0.8433,0.8022,0.12793553,0.10304415,12.724243,0.826,0.788,0.12263489,0.09652597,12.566036,,0.31802988052368164,11.036064811979996,8.823874127055882,100000.0,/home/aaiuser/results/benchmarking_sbi_023/multirun/2024-12-08/09-06-51/11,11
443,bernoulli_glm,10000,7,SMC-ABC,1963778731,0.9376,0.92455,0.22396624,0.22612572,12.667801,0.907,0.9115,0.22973812,0.2301513,12.740598,,0.03503760099411011,12.181567020456546,9.869485116461442,10000.0,/home/aaiuser/results/benchmarking_sbi_023/multirun/2024-12-08/09-06-51/19,19
444,bernoulli_glm,1000,10,SMC-ABC,89318350,0.99525,0.99515,0.5002806,0.50347936,30.189465,0.9945,0.991,0.5068486,0.50861424,30.286491,,0.009746710459391275,9.565405400696568,7.3687015135884755,1000.0,/home/aaiuser/results/benchmarking_sbi_023/multirun/2024-12-08/09-06-51/27,27
445,bernoulli_glm,10000,1,SMC-ABC,3763567568,0.9969,0.9982,0.15382826,0.16126096,9.09638,0.992,0.993,0.15923798,0.1617806,9.066015,,0.16008001963297527,11.909860024523839,9.599580158593062,10000.0,/home/aaiuser/results/benchmarking_sbi_023/multirun/2024-12-08/09-06-51/1,1
446,bernoulli_glm,1000,4,SMC-ABC,3995399018,0.9817,0.9808,0.36002257,0.3325349,20.517426,0.9785,0.976,0.3739255,0.34382474,20.47029,,0.12516231536865235,11.174226691454384,8.946675822504433,1000.0,/home/aaiuser/results/benchmarking_sbi_023/multirun/2024-12-08/09-06-51/9,9
447,bernoulli_glm,100000,9,SMC-ABC,3830435800,0.80705,0.77015,0.08073342,0.06381267,11.901078,0.792,0.7315,0.08732295,0.068888664,11.729687,,0.34095563888549807,11.182201992494386,8.863175166794669,100000.0,/home/aaiuser/results/benchmarking_sbi_023/multirun/2024-12-08/09-06-51/26,26
448,bernoulli_glm,1000,2,SMC-ABC,1821669980,0.9863,0.98365,0.38034293,0.39491645,20.650099,0.978,0.9765,0.38743296,0.40300822,20.75698,,0.12700406710306802,11.102607400294065,9.024588819466738,1000.0,/home/aaiuser/results/benchmarking_sbi_023/multirun/2024-12-08/09-06-51/3,3
449,two_moons,100000,10,SMC-ABC,3791166883,0.50655,0.60195,4.6253204e-05,4.6133995e-05,0.088892885,0.4775,0.6,-0.00024330616,-0.00023961067,0.086165726,,0.06953021685282389,inf,inf,100000.0,/home/aaiuser/results/benchmarking_sbi_023/multirun/2024-12-08/11-01-37/29,29
450,two_moons,1000,7,SMC-ABC,172710475,0.75215,0.9086,0.01798451,0.018013358,0.12626404,0.6945,0.901,0.0135912895,0.0135884285,0.1297398,,0.008333977063496907,,,1000.0,/home/aaiuser/results/benchmarking_sbi_023/multirun/2024-12-08/11-01-37/18,18
451,two_moons,100000,8,SMC-ABC,4088193652,0.4966,0.63625,-3.0755997e-05,-3.0755997e-05,0.09211166,0.4955,0.6135,-0.0004849434,-0.00048613548,0.09385652,,0.06188734372456869,inf,inf,100000.0,/home/aaiuser/results/benchmarking_sbi_023/multirun/2024-12-08/11-01-37/23,23
452,two_moons,10000,10,SMC-ABC,2260064733,0.52,0.6778,0.0011993647,0.001196742,0.08831541,0.5135,0.6495,0.002218604,0.0021933317,0.090783164,,0.02091691493988037,,,10000.0,/home/aaiuser/results/benchmarking_sbi_023/multirun/2024-12-08/11-01-37/28,28
453,two_moons,10000,5,SMC-ABC,768200524,0.77955,0.78135,0.00018131733,0.00018119812,0.09337703,0.5185,0.6515,-0.00020086765,-0.00020074844,0.09263274,,0.024033633867899577,,,10000.0,/home/aaiuser/results/benchmarking_sbi_023/multirun/2024-12-08/11-01-37/13,13
454,two_moons,10000,8,SMC-ABC,3439083123,0.53355,0.69765,0.001786828,0.0017845631,0.090328105,0.5095,0.7015,0.00101161,0.0010159016,0.08781424,,0.01726913849512736,inf,inf,10000.0,/home/aaiuser/results/benchmarking_sbi_023/multirun/2024-12-08/11-01-37/22,22
455,two_moons,1000,3,SMC-ABC,2416805,0.86045,0.92125,0.0061126947,0.006111622,0.14696711,0.84,0.9125,0.006569743,0.0065532923,0.14501303,,0.12726990381876627,,,1000.0,/home/aaiuser/results/benchmarking_sbi_023/multirun/2024-12-08/11-01-37/6,6
456,two_moons,10000,6,SMC-ABC,1402561708,0.60275,0.67365,2.360344e-05,2.336502e-05,0.09402729,0.466,0.5505,-0.00048685074,-0.00048708916,0.09583989,,0.01886285940806071,inf,inf,10000.0,/home/aaiuser/results/benchmarking_sbi_023/multirun/2024-12-08/11-01-37/16,16
457,two_moons,100000,5,SMC-ABC,3611430457,0.76485,0.76315,0.0006059408,0.0006058216,0.094122395,0.522,0.56,0.0014601946,0.0014591217,0.09369683,,0.06878921190897623,inf,inf,100000.0,/home/aaiuser/results/benchmarking_sbi_023/multirun/2024-12-08/11-01-37/14,14
458,two_moons,10000,2,SMC-ABC,3655633044,0.67795,0.7235,0.001470089,0.0014691353,0.095759526,0.5255,0.526,0.0020411015,0.0020405054,0.09236331,,0.14459740320841472,inf,inf,10000.0,/home/aaiuser/results/benchmarking_sbi_023/multirun/2024-12-08/11-01-37/4,4
459,two_moons,100000,7,SMC-ABC,1529502278,0.50035,0.626,-2.7418137e-05,-2.7179718e-05,0.09015602,0.4885,0.5795,-0.00062966347,-0.0006297827,0.09291223,,0.05495784282684326,inf,inf,100000.0,/home/aaiuser/results/benchmarking_sbi_023/multirun/2024-12-08/11-01-37/20,20
460,two_moons,10000,4,SMC-ABC,2089181709,0.648,0.72005,0.013646781,0.013646543,0.09687784,0.5445,0.6135,0.009430289,0.0094406605,0.09790567,,0.028266215324401857,inf,inf,10000.0,/home/aaiuser/results/benchmarking_sbi_023/multirun/2024-12-08/11-01-37/10,10
461,two_moons,1000,9,SMC-ABC,3731733402,0.8935,0.9345,0.018492341,0.018491626,0.15134269,0.8705,0.927,0.017094612,0.01709497,0.15164942,,0.009589378039042156,,,1000.0,/home/aaiuser/results/benchmarking_sbi_023/multirun/2024-12-08/11-01-37/24,24
462,two_moons,1000,5,SMC-ABC,2861728733,0.9615,0.9623,0.0027581453,0.002758503,0.21445233,0.9575,0.9575,0.0036695004,0.0036696196,0.22087812,,0.008037245273590088,,,1000.0,/home/aaiuser/results/benchmarking_sbi_023/multirun/2024-12-08/11-01-37/12,12
463,two_moons,1000,8,SMC-ABC,2160023952,0.7608,0.86655,0.0038477182,0.0038614273,0.10955486,0.5955,0.8425,0.0013219118,0.0013099909,0.10744777,,0.008707912762959798,inf,inf,1000.0,/home/aaiuser/results/benchmarking_sbi_023/multirun/2024-12-08/11-01-37/21,21
464,two_moons,100000,1,SMC-ABC,2366934846,0.5645,0.64655,7.4625015e-05,7.4625015e-05,0.0952972,0.4995,0.503,-0.0004336834,-0.0004336834,0.09033588,,0.18728248278299967,inf,inf,100000.0,/home/aaiuser/results/benchmarking_sbi_023/multirun/2024-12-08/11-01-37/2,2
465,two_moons,10000,9,SMC-ABC,3429818986,0.67285,0.7284,0.00789386,0.007891715,0.09085814,0.5295,0.592,0.0069366097,0.0069340467,0.09259051,,0.032455718517303465,inf,inf,10000.0,/home/aaiuser/results/benchmarking_sbi_023/multirun/2024-12-08/11-01-37/25,25
466,two_moons,100000,2,SMC-ABC,1862537702,0.50285,0.6441,0.00019407272,0.0001938343,0.09277311,0.481,0.4845,-0.0003077984,-0.00030827522,0.09166156,,0.19266681671142577,inf,inf,100000.0,/home/aaiuser/results/benchmarking_sbi_023/multirun/2024-12-08/11-01-37/5,5
467,two_moons,10000,3,SMC-ABC,4209048131,0.5959,0.70345,0.0010851622,0.001085043,0.09764062,0.5095,0.6405,-0.00013923645,-0.0001411438,0.10069419,,0.13248496055603026,inf,inf,10000.0,/home/aaiuser/results/benchmarking_sbi_023/multirun/2024-12-08/11-01-37/7,7
468,two_moons,1000,1,SMC-ABC,2842348080,0.89655,0.91285,0.015604019,0.01560235,0.15651706,0.872,0.89,0.015665412,0.015659332,0.15418474,,0.12139373620351156,inf,inf,1000.0,/home/aaiuser/results/benchmarking_sbi_023/multirun/2024-12-08/11-01-37/0,0
469,two_moons,100000,3,SMC-ABC,2609535070,0.5617,0.66385,0.00010538101,0.00010538101,0.09286946,0.5245,0.589,0.00039827824,0.00040507317,0.09206635,,0.1819767157236735,inf,inf,100000.0,/home/aaiuser/results/benchmarking_sbi_023/multirun/2024-12-08/11-01-37/8,8
470,two_moons,100000,6,SMC-ABC,722572265,0.5559,0.70195,2.8848648e-05,2.861023e-05,0.093894534,0.4885,0.546,-0.00035619736,-0.00035607815,0.0928438,,0.06229750315348307,inf,inf,100000.0,/home/aaiuser/results/benchmarking_sbi_023/multirun/2024-12-08/11-01-37/17,17
471,two_moons,1000,6,SMC-ABC,1674884043,0.9154,0.93535,0.007443905,0.00744462,0.17308304,0.8865,0.927,0.007257223,0.0072592497,0.17177257,,0.005362443129221598,inf,inf,1000.0,/home/aaiuser/results/benchmarking_sbi_023/multirun/2024-12-08/11-01-37/15,15
472,two_moons,100000,4,SMC-ABC,2881447416,0.50575,0.68635,9.3758106e-05,9.3340874e-05,0.09254372,0.495,0.5,-0.00033783913,-0.00033700466,0.09398488,,0.07750009695688884,,,100000.0,/home/aaiuser/results/benchmarking_sbi_023/multirun/2024-12-08/11-01-37/11,11
473,two_moons,10000,7,SMC-ABC,2905112823,0.59535,0.6659,0.0022886992,0.0022909641,0.09169896,0.501,0.644,0.0012722015,0.0012710094,0.0912237,,0.020920976003011068,inf,inf,10000.0,/home/aaiuser/results/benchmarking_sbi_023/multirun/2024-12-08/11-01-37/19,19
474,two_moons,1000,10,SMC-ABC,3824061920,0.81665,0.9118,0.020308852,0.020330906,0.13078898,0.7565,0.901,0.025802493,0.025929928,0.12546837,,0.009075196584065755,inf,inf,1000.0,/home/aaiuser/results/benchmarking_sbi_023/multirun/2024-12-08/11-01-37/27,27
475,two_moons,10000,1,SMC-ABC,996027791,0.736,0.735,0.0044163465,0.0044168234,0.092785075,0.5395,0.5455,0.004802823,0.004803419,0.09518914,,0.13024099667867026,inf,inf,10000.0,/home/aaiuser/results/benchmarking_sbi_023/multirun/2024-12-08/11-01-37/1,1
476,two_moons,1000,4,SMC-ABC,2834941728,0.87545,0.8971,0.022212863,0.02225852,0.15475899,0.8525,0.8605,0.001948595,0.001957655,0.15425277,,0.1236892064412435,inf,inf,1000.0,/home/aaiuser/results/benchmarking_sbi_023/multirun/2024-12-08/11-01-37/9,9
477,two_moons,100000,9,SMC-ABC,2019886825,0.514,0.67495,0.0010492802,0.0010491014,0.09266353,0.512,0.523,0.0010356307,0.0010359883,0.089592025,,0.062032771110534665,inf,inf,100000.0,/home/aaiuser/results/benchmarking_sbi_023/multirun/2024-12-08/11-01-37/26,26
478,two_moons,1000,2,SMC-ABC,3809912770,0.92405,0.92665,0.0025525093,0.0025470257,0.166181,0.9025,0.904,0.0012439489,0.0012396574,0.16366395,,0.12201027075449626,,,1000.0,/home/aaiuser/results/benchmarking_sbi_023/multirun/2024-12-08/11-01-37/3,3
479,gaussian_linear,100000,10,REJ-ABC,2267321004,0.86705,0.8426,0.07535547,0.07530421,1.8034592,0.8185,0.8315,0.0751704,0.07545358,1.8273969,,0.010282214482625325,12.32716278446504,10.028189662760287,100000.0,/home/aaiuser/results/benchmarking_sbi_023/multirun/2024-12-08/07-34-23/29,29
480,gaussian_linear,1000,7,REJ-ABC,3516663306,0.9082,0.9045,0.12094039,0.12085855,1.7620032,0.877,0.876,0.11888313,0.11855644,1.7424337,,0.004856332143147787,12.811508968157087,10.50598150533824,1000.0,/home/aaiuser/results/benchmarking_sbi_023/multirun/2024-12-08/07-34-23/18,18
481,gaussian_linear,100000,8,REJ-ABC,2443956514,0.83875,0.82185,0.072924316,0.0732159,1.8583053,0.7935,0.7885,0.07355982,0.0763728,1.8576694,,0.007123192151387532,12.307181977698836,10.053065077125352,100000.0,/home/aaiuser/results/benchmarking_sbi_023/multirun/2024-12-08/07-34-23/23,23
482,gaussian_linear,10000,10,REJ-ABC,1733166667,0.8787,0.8696,0.09556466,0.09567088,1.8578227,0.848,0.8525,0.09420276,0.09525019,1.8805566,,0.008168665568033855,12.615928002377698,10.321999183443465,10000.0,/home/aaiuser/results/benchmarking_sbi_023/multirun/2024-12-08/07-34-23/28,28
483,gaussian_linear,10000,5,REJ-ABC,3623044889,0.8368,0.82535,0.03829062,0.03838694,1.5148152,0.782,0.789,0.037696302,0.038101792,1.5195407,,0.0054121255874633786,11.579378152921016,9.265170260236777,10000.0,/home/aaiuser/results/benchmarking_sbi_023/multirun/2024-12-08/07-34-23/13,13
484,gaussian_linear,10000,8,REJ-ABC,1558830598,0.9062,0.90155,0.13463539,0.13518703,1.9741863,0.8815,0.888,0.14082348,0.14764422,1.9738622,,0.004512886206309001,13.041694650488296,10.803794115513712,10000.0,/home/aaiuser/results/benchmarking_sbi_023/multirun/2024-12-08/07-34-23/22,22
485,gaussian_linear,1000,3,REJ-ABC,1872374785,0.91035,0.9093,0.12094253,0.120271266,1.8090425,0.871,0.894,0.11320168,0.11320454,1.7980092,,0.11630616188049317,12.874163829983955,10.530092739680871,1000.0,/home/aaiuser/results/benchmarking_sbi_023/multirun/2024-12-08/07-34-23/6,6
486,gaussian_linear,10000,6,REJ-ABC,1102056868,0.81545,0.8038,0.036192775,0.036170363,1.5197659,0.762,0.7575,0.039232492,0.039172173,1.535723,,0.004725460211435954,11.585720804570089,9.376046656456914,10000.0,/home/aaiuser/results/benchmarking_sbi_023/multirun/2024-12-08/07-34-23/16,16
487,gaussian_linear,100000,5,REJ-ABC,1211009723,0.789,0.7732,0.019668221,0.019764304,1.430503,0.719,0.738,0.021517396,0.021957159,1.4319155,,0.005398968855539958,10.93576023241496,8.739882719677578,100000.0,/home/aaiuser/results/benchmarking_sbi_023/multirun/2024-12-08/07-34-23/14,14
488,gaussian_linear,10000,2,REJ-ABC,3612120953,0.85305,0.84155,0.060890257,0.061021566,1.6745682,0.812,0.8185,0.064132094,0.06476599,1.6699673,,0.12736549377441406,12.103493258945203,9.839255011248614,10000.0,/home/aaiuser/results/benchmarking_sbi_023/multirun/2024-12-08/07-34-23/4,4
489,gaussian_linear,100000,7,REJ-ABC,899149292,0.82975,0.8199,0.048525333,0.048496485,1.6064892,0.77,0.78,0.049604535,0.049788773,1.6012856,,0.0063489794731140135,11.876536101292432,9.59394977466487,100000.0,/home/aaiuser/results/benchmarking_sbi_023/multirun/2024-12-08/07-34-23/20,20
490,gaussian_linear,10000,4,REJ-ABC,1233291606,0.89965,0.8889,0.12292975,0.12237364,1.9849612,0.856,0.866,0.12277311,0.121533215,1.9812584,,0.005807924270629883,12.887100178970941,10.5946463325373,10000.0,/home/aaiuser/results/benchmarking_sbi_023/multirun/2024-12-08/07-34-23/10,10
491,gaussian_linear,1000,9,REJ-ABC,559997733,0.891,0.8855,0.09370142,0.093657196,1.7336377,0.837,0.848,0.099134564,0.09880555,1.7626826,,0.004901019732157389,12.57727006597754,10.323031914496998,1000.0,/home/aaiuser/results/benchmarking_sbi_023/multirun/2024-12-08/07-34-23/24,24
492,gaussian_linear,1000,5,REJ-ABC,1599787576,0.8798,0.87325,0.071119666,0.07120806,1.600415,0.8485,0.8525,0.072960675,0.0731498,1.588544,,0.004705985387166341,12.135045116244472,9.852737794616392,1000.0,/home/aaiuser/results/benchmarking_sbi_023/multirun/2024-12-08/07-34-23/12,12
493,gaussian_linear,1000,8,REJ-ABC,2866809311,0.9401,0.93305,0.18420792,0.18494755,2.088457,0.9145,0.9145,0.18296325,0.19137573,2.0881572,,0.004453512032826742,13.316844967075212,11.0116815232567,1000.0,/home/aaiuser/results/benchmarking_sbi_023/multirun/2024-12-08/07-34-23/21,21
494,gaussian_linear,100000,1,REJ-ABC,2249082284,0.8086,0.78725,0.042700768,0.042830348,1.6772299,0.751,0.76,0.041844964,0.042426586,1.6782072,,0.12401046752929687,11.77988887559428,9.471206514819654,100000.0,/home/aaiuser/results/benchmarking_sbi_023/multirun/2024-12-08/07-34-23/2,2
495,gaussian_linear,10000,9,REJ-ABC,1400554424,0.86655,0.85695,0.07437378,0.074344635,1.6955175,0.8255,0.818,0.07337618,0.07287234,1.6801488,,0.004485785961151123,12.377152879749639,10.060285297222418,10000.0,/home/aaiuser/results/benchmarking_sbi_023/multirun/2024-12-08/07-34-23/25,25
496,gaussian_linear,100000,2,REJ-ABC,3144020478,0.80395,0.7852,0.038237333,0.038279653,1.6078035,0.764,0.7615,0.040231347,0.040544152,1.5917008,,0.12748490969340007,11.637168920435434,9.363145146479075,100000.0,/home/aaiuser/results/benchmarking_sbi_023/multirun/2024-12-08/07-34-23/5,5
497,gaussian_linear,10000,3,REJ-ABC,219331565,0.8672,0.85205,0.07109916,0.07088721,1.7108219,0.8225,0.83,0.07496071,0.07489121,1.7218987,,0.12085774739583334,12.203336806533207,10.021424487460523,10000.0,/home/aaiuser/results/benchmarking_sbi_023/multirun/2024-12-08/07-34-23/7,7
498,gaussian_linear,1000,1,REJ-ABC,4029984920,0.91595,0.91125,0.13299346,0.13321352,1.8747797,0.8905,0.9,0.13122839,0.13174152,1.8691959,,0.11745672225952149,13.012144635207255,10.68740425606698,1000.0,/home/aaiuser/results/benchmarking_sbi_023/multirun/2024-12-08/07-34-23/0,0
499,gaussian_linear,100000,3,REJ-ABC,426576116,0.80105,0.78525,0.03232622,0.03225708,1.6030697,0.7285,0.743,0.029496789,0.029713154,1.5827008,,0.11325211524963379,11.355285145092186,8.999396599806245,100000.0,/home/aaiuser/results/benchmarking_sbi_023/multirun/2024-12-08/07-34-23/8,8
500,gaussian_linear,100000,6,REJ-ABC,1102788001,0.78745,0.76925,0.021689892,0.021679997,1.4695044,0.712,0.7205,0.021660328,0.02153492,1.4795244,,0.005761953194936117,10.945756095432127,8.706778139137901,100000.0,/home/aaiuser/results/benchmarking_sbi_023/multirun/2024-12-08/07-34-23/17,17
501,gaussian_linear,1000,6,REJ-ABC,2694772300,0.8701,0.85945,0.06686717,0.06679946,1.5930144,0.8365,0.8415,0.06711286,0.06714833,1.576383,,0.004754714171091716,12.206671865961745,9.906406239023779,1000.0,/home/aaiuser/results/benchmarking_sbi_023/multirun/2024-12-08/07-34-23/15,15
502,gaussian_linear,100000,4,REJ-ABC,1844371596,0.88295,0.87075,0.09385085,0.093107045,1.9044752,0.837,0.844,0.096123695,0.0950436,1.8921216,,0.00545112689336141,12.661216094690454,10.390903700139987,100000.0,/home/aaiuser/results/benchmarking_sbi_023/multirun/2024-12-08/07-34-23/11,11
503,gaussian_linear,10000,7,REJ-ABC,287310957,0.8545,0.8453,0.05368924,0.053651452,1.6183711,0.811,0.8055,0.055027306,0.055322945,1.6042707,,0.004822937647501627,11.95122749156656,9.646630987806265,10000.0,/home/aaiuser/results/benchmarking_sbi_023/multirun/2024-12-08/07-34-23/19,19
504,gaussian_linear,1000,10,REJ-ABC,3605355046,0.9242,0.91765,0.1478793,0.14780593,1.9733702,0.8995,0.8905,0.14747947,0.1489923,1.967222,,0.004664794603983561,12.998793902553116,10.733326925126915,1000.0,/home/aaiuser/results/benchmarking_sbi_023/multirun/2024-12-08/07-34-23/27,27
505,gaussian_linear,10000,1,REJ-ABC,499284200,0.87395,0.86085,0.08114362,0.081382096,1.7885773,0.839,0.8435,0.0787074,0.07935697,1.8041513,,0.11713801225026449,12.358815706555335,10.006651943476403,10000.0,/home/aaiuser/results/benchmarking_sbi_023/multirun/2024-12-08/07-34-23/1,1
506,gaussian_linear,1000,4,REJ-ABC,2687775546,0.94835,0.94505,0.19887793,0.19768566,2.1157255,0.9185,0.9235,0.20201373,0.200064,2.1251965,,0.12574394543965658,13.439631970160107,11.147387589602362,1000.0,/home/aaiuser/results/benchmarking_sbi_023/multirun/2024-12-08/07-34-23/9,9
507,gaussian_linear,100000,9,REJ-ABC,1393499203,0.8107,0.79255,0.039470196,0.03939116,1.6124763,0.754,0.7705,0.03891194,0.038965464,1.6060498,,0.009019414583841959,11.654899654174077,9.338498818643412,100000.0,/home/aaiuser/results/benchmarking_sbi_023/multirun/2024-12-08/07-34-23/26,26
508,gaussian_linear,1000,2,REJ-ABC,1147855861,0.91375,0.9082,0.11682111,0.11699897,1.8119726,0.8905,0.901,0.12045145,0.12120396,1.7893088,,0.11603601773579915,12.737608190758838,10.443929607951018,1000.0,/home/aaiuser/results/benchmarking_sbi_023/multirun/2024-12-08/07-34-23/3,3
509,two_moons,100000,10,REJ-ABC,3110698903,0.53785,0.7201,0.00082981586,0.000831604,0.09393591,0.5035,0.708,0.002006054,0.0020126104,0.09610483,,0.008269019921620687,inf,inf,100000.0,/home/aaiuser/results/benchmarking_sbi_023/multirun/2024-12-08/08-58-42/29,29
510,two_moons,1000,7,REJ-ABC,3632265676,0.8996,0.966,0.13914448,0.13904715,0.19324397,0.8605,0.9535,0.13419175,0.13418788,0.19718522,,0.007188077767690023,inf,inf,1000.0,/home/aaiuser/results/benchmarking_sbi_023/multirun/2024-12-08/08-58-42/18,18
511,two_moons,100000,8,REJ-ABC,908943794,0.57425,0.71665,0.010675073,0.010687232,0.088664666,0.5365,0.727,0.016115546,0.016102672,0.08671359,,0.00830539067586263,inf,inf,100000.0,/home/aaiuser/results/benchmarking_sbi_023/multirun/2024-12-08/08-58-42/23,23
512,two_moons,10000,10,REJ-ABC,3756411793,0.76595,0.88205,0.008400083,0.00842154,0.10444932,0.6025,0.8605,0.008421302,0.008488655,0.10581511,,0.007079629103342692,inf,inf,10000.0,/home/aaiuser/results/benchmarking_sbi_023/multirun/2024-12-08/08-58-42/28,28
513,two_moons,10000,5,REJ-ABC,3403061351,0.8906,0.8908,0.00043046474,0.00043070316,0.11308421,0.867,0.863,6.055832e-05,5.9723854e-05,0.110379666,,0.0073276877403259276,,,10000.0,/home/aaiuser/results/benchmarking_sbi_023/multirun/2024-12-08/08-58-42/13,13
514,two_moons,10000,8,REJ-ABC,1746967874,0.71365,0.85925,0.008431792,0.008439064,0.097323194,0.5385,0.858,0.009429693,0.009402633,0.0953013,,0.007210743427276611,inf,inf,10000.0,/home/aaiuser/results/benchmarking_sbi_023/multirun/2024-12-08/08-58-42/22,22
515,two_moons,1000,3,REJ-ABC,1051742616,0.9374,0.9564,0.0069841146,0.0069874525,0.2125581,0.929,0.951,0.007793665,0.007839322,0.2210127,,0.10832562446594238,,,1000.0,/home/aaiuser/results/benchmarking_sbi_023/multirun/2024-12-08/08-58-42/6,6
516,two_moons,10000,6,REJ-ABC,1095575310,0.79045,0.86865,0.00063622,0.00063610077,0.10667679,0.617,0.8205,0.00010597706,0.000106334686,0.10536577,,0.00739662249883016,inf,inf,10000.0,/home/aaiuser/results/benchmarking_sbi_023/multirun/2024-12-08/08-58-42/16,16
517,two_moons,100000,5,REJ-ABC,1303958504,0.73365,0.73175,0.007524848,0.0075252056,0.093522236,0.53,0.53,0.0026938915,0.0026952028,0.09398777,,0.008391209443410238,inf,inf,100000.0,/home/aaiuser/results/benchmarking_sbi_023/multirun/2024-12-08/08-58-42/14,14
518,two_moons,10000,2,REJ-ABC,2297268571,0.8058,0.8273,0.0003848076,0.00038552284,0.10313027,0.5375,0.695,2.9444695e-05,3.0636787e-05,0.09992185,,0.1108048439025879,inf,inf,10000.0,/home/aaiuser/results/benchmarking_sbi_023/multirun/2024-12-08/08-58-42/4,4
519,two_moons,100000,7,REJ-ABC,3673640156,0.5442,0.71025,0.007204652,0.0071908236,0.0939443,0.5405,0.7035,0.008574724,0.008562207,0.092890814,,0.006473847230275472,inf,inf,100000.0,/home/aaiuser/results/benchmarking_sbi_023/multirun/2024-12-08/08-58-42/20,20
520,two_moons,10000,4,REJ-ABC,3391538514,0.76905,0.82005,0.006613493,0.0066151023,0.09817721,0.5165,0.7225,0.00028467178,0.0002837181,0.10048033,,0.007176792621612549,inf,inf,10000.0,/home/aaiuser/results/benchmarking_sbi_023/multirun/2024-12-08/08-58-42/10,10
521,two_moons,1000,9,REJ-ABC,2918691409,0.9374,0.95415,0.054733932,0.054737866,0.20059934,0.93,0.939,0.058205068,0.05822873,0.20333242,,0.005988959471384684,,,1000.0,/home/aaiuser/results/benchmarking_sbi_023/multirun/2024-12-08/08-58-42/24,24
522,two_moons,1000,5,REJ-ABC,3329240758,0.97425,0.9753,0.004794836,0.0047951937,0.25908792,0.9725,0.972,0.005504489,0.005509019,0.26173514,,0.007004384199778239,inf,inf,1000.0,/home/aaiuser/results/benchmarking_sbi_023/multirun/2024-12-08/08-58-42/12,12
523,two_moons,1000,8,REJ-ABC,424979440,0.92125,0.9578,0.06814778,0.06807804,0.19523215,0.833,0.951,0.06285828,0.063040555,0.19103917,,0.007285555203755696,inf,inf,1000.0,/home/aaiuser/results/benchmarking_sbi_023/multirun/2024-12-08/08-58-42/21,21
524,two_moons,100000,1,REJ-ABC,4183341623,0.55885,0.5309,0.0016766787,0.0016767979,0.088213146,0.5065,0.5345,4.374981e-05,4.4107437e-05,0.08794983,,0.1051482359568278,inf,inf,100000.0,/home/aaiuser/results/benchmarking_sbi_023/multirun/2024-12-08/08-58-42/2,2
525,two_moons,10000,9,REJ-ABC,1179900563,0.7622,0.8072,0.0018973947,0.0018974543,0.09857339,0.5655,0.8015,0.001023829,0.0010236502,0.099423915,,0.007263203461964925,inf,inf,10000.0,/home/aaiuser/results/benchmarking_sbi_023/multirun/2024-12-08/08-58-42/25,25
526,two_moons,100000,2,REJ-ABC,1234550849,0.5465,0.5509,0.00012767315,0.00012743473,0.091697186,0.5055,0.5555,0.00078845024,0.0007869005,0.09111819,,0.10499484539031982,inf,inf,100000.0,/home/aaiuser/results/benchmarking_sbi_023/multirun/2024-12-08/08-58-42/5,5
527,two_moons,10000,3,REJ-ABC,1113015482,0.69555,0.84195,0.00094366074,0.00094401836,0.102899075,0.56,0.8105,0.0010426044,0.0010534525,0.10187177,,0.1022118091583252,,,10000.0,/home/aaiuser/results/benchmarking_sbi_023/multirun/2024-12-08/08-58-42/7,7
528,two_moons,1000,1,REJ-ABC,3567761458,0.9063,0.93635,0.0043314695,0.004332781,0.18411969,0.894,0.902,0.0047489405,0.0047529936,0.18395936,,0.10394575595855712,,,1000.0,/home/aaiuser/results/benchmarking_sbi_023/multirun/2024-12-08/08-58-42/0,0
529,two_moons,100000,3,REJ-ABC,4001740690,0.55205,0.67465,0.00012791157,0.0001282692,0.096064076,0.486,0.574,-0.00043010712,-0.0004310608,0.092126295,,0.10598504543304443,inf,inf,100000.0,/home/aaiuser/results/benchmarking_sbi_023/multirun/2024-12-08/08-58-42/8,8
530,two_moons,100000,6,REJ-ABC,404969866,0.5918,0.6291,0.0019078255,0.001906395,0.089985326,0.5465,0.563,0.0022035837,0.0022057295,0.092789754,,0.008354489008585613,inf,inf,100000.0,/home/aaiuser/results/benchmarking_sbi_023/multirun/2024-12-08/08-58-42/17,17
531,two_moons,1000,6,REJ-ABC,1759331961,0.91675,0.9426,0.0020490885,0.002048254,0.19815297,0.9,0.931,0.001650095,0.0016533136,0.19568652,,0.006161967913309733,,,1000.0,/home/aaiuser/results/benchmarking_sbi_023/multirun/2024-12-08/08-58-42/15,15
532,two_moons,100000,4,REJ-ABC,559147404,0.61035,0.67265,0.004772663,0.004770279,0.09108563,0.5245,0.537,0.0014196634,0.0014230013,0.091239884,,0.008610947926839193,inf,inf,100000.0,/home/aaiuser/results/benchmarking_sbi_023/multirun/2024-12-08/08-58-42/11,11
533,two_moons,10000,7,REJ-ABC,2403012307,0.68605,0.8378,0.004891515,0.0048942566,0.10250367,0.499,0.8325,0.0019792318,0.0019812584,0.1029063,,0.007407061258951823,inf,inf,10000.0,/home/aaiuser/results/benchmarking_sbi_023/multirun/2024-12-08/08-58-42/19,19
534,two_moons,1000,10,REJ-ABC,146842524,0.9249,0.947,0.24484313,0.24463278,0.25956124,0.9245,0.9425,0.25565678,0.2552306,0.26048896,,0.008379634221394856,inf,inf,1000.0,/home/aaiuser/results/benchmarking_sbi_023/multirun/2024-12-08/08-58-42/27,27
535,two_moons,10000,1,REJ-ABC,809159449,0.80465,0.81095,0.0077137947,0.0077131987,0.09665716,0.574,0.573,0.00927496,0.009272456,0.09686884,,0.10446459452311198,,,10000.0,/home/aaiuser/results/benchmarking_sbi_023/multirun/2024-12-08/08-58-42/1,1
536,two_moons,1000,4,REJ-ABC,900100702,0.938,0.9448,0.07867384,0.07867426,0.21816964,0.925,0.9365,0.0054496527,0.005436778,0.21584506,,0.1053954283396403,,,1000.0,/home/aaiuser/results/benchmarking_sbi_023/multirun/2024-12-08/08-58-42/9,9
537,two_moons,100000,9,REJ-ABC,3008192963,0.6088,0.6627,0.0074883103,0.0074892044,0.090362564,0.5355,0.5925,0.006199777,0.006201327,0.09126924,,0.00872365633646647,inf,inf,100000.0,/home/aaiuser/results/benchmarking_sbi_023/multirun/2024-12-08/08-58-42/26,26
538,two_moons,1000,2,REJ-ABC,3273639736,0.91785,0.93255,0.0128622055,0.012852073,0.18681662,0.9065,0.891,0.013194561,0.013183355,0.19301534,,0.10697755018870035,inf,inf,1000.0,/home/aaiuser/results/benchmarking_sbi_023/multirun/2024-12-08/08-58-42/3,3
539,slcp,100000,10,SMC-ABC,622136082,0.959,0.97195,0.038410902,0.039957047,1.3579073,0.921,0.932,0.03601706,0.03575313,1.3783407,,0.1002289613087972,30.94945249622787,29.32339164852132,100000.0,/home/aaiuser/results/benchmarking_sbi_023/multirun/2024-12-08/10-40-05/29,29
540,slcp,1000,7,SMC-ABC,3411611505,0.9933,0.98945,0.08457279,0.52649224,28.446518,0.979,0.9695,0.07769132,0.5152731,28.534698,,0.005393707752227783,39.658957514025865,39.86352827070001,1000.0,/home/aaiuser/results/benchmarking_sbi_023/multirun/2024-12-08/10-40-05/18,18
541,slcp,100000,8,SMC-ABC,4055564453,0.9821,0.97985,0.092427015,0.46985435,23.95798,0.954,0.9565,0.09670353,0.4623624,23.965467,,0.08234682083129882,36.636532238742845,36.86213413477584,100000.0,/home/aaiuser/results/benchmarking_sbi_023/multirun/2024-12-08/10-40-05/23,23
542,slcp,10000,10,SMC-ABC,2986050339,0.9959,0.99855,0.051257014,0.054739118,1.2662392,0.9815,0.991,0.04470396,0.047703505,1.2759321,,0.03414223194122314,34.76621996786621,31.87121110752338,10000.0,/home/aaiuser/results/benchmarking_sbi_023/multirun/2024-12-08/10-40-05/28,28
543,slcp,10000,5,SMC-ABC,1054850467,0.95715,0.9629,0.06771767,0.11096215,19.702051,0.9345,0.9165,0.06446159,0.10624951,19.513868,,0.06310539245605469,38.0203295736903,38.45368469387325,10000.0,/home/aaiuser/results/benchmarking_sbi_023/multirun/2024-12-08/10-40-05/13,13
544,slcp,10000,8,SMC-ABC,3623279317,0.9854,0.98,0.09077966,0.50511384,23.543129,0.956,0.958,0.09125674,0.5050884,23.270533,,0.023563035329182944,37.4206234203053,36.835234657150096,10000.0,/home/aaiuser/results/benchmarking_sbi_023/multirun/2024-12-08/10-40-05/22,22
545,slcp,1000,3,SMC-ABC,1364369737,0.97965,0.9813,0.071504354,0.2577182,22.926968,0.963,0.9425,0.06485987,0.24625641,22.820974,,0.12689435482025146,39.59665901281638,39.83897309440577,1000.0,/home/aaiuser/results/benchmarking_sbi_023/multirun/2024-12-08/10-40-05/6,6
546,slcp,10000,6,SMC-ABC,2268757264,0.9473,0.94985,0.04979098,0.09214711,10.034743,0.922,0.9265,0.04192829,0.076328814,9.890879,,0.032365306218465166,34.47704901215185,33.56690593183291,10000.0,/home/aaiuser/results/benchmarking_sbi_023/multirun/2024-12-08/10-40-05/16,16
547,slcp,100000,5,SMC-ABC,3812070908,0.94665,0.95095,0.039541483,0.09773946,20.686644,0.918,0.9085,0.039061427,0.10319346,20.711922,,0.08398830890655518,37.294344395514045,37.143979363854974,100000.0,/home/aaiuser/results/benchmarking_sbi_023/multirun/2024-12-08/10-40-05/14,14
548,slcp,10000,2,SMC-ABC,2990078168,0.97215,0.97585,0.11438823,0.3815583,21.238829,0.96,0.9465,0.119743586,0.3730103,21.046562,,0.15771457354227703,37.71335531976168,36.40318251908838,10000.0,/home/aaiuser/results/benchmarking_sbi_023/multirun/2024-12-08/10-40-05/4,4
549,slcp,100000,7,SMC-ABC,2537216344,0.9876,0.9854,0.072185636,0.5163057,28.728298,0.9655,0.967,0.069271326,0.5162081,28.82843,,0.11164523760477701,35.76225225225314,35.04746934614642,100000.0,/home/aaiuser/results/benchmarking_sbi_023/multirun/2024-12-08/10-40-05/20,20
550,slcp,10000,4,SMC-ABC,2853658199,0.9674,0.9686,0.09183121,0.32017708,2.6506054,0.9525,0.955,0.08517933,0.33500713,2.6440363,,0.018385819594065347,31.067491589386194,31.116198674019152,10000.0,/home/aaiuser/results/benchmarking_sbi_023/multirun/2024-12-08/10-40-05/10,10
551,slcp,1000,9,SMC-ABC,2038317055,0.9726,0.97275,0.15048087,0.30059278,8.386312,0.954,0.9395,0.15232569,0.3040111,8.5044,,0.007591768105824789,36.58392700308109,37.269890891744716,1000.0,/home/aaiuser/results/benchmarking_sbi_023/multirun/2024-12-08/10-40-05/24,24
552,slcp,1000,5,SMC-ABC,3206564749,0.97615,0.97675,0.071925044,0.21239197,19.668896,0.967,0.955,0.07045591,0.21017653,19.64028,,0.00857539971669515,39.450025513607336,39.33556033122896,1000.0,/home/aaiuser/results/benchmarking_sbi_023/multirun/2024-12-08/10-40-05/12,12
553,slcp,1000,8,SMC-ABC,1583822328,0.9902,0.9886,0.09262061,0.4829895,23.006222,0.974,0.9695,0.091745615,0.48160678,23.072357,,0.0057473421096801754,39.79401818786893,41.48436985486569,1000.0,/home/aaiuser/results/benchmarking_sbi_023/multirun/2024-12-08/10-40-05/21,21
554,slcp,100000,1,SMC-ABC,2924438771,0.97945,0.97885,0.106959224,0.4248062,18.769268,0.9585,0.954,0.102404,0.42333192,18.747456,,0.21149001121520997,35.130209901992984,35.50057044757882,100000.0,/home/aaiuser/results/benchmarking_sbi_023/multirun/2024-12-08/10-40-05/2,2
555,slcp,10000,9,SMC-ABC,1504338063,0.9522,0.95395,0.08836615,0.15667987,7.237319,0.937,0.9265,0.09084356,0.16222936,7.3265524,,0.024279717604319254,35.83144945426852,35.50699127014533,10000.0,/home/aaiuser/results/benchmarking_sbi_023/multirun/2024-12-08/10-40-05/25,25
556,slcp,100000,2,SMC-ABC,744926889,0.9662,0.9696,0.12729752,0.39196664,21.501366,0.948,0.927,0.12596393,0.37899092,21.80582,,0.2022140661875407,36.62129881081992,38.24615493099621,100000.0,/home/aaiuser/results/benchmarking_sbi_023/multirun/2024-12-08/10-40-05/5,5
557,slcp,10000,3,SMC-ABC,35424184,0.9609,0.9619,0.02388215,0.09060067,23.383919,0.931,0.9215,0.023018599,0.09201872,23.427418,,0.1547918160756429,38.49001157499412,37.64232172418596,10000.0,/home/aaiuser/results/benchmarking_sbi_023/multirun/2024-12-08/10-40-05/7,7
558,slcp,1000,1,SMC-ABC,450998533,0.9869,0.9858,0.10529554,0.4167629,17.009298,0.9725,0.962,0.10217786,0.41507384,17.33762,,0.1340165615081787,38.87084824688517,37.102705847830975,1000.0,/home/aaiuser/results/benchmarking_sbi_023/multirun/2024-12-08/10-40-05/0,0
559,slcp,100000,3,SMC-ABC,2573363039,0.93665,0.9368,0.024236798,0.078882754,23.812323,0.9105,0.894,0.020699024,0.06972259,23.789738,,0.21468451817830403,38.52109630387295,36.83179123881134,100000.0,/home/aaiuser/results/benchmarking_sbi_023/multirun/2024-12-08/10-40-05/8,8
560,slcp,100000,6,SMC-ABC,3003075146,0.93775,0.9402,0.043148637,0.11459708,9.8122635,0.9125,0.9055,0.04398334,0.113378406,9.850256,,0.16424856185913086,35.038833728185715,34.278238107332236,100000.0,/home/aaiuser/results/benchmarking_sbi_023/multirun/2024-12-08/10-40-05/17,17
561,slcp,1000,6,SMC-ABC,2765739938,0.9805,0.9827,0.15286362,0.32664055,8.31382,0.9695,0.9645,0.14468884,0.3098157,8.341081,,0.0097000519434611,36.54228551074825,34.99111650109457,1000.0,/home/aaiuser/results/benchmarking_sbi_023/multirun/2024-12-08/10-40-05/15,15
562,slcp,100000,4,SMC-ABC,2400010519,0.96565,0.96665,0.09929991,0.32287627,2.6860728,0.9425,0.944,0.10125852,0.3313709,2.7398481,,0.0915194829305013,30.003617228587405,29.498353873685907,100000.0,/home/aaiuser/results/benchmarking_sbi_023/multirun/2024-12-08/10-40-05/11,11
563,slcp,10000,7,SMC-ABC,479196593,0.98995,0.98675,0.08318293,0.5310326,28.186153,0.97,0.974,0.0834353,0.5398759,28.01958,,0.043327669302622475,36.815454891233784,34.76305490191895,10000.0,/home/aaiuser/results/benchmarking_sbi_023/multirun/2024-12-08/10-40-05/19,19
564,slcp,1000,10,SMC-ABC,2212945186,0.9634,0.963,0.18252832,0.30491623,4.5601454,0.9275,0.9285,0.17177695,0.28419563,4.5860567,,0.008242066701253254,34.63289710393868,36.26801528780254,1000.0,/home/aaiuser/results/benchmarking_sbi_023/multirun/2024-12-08/10-40-05/27,27
565,slcp,10000,1,SMC-ABC,3758045969,0.98035,0.9779,0.13807178,0.4437031,18.787895,0.9615,0.9565,0.1406672,0.4487116,18.849371,,0.14955978393554686,36.20581795649723,35.08520897931547,10000.0,/home/aaiuser/results/benchmarking_sbi_023/multirun/2024-12-08/10-40-05/1,1
566,slcp,1000,4,SMC-ABC,2966654413,0.9872,0.9871,0.13724482,0.5282439,4.815997,0.981,0.984,0.14831948,0.5330316,4.802412,,0.1311326026916504,34.024262310462646,33.54667300026149,1000.0,/home/aaiuser/results/benchmarking_sbi_023/multirun/2024-12-08/10-40-05/9,9
567,slcp,100000,9,SMC-ABC,2462200626,0.94015,0.9429,0.07824981,0.14453584,7.664129,0.9175,0.9025,0.08069825,0.14886826,7.5491495,,0.10467544396718344,34.38535851318797,34.27792630350435,100000.0,/home/aaiuser/results/benchmarking_sbi_023/multirun/2024-12-08/10-40-05/26,26
568,slcp,1000,2,SMC-ABC,99016161,0.983,0.9832,0.18502438,0.4603353,21.033632,0.9635,0.9515,0.1852268,0.463146,21.258877,,0.13395509719848633,38.41612623380358,39.32051545603662,1000.0,/home/aaiuser/results/benchmarking_sbi_023/multirun/2024-12-08/10-40-05/3,3
569,gaussian_linear_uniform,100000,10,SMC-ABC,3789858269,0.8222,0.789,0.038819313,0.046319485,1.6003103,0.7845,0.759,0.042041063,0.051548064,1.6131209,,0.11188141504923503,5.224001442004485,3.977233051042677,100000.0,/home/aaiuser/results/benchmarking_sbi_023/multirun/2024-12-08/10-04-58/29,29
570,gaussian_linear_uniform,1000,7,SMC-ABC,1822757335,0.9495,0.9462,0.1819992,0.18686134,1.9668963,0.933,0.9325,0.17685717,0.18325359,1.953809,,0.0065898895263671875,5.971440573816585,4.474257760872289,1000.0,/home/aaiuser/results/benchmarking_sbi_023/multirun/2024-12-08/10-04-58/18,18
571,gaussian_linear_uniform,100000,8,SMC-ABC,4133872248,0.8347,0.8109,0.05707121,0.06978792,1.6245818,0.78,0.7875,0.053405285,0.065436184,1.6300623,,0.14616276423136393,5.78658444897289,4.1435640627849,100000.0,/home/aaiuser/results/benchmarking_sbi_023/multirun/2024-12-08/10-04-58/23,23
572,gaussian_linear_uniform,10000,10,SMC-ABC,282308413,0.9078,0.8938,0.17110837,0.15221453,1.520575,0.87,0.8645,0.17788672,0.15632558,1.5307875,,0.030519560972849528,8.3619894639956,6.202855304107315,10000.0,/home/aaiuser/results/benchmarking_sbi_023/multirun/2024-12-08/10-04-58/28,28
573,gaussian_linear_uniform,10000,5,SMC-ABC,2666527809,0.97785,0.97625,0.22892141,0.24544,1.3182452,0.9585,0.961,0.21884418,0.23632336,1.327159,,0.021141250928243,10.668374761024323,8.389262542447781,10000.0,/home/aaiuser/results/benchmarking_sbi_023/multirun/2024-12-08/10-04-58/13,13
574,gaussian_linear_uniform,10000,8,SMC-ABC,3570284791,0.913,0.9044,0.042950273,0.045862198,1.3382182,0.883,0.8905,0.04172969,0.0447613,1.340322,,0.03524202505747477,8.599251718268075,6.350090025017897,10000.0,/home/aaiuser/results/benchmarking_sbi_023/multirun/2024-12-08/10-04-58/22,22
575,gaussian_linear_uniform,1000,3,SMC-ABC,3190167371,0.994,0.9938,0.43594578,0.4880435,2.629258,0.993,0.9905,0.43594214,0.49012882,2.6228313,,0.13871866861979168,6.35220596173606,5.002698077568026,1000.0,/home/aaiuser/results/benchmarking_sbi_023/multirun/2024-12-08/10-04-58/6,6
576,gaussian_linear_uniform,10000,6,SMC-ABC,3763988843,0.96185,0.96015,0.11695778,0.110951066,1.3077757,0.93,0.946,0.11318469,0.1060797,1.2989928,,0.02414941390355428,9.971308571004792,7.638175122631193,10000.0,/home/aaiuser/results/benchmarking_sbi_023/multirun/2024-12-08/10-04-58/16,16
577,gaussian_linear_uniform,100000,5,SMC-ABC,2042427315,0.76485,0.73915,0.03056395,0.033931613,1.541899,0.7285,0.691,0.029972017,0.03425598,1.5316689,,0.14585053126017253,5.973708334476248,4.275905329689232,100000.0,/home/aaiuser/results/benchmarking_sbi_023/multirun/2024-12-08/10-04-58/14,14
578,gaussian_linear_uniform,10000,2,SMC-ABC,3345420796,0.95105,0.9479,0.21665537,0.19569945,1.5142281,0.94,0.944,0.22432733,0.20023501,1.5263566,,0.16776625315348306,10.327063072637726,8.066052328327695,10000.0,/home/aaiuser/results/benchmarking_sbi_023/multirun/2024-12-08/10-04-58/4,4
579,gaussian_linear_uniform,100000,7,SMC-ABC,1314215291,0.75545,0.71935,0.025477767,0.026981592,1.5310366,0.707,0.6945,0.025726557,0.027100444,1.5359883,,0.19314098358154297,5.588195513362361,4.0177477467477525,100000.0,/home/aaiuser/results/benchmarking_sbi_023/multirun/2024-12-08/10-04-58/20,20
580,gaussian_linear_uniform,10000,4,SMC-ABC,692108492,0.88755,0.87295,0.06946373,0.070068,1.5018816,0.842,0.8335,0.064986825,0.06431627,1.50302,,0.030743233362833657,7.663174053766346,5.448298394016004,10000.0,/home/aaiuser/results/benchmarking_sbi_023/multirun/2024-12-08/10-04-58/10,10
581,gaussian_linear_uniform,1000,9,SMC-ABC,1586425526,0.97495,0.9742,0.3192117,0.3282449,2.1471913,0.976,0.97,0.32013357,0.33048156,2.1645384,,0.0069340825080871586,6.0595475681398465,4.5744772398484255,1000.0,/home/aaiuser/results/benchmarking_sbi_023/multirun/2024-12-08/10-04-58/24,24
582,gaussian_linear_uniform,1000,5,SMC-ABC,4120264135,0.97125,0.96975,0.2932372,0.29153192,2.0079904,0.9625,0.9615,0.28109503,0.28198463,2.0261197,,0.0058794776598612465,7.0708064318239385,5.0611529177290135,1000.0,/home/aaiuser/results/benchmarking_sbi_023/multirun/2024-12-08/10-04-58/12,12
583,gaussian_linear_uniform,1000,8,SMC-ABC,1966048368,0.9878,0.98815,0.3933537,0.43223134,2.401483,0.985,0.978,0.38701156,0.42550617,2.3966808,,0.010136047999064127,6.848121509858998,5.113148138985677,1000.0,/home/aaiuser/results/benchmarking_sbi_023/multirun/2024-12-08/10-04-58/21,21
584,gaussian_linear_uniform,100000,1,SMC-ABC,931849996,0.8441,0.8192,0.04624319,0.05857414,1.6188,0.7805,0.768,0.0507949,0.058948398,1.6317067,,0.2839608828226725,5.299531079700151,3.9635040981804797,100000.0,/home/aaiuser/results/benchmarking_sbi_023/multirun/2024-12-08/10-04-58/2,2
585,gaussian_linear_uniform,10000,9,SMC-ABC,3868073286,0.88025,0.858,0.06310952,0.05863142,1.455128,0.8195,0.8265,0.061614633,0.057648897,1.4411314,,0.03388661543528239,7.89468212880727,5.7608818311967465,10000.0,/home/aaiuser/results/benchmarking_sbi_023/multirun/2024-12-08/10-04-58/25,25
586,gaussian_linear_uniform,100000,2,SMC-ABC,1653778747,0.8433,0.81435,0.042490423,0.06769359,1.6966662,0.7775,0.775,0.041000843,0.06557542,1.6918458,,0.27271944681803384,5.762346716523364,4.216259789344378,100000.0,/home/aaiuser/results/benchmarking_sbi_023/multirun/2024-12-08/10-04-58/5,5
587,gaussian_linear_uniform,10000,3,SMC-ABC,1005767254,0.90735,0.89045,0.03561592,0.033170342,1.472017,0.8485,0.8445,0.040988088,0.037673593,1.461065,,0.16943211555480958,6.4880269429365285,4.507519208653646,10000.0,/home/aaiuser/results/benchmarking_sbi_023/multirun/2024-12-08/10-04-58/7,7
588,gaussian_linear_uniform,1000,1,SMC-ABC,1318386273,0.9818,0.98125,0.31161836,0.3481857,2.2216878,0.979,0.975,0.31350097,0.34357968,2.2186818,,0.10820461908976237,6.177545217074393,4.722554030867326,1000.0,/home/aaiuser/results/benchmarking_sbi_023/multirun/2024-12-08/10-04-58/0,0
589,gaussian_linear_uniform,100000,3,SMC-ABC,4048879685,0.89805,0.8743,0.08608669,0.11503518,1.842021,0.855,0.8525,0.08546507,0.11367178,1.822526,,0.23058811823527017,5.086235409593042,4.042850896884439,100000.0,/home/aaiuser/results/benchmarking_sbi_023/multirun/2024-12-08/10-04-58/8,8
590,gaussian_linear_uniform,100000,6,SMC-ABC,3018146721,0.78795,0.7582,0.036435306,0.037556052,1.557303,0.741,0.719,0.03893119,0.04057765,1.54684,,0.12139374415079753,5.363021420859236,3.929123357413999,100000.0,/home/aaiuser/results/benchmarking_sbi_023/multirun/2024-12-08/10-04-58/17,17
591,gaussian_linear_uniform,1000,6,SMC-ABC,1988041096,0.96545,0.9611,0.24689656,0.26887524,2.0869846,0.957,0.9595,0.24571115,0.27059102,2.0703297,,0.005972548325856527,6.477129119833441,4.7342397243288294,1000.0,/home/aaiuser/results/benchmarking_sbi_023/multirun/2024-12-08/10-04-58/15,15
592,gaussian_linear_uniform,100000,4,SMC-ABC,103716987,0.7909,0.7624,0.030712783,0.03912276,1.58611,0.737,0.732,0.02972883,0.03728801,1.5912775,,0.12265407244364421,5.623153703614406,4.015426419210851,100000.0,/home/aaiuser/results/benchmarking_sbi_023/multirun/2024-12-08/10-04-58/11,11
593,gaussian_linear_uniform,10000,7,SMC-ABC,935310179,0.9096,0.9011,0.03756547,0.039491415,1.3214595,0.869,0.856,0.03547132,0.037342787,1.3112978,,0.022934722900390624,8.731809545302355,6.396612521601264,10000.0,/home/aaiuser/results/benchmarking_sbi_023/multirun/2024-12-08/10-04-58/19,19
594,gaussian_linear_uniform,1000,10,SMC-ABC,3006040127,0.9759,0.97575,0.30676758,0.34936216,2.201704,0.9715,0.962,0.31642312,0.35917792,2.2216244,,0.007476182778676351,7.143297251239092,5.264091693385144,1000.0,/home/aaiuser/results/benchmarking_sbi_023/multirun/2024-12-08/10-04-58/27,27
595,gaussian_linear_uniform,10000,1,SMC-ABC,1067174366,0.97305,0.97335,0.17242622,0.15670526,1.3169938,0.961,0.9635,0.17248166,0.1532867,1.2965181,,0.14789249102274576,9.199899050606897,6.927583935351322,10000.0,/home/aaiuser/results/benchmarking_sbi_023/multirun/2024-12-08/10-04-58/1,1
596,gaussian_linear_uniform,1000,4,SMC-ABC,204188964,0.9624,0.95835,0.19757468,0.23522502,2.0512502,0.9475,0.946,0.19777846,0.24028307,2.0398421,,0.13419588406880698,5.9571100049165535,4.53103665966171,1000.0,/home/aaiuser/results/benchmarking_sbi_023/multirun/2024-12-08/10-04-58/9,9
597,gaussian_linear_uniform,100000,9,SMC-ABC,278461437,0.80505,0.78315,0.044858336,0.04821354,1.5629377,0.7795,0.7605,0.042591453,0.044739246,1.5798254,,0.15454673767089844,5.567605986849793,4.085883030890061,100000.0,/home/aaiuser/results/benchmarking_sbi_023/multirun/2024-12-08/10-04-58/26,26
598,gaussian_linear_uniform,1000,2,SMC-ABC,692967207,0.94895,0.94235,0.17600685,0.25159484,2.0763903,0.922,0.9285,0.17243588,0.24880785,2.0693831,,0.1132569154103597,6.1707232305907125,4.69656571352982,1000.0,/home/aaiuser/results/benchmarking_sbi_023/multirun/2024-12-08/10-04-58/3,3
599,gaussian_linear_uniform,100000,10,REJ-ABC,4094504857,0.9281,0.9236,0.14089257,0.15712255,1.9144211,0.9115,0.9055,0.13752222,0.15475607,1.89554,,0.0058751662572224935,5.00241506708329,4.082755366162682,100000.0,/home/aaiuser/results/benchmarking_sbi_023/multirun/2024-12-08/08-04-21/29,29
600,gaussian_linear_uniform,1000,7,REJ-ABC,1246249917,0.97405,0.97195,0.25634497,0.27461806,2.2052283,0.9655,0.9645,0.25161982,0.26799995,2.2118716,,0.004866409301757813,5.434399066871553,4.3088088239012405,1000.0,/home/aaiuser/results/benchmarking_sbi_023/multirun/2024-12-08/08-04-21/18,18
601,gaussian_linear_uniform,100000,8,REJ-ABC,1790573619,0.93795,0.9322,0.16108549,0.18465823,1.9237342,0.912,0.8945,0.15588033,0.17575198,1.9112161,,0.009005455176035564,5.196872452683856,4.209939813830686,100000.0,/home/aaiuser/results/benchmarking_sbi_023/multirun/2024-12-08/08-04-21/23,23
602,gaussian_linear_uniform,10000,10,REJ-ABC,3669883103,0.95145,0.9478,0.20281327,0.23547083,2.0585537,0.937,0.9395,0.20256728,0.2342791,2.060326,,0.004852259159088134,5.442530258300609,4.341763728626202,10000.0,/home/aaiuser/results/benchmarking_sbi_023/multirun/2024-12-08/08-04-21/28,28
603,gaussian_linear_uniform,10000,5,REJ-ABC,4210397115,0.9324,0.92335,0.15555191,0.17186773,1.9333968,0.9075,0.917,0.14956743,0.16764003,1.9400394,,0.004599841435750326,5.708050686201347,4.3139544106895045,10000.0,/home/aaiuser/results/benchmarking_sbi_023/multirun/2024-12-08/08-04-21/13,13
604,gaussian_linear_uniform,10000,8,REJ-ABC,2669031800,0.95615,0.9539,0.22101015,0.24555266,2.0737805,0.935,0.927,0.2097975,0.23197222,2.0627112,,0.004523956775665283,4.985721575397063,4.2352418019322755,10000.0,/home/aaiuser/results/benchmarking_sbi_023/multirun/2024-12-08/08-04-21/22,22
605,gaussian_linear_uniform,1000,3,REJ-ABC,239785284,0.9901,0.9887,0.42271423,0.4849945,2.7262871,0.991,0.9845,0.4198156,0.4862125,2.7167485,,0.12372050285339356,5.592387976269769,4.792544995235235,1000.0,/home/aaiuser/results/benchmarking_sbi_023/multirun/2024-12-08/08-04-21/6,6
606,gaussian_linear_uniform,10000,6,REJ-ABC,3440711833,0.9383,0.9319,0.16521215,0.1742174,1.9411206,0.9175,0.919,0.16776705,0.17889458,1.9532002,,0.00487293004989624,5.357551233477777,4.23389727981273,10000.0,/home/aaiuser/results/benchmarking_sbi_023/multirun/2024-12-08/08-04-21/16,16
607,gaussian_linear_uniform,100000,5,REJ-ABC,1844263142,0.87475,0.86075,0.09009218,0.101285875,1.7564462,0.8315,0.8435,0.08641654,0.0965299,1.7591271,,0.005534160137176514,5.792011978871964,4.246045959289424,100000.0,/home/aaiuser/results/benchmarking_sbi_023/multirun/2024-12-08/08-04-21/14,14
608,gaussian_linear_uniform,10000,2,REJ-ABC,3683246863,0.95225,0.95055,0.18437237,0.24058491,2.1279035,0.918,0.9265,0.17513639,0.22751623,2.0966954,,0.13088471094767254,5.355951686571116,4.307283826438985,10000.0,/home/aaiuser/results/benchmarking_sbi_023/multirun/2024-12-08/08-04-21/4,4
609,gaussian_linear_uniform,100000,7,REJ-ABC,3899845817,0.88,0.866,0.08680874,0.09478718,1.7629862,0.843,0.8395,0.08653754,0.09467822,1.7551129,,0.009159334500630696,5.503939469896909,4.155907002972387,100000.0,/home/aaiuser/results/benchmarking_sbi_023/multirun/2024-12-08/08-04-21/20,20
610,gaussian_linear_uniform,10000,4,REJ-ABC,490522859,0.93565,0.92905,0.15334195,0.18168682,1.9899187,0.922,0.926,0.16060561,0.19379318,2.0200276,,0.00804362694422404,5.527943778636922,4.334072758218379,10000.0,/home/aaiuser/results/benchmarking_sbi_023/multirun/2024-12-08/08-04-21/10,10
611,gaussian_linear_uniform,1000,9,REJ-ABC,2203964236,0.9778,0.9763,0.3337106,0.3532361,2.3398278,0.9715,0.973,0.3300162,0.34874433,2.359909,,0.004652992884318034,5.344002906832475,4.515498838046755,1000.0,/home/aaiuser/results/benchmarking_sbi_023/multirun/2024-12-08/08-04-21/24,24
612,gaussian_linear_uniform,1000,5,REJ-ABC,3411208823,0.9669,0.96305,0.25272894,0.27379915,2.1649022,0.9625,0.962,0.25822824,0.27925763,2.163714,,0.004589740435282389,5.643457074735096,4.449870546359239,1000.0,/home/aaiuser/results/benchmarking_sbi_023/multirun/2024-12-08/08-04-21/12,12
613,gaussian_linear_uniform,1000,8,REJ-ABC,3916353044,0.9871,0.98665,0.3653071,0.40123534,2.4299972,0.9805,0.98,0.36232048,0.39603487,2.4373572,,0.004615302880605062,5.456958833394185,4.582585357958291,1000.0,/home/aaiuser/results/benchmarking_sbi_023/multirun/2024-12-08/08-04-21/21,21
614,gaussian_linear_uniform,100000,1,REJ-ABC,2306197029,0.941,0.9324,0.14415234,0.17306072,1.9189892,0.92,0.923,0.15441006,0.17917907,1.954328,,0.123617951075236,5.013167086403612,4.1646809308125174,100000.0,/home/aaiuser/results/benchmarking_sbi_023/multirun/2024-12-08/08-04-21/2,2
615,gaussian_linear_uniform,10000,9,REJ-ABC,1173447269,0.9552,0.94795,0.20889747,0.21995485,2.0167027,0.9385,0.933,0.20053136,0.20864642,2.0080395,,0.004590276877085368,4.966724018769206,4.186486546773574,10000.0,/home/aaiuser/results/benchmarking_sbi_023/multirun/2024-12-08/08-04-21/25,25
616,gaussian_linear_uniform,100000,2,REJ-ABC,1241611625,0.93225,0.9243,0.11836517,0.16695082,1.9517661,0.885,0.8895,0.11686969,0.16309774,1.9474012,,0.12380817731221518,5.129063751053124,4.133308271198792,100000.0,/home/aaiuser/results/benchmarking_sbi_023/multirun/2024-12-08/08-04-21/5,5
617,gaussian_linear_uniform,10000,3,REJ-ABC,2549215546,0.97855,0.9766,0.29195857,0.368205,2.3554106,0.9675,0.966,0.299425,0.38088766,2.3771348,,0.12206412156422933,5.148426716561522,4.54860882916824,10000.0,/home/aaiuser/results/benchmarking_sbi_023/multirun/2024-12-08/08-04-21/7,7
618,gaussian_linear_uniform,1000,1,REJ-ABC,2275314345,0.9824,0.9818,0.3333015,0.39424095,2.3757324,0.97,0.968,0.33118743,0.38446543,2.3535733,,0.12580251693725586,5.759057282289953,4.62029261350951,1000.0,/home/aaiuser/results/benchmarking_sbi_023/multirun/2024-12-08/08-04-21/0,0
619,gaussian_linear_uniform,100000,3,REJ-ABC,1405845990,0.96265,0.95705,0.20839173,0.2700843,2.1438823,0.938,0.9325,0.20941937,0.26902178,2.1505718,,0.12443127632141113,5.017399498529348,4.323367807541369,100000.0,/home/aaiuser/results/benchmarking_sbi_023/multirun/2024-12-08/08-04-21/8,8
620,gaussian_linear_uniform,100000,6,REJ-ABC,1538195630,0.8975,0.88275,0.101589024,0.11029297,1.7649362,0.864,0.854,0.09892666,0.10901171,1.7618029,,0.0055930495262146,5.474820193990026,4.122431894032331,100000.0,/home/aaiuser/results/benchmarking_sbi_023/multirun/2024-12-08/08-04-21/17,17
621,gaussian_linear_uniform,1000,6,REJ-ABC,3902907049,0.97295,0.9705,0.28704202,0.31172124,2.250701,0.9635,0.9575,0.2946208,0.32226133,2.2477374,,0.004672213395436605,5.498513099233223,4.434742891170472,1000.0,/home/aaiuser/results/benchmarking_sbi_023/multirun/2024-12-08/08-04-21/15,15
622,gaussian_linear_uniform,100000,4,REJ-ABC,454264668,0.8953,0.8841,0.089956045,0.10587525,1.8169324,0.855,0.856,0.08357304,0.10145289,1.807684,,0.005937230587005615,5.146692527431012,4.0360610509915,100000.0,/home/aaiuser/results/benchmarking_sbi_023/multirun/2024-12-08/08-04-21/11,11
623,gaussian_linear_uniform,10000,7,REJ-ABC,1802660772,0.9138,0.9077,0.13111031,0.13713664,1.8907695,0.9095,0.898,0.13115925,0.13770014,1.894465,,0.004927623271942139,5.332298995017486,4.185001964930072,10000.0,/home/aaiuser/results/benchmarking_sbi_023/multirun/2024-12-08/08-04-21/19,19
624,gaussian_linear_uniform,1000,10,REJ-ABC,3576403762,0.98335,0.9805,0.3348349,0.37946045,2.4098635,0.9765,0.975,0.33905178,0.38388076,2.418301,,0.004949438571929932,5.397130857132194,4.484611358884744,1000.0,/home/aaiuser/results/benchmarking_sbi_023/multirun/2024-12-08/08-04-21/27,27
625,gaussian_linear_uniform,10000,1,REJ-ABC,2603518334,0.9607,0.95215,0.21977592,0.2512015,2.1057162,0.9395,0.939,0.21993959,0.24663311,2.0838337,,0.1297812779744466,5.204499367887473,4.281211605953112,10000.0,/home/aaiuser/results/benchmarking_sbi_023/multirun/2024-12-08/08-04-21/1,1
626,gaussian_linear_uniform,1000,4,REJ-ABC,2379793672,0.96485,0.96275,0.23774856,0.28117695,2.21174,0.944,0.954,0.23687154,0.28104022,2.2036238,,0.1224030335744222,5.432608108294026,4.2828230980825195,1000.0,/home/aaiuser/results/benchmarking_sbi_023/multirun/2024-12-08/08-04-21/9,9
627,gaussian_linear_uniform,100000,9,REJ-ABC,1216179261,0.92845,0.92105,0.1509862,0.15820676,1.8809593,0.9005,0.902,0.14301968,0.15079206,1.8865105,,0.005320632457733154,4.858794522154216,4.037504932859099,100000.0,/home/aaiuser/results/benchmarking_sbi_023/multirun/2024-12-08/08-04-21/26,26
628,gaussian_linear_uniform,1000,2,REJ-ABC,1174318873,0.9798,0.9788,0.3017468,0.38025004,2.4342022,0.9605,0.965,0.29742086,0.37072372,2.4401507,,0.12187380790710449,5.50728057028967,4.514285937284879,1000.0,/home/aaiuser/results/benchmarking_sbi_023/multirun/2024-12-08/08-04-21/3,3
629,gaussian_linear,100000,10,SMC-ABC,3972501924,0.79375,0.7843,0.08137798,0.081444085,1.8308347,0.8145,0.7925,0.07659614,0.07720345,1.8313551,,0.08530232111612955,12.279487684804208,9.939973616480819,100000.0,/home/aaiuser/results/benchmarking_sbi_023/multirun/2024-12-08/09-29-31/29,29
630,gaussian_linear,1000,7,SMC-ABC,3128074833,0.88855,0.875,0.082238734,0.0820896,1.6741183,0.8545,0.8545,0.083630145,0.08359414,1.6827173,,0.008585723241170247,12.516125735315313,10.209079727293744,1000.0,/home/aaiuser/results/benchmarking_sbi_023/multirun/2024-12-08/09-29-31/18,18
631,gaussian_linear,100000,8,SMC-ABC,808564800,0.7842,0.7504,0.06592268,0.06610477,1.8349705,0.7615,0.7425,0.06360304,0.06554943,1.8188051,,0.08617469469706217,12.09682893334785,9.756661258784977,100000.0,/home/aaiuser/results/benchmarking_sbi_023/multirun/2024-12-08/09-29-31/23,23
632,gaussian_linear,10000,10,SMC-ABC,299503667,0.91995,0.90535,0.18420541,0.18461823,1.7897859,0.9065,0.8965,0.18084335,0.17886007,1.806392,,0.011943177382151286,13.646441754207807,11.332493881051844,10000.0,/home/aaiuser/results/benchmarking_sbi_023/multirun/2024-12-08/09-29-31/28,28
633,gaussian_linear,10000,5,SMC-ABC,743814743,0.788,0.76165,0.03610778,0.03626895,1.3507078,0.7335,0.7385,0.034264922,0.03439951,1.3553004,,0.017908171812693278,11.992880600811015,9.615281142643495,10000.0,/home/aaiuser/results/benchmarking_sbi_023/multirun/2024-12-08/09-29-31/13,13
634,gaussian_linear,10000,8,SMC-ABC,233963865,0.95085,0.9463,0.2875772,0.28714448,1.8515977,0.9185,0.9215,0.27049994,0.27044058,1.8270276,,0.012769937515258789,14.220907263733052,11.861869462000245,10000.0,/home/aaiuser/results/benchmarking_sbi_023/multirun/2024-12-08/09-29-31/22,22
635,gaussian_linear,1000,3,SMC-ABC,250253293,0.9121,0.90165,0.152551,0.15140176,1.7924235,0.8755,0.8845,0.1537087,0.15500218,1.7843066,,0.12876871426900227,13.36954801203663,11.116682278925595,1000.0,/home/aaiuser/results/benchmarking_sbi_023/multirun/2024-12-08/09-29-31/6,6
636,gaussian_linear,10000,6,SMC-ABC,306088916,0.8827,0.8656,0.15081584,0.15053189,1.5680945,0.8685,0.88,0.15284157,0.15036303,1.5397305,,0.01392811934153239,13.555882272291068,11.235636080962612,10000.0,/home/aaiuser/results/benchmarking_sbi_023/multirun/2024-12-08/09-29-31/16,16
637,gaussian_linear,100000,5,SMC-ABC,3463461839,0.71465,0.69475,0.029487371,0.029513836,1.4804586,0.6835,0.673,0.030851483,0.03127408,1.4978099,,0.08881648381551106,11.222255466443231,9.00281392389953,100000.0,/home/aaiuser/results/benchmarking_sbi_023/multirun/2024-12-08/09-29-31/14,14
638,gaussian_linear,10000,2,SMC-ABC,3103219651,0.86285,0.8413,0.17510462,0.17555726,1.5675135,0.831,0.832,0.1590761,0.16026306,1.560082,,0.14215822219848634,13.681031516462358,11.324773383654875,10000.0,/home/aaiuser/results/benchmarking_sbi_023/multirun/2024-12-08/09-29-31/4,4
639,gaussian_linear,100000,7,SMC-ABC,174246541,0.7377,0.71895,0.04452622,0.04450631,1.5850538,0.7235,0.7245,0.04592061,0.04592341,1.5831296,,0.08663638432820638,11.676485367467558,9.471987071363111,100000.0,/home/aaiuser/results/benchmarking_sbi_023/multirun/2024-12-08/09-29-31/20,20
640,gaussian_linear,10000,4,SMC-ABC,854731194,0.9246,0.90895,0.17065156,0.16925287,1.8785799,0.898,0.9015,0.16482043,0.1629889,1.8743166,,0.025019272168477377,13.659829444287007,11.310940483990892,10000.0,/home/aaiuser/results/benchmarking_sbi_023/multirun/2024-12-08/09-29-31/10,10
641,gaussian_linear,1000,9,SMC-ABC,608516523,0.9196,0.91485,0.16932279,0.16893643,1.7944397,0.9005,0.9045,0.17236829,0.17048353,1.7972071,,0.0053067803382873535,13.48424880317519,11.20452237403015,1000.0,/home/aaiuser/results/benchmarking_sbi_023/multirun/2024-12-08/09-29-31/24,24
642,gaussian_linear,1000,5,SMC-ABC,2883601127,0.89525,0.8887,0.062942505,0.063016176,1.524744,0.8755,0.8865,0.060156763,0.0607118,1.5237949,,0.005380523204803467,12.410232012132681,10.078485691783591,1000.0,/home/aaiuser/results/benchmarking_sbi_023/multirun/2024-12-08/09-29-31/12,12
643,gaussian_linear,1000,8,SMC-ABC,1719031478,0.95135,0.94825,0.16631609,0.16709495,1.9872329,0.931,0.922,0.16585082,0.17010546,1.9891483,,0.00619972546895345,13.345013607055414,11.062262238564347,1000.0,/home/aaiuser/results/benchmarking_sbi_023/multirun/2024-12-08/09-29-31/21,21
644,gaussian_linear,100000,1,SMC-ABC,2567226489,0.7769,0.75615,0.06530142,0.06541848,1.7392378,0.7535,0.754,0.064739525,0.06477016,1.7379016,,0.18458107312520344,12.16557237008612,9.856478645984973,100000.0,/home/aaiuser/results/benchmarking_sbi_023/multirun/2024-12-08/09-29-31/2,2
645,gaussian_linear,10000,9,SMC-ABC,2955827715,0.95515,0.95355,0.37958336,0.3778587,1.6155593,0.951,0.9535,0.386194,0.38546568,1.6121881,,0.012007685502370198,14.537397370385849,12.2772403170908,10000.0,/home/aaiuser/results/benchmarking_sbi_023/multirun/2024-12-08/09-29-31/25,25
646,gaussian_linear,100000,2,SMC-ABC,4030116728,0.7385,0.70615,0.038935125,0.03901595,1.6158321,0.7195,0.7105,0.037374258,0.037517965,1.6002005,,0.17556324005126953,11.460041263655816,9.076850235643464,100000.0,/home/aaiuser/results/benchmarking_sbi_023/multirun/2024-12-08/09-29-31/5,5
647,gaussian_linear,10000,3,SMC-ABC,1958265408,0.92275,0.9096,0.072229385,0.071732044,1.4980865,0.893,0.903,0.074587464,0.07402325,1.5095253,,0.14155391057332356,12.840030174211678,10.570226792671734,10000.0,/home/aaiuser/results/benchmarking_sbi_023/multirun/2024-12-08/09-29-31/7,7
648,gaussian_linear,1000,1,SMC-ABC,541658296,0.9288,0.9158,0.14283037,0.14308977,1.8732399,0.906,0.914,0.14952296,0.15134239,1.8863535,,0.11426801681518554,13.195289251154954,10.95091864579652,1000.0,/home/aaiuser/results/benchmarking_sbi_023/multirun/2024-12-08/09-29-31/0,0
649,gaussian_linear,100000,3,SMC-ABC,1089418230,0.75355,0.7271,0.046939135,0.046742857,1.6428461,0.7245,0.7075,0.044581354,0.044918656,1.645387,,0.1962109883626302,11.672843902116863,9.387386287012207,100000.0,/home/aaiuser/results/benchmarking_sbi_023/multirun/2024-12-08/09-29-31/8,8
650,gaussian_linear,100000,6,SMC-ABC,110813168,0.71945,0.7112,0.03472787,0.03477043,1.520545,0.6885,0.684,0.033066332,0.032976687,1.5154558,,0.053291229406992595,11.30627404278518,8.966954316634208,100000.0,/home/aaiuser/results/benchmarking_sbi_023/multirun/2024-12-08/09-29-31/17,17
651,gaussian_linear,1000,6,SMC-ABC,3467080901,0.87635,0.86405,0.03824222,0.0382241,1.4612093,0.8235,0.841,0.039004564,0.038709164,1.4596064,,0.005472453435262045,11.957233394326702,9.658729392027631,1000.0,/home/aaiuser/results/benchmarking_sbi_023/multirun/2024-12-08/09-29-31/15,15
652,gaussian_linear,100000,4,SMC-ABC,3052475581,0.8271,0.79755,0.0810706,0.080629945,1.8967168,0.783,0.782,0.07674801,0.07614136,1.8686706,,0.06582477490107218,12.310247238259304,9.959750204189783,100000.0,/home/aaiuser/results/benchmarking_sbi_023/multirun/2024-12-08/09-29-31/11,11
653,gaussian_linear,10000,7,SMC-ABC,3929118319,0.897,0.8786,0.06497681,0.06516683,1.4059291,0.8745,0.878,0.06342435,0.06300771,1.3933392,,0.01712300380071004,12.598599311825007,10.275150069589088,10000.0,/home/aaiuser/results/benchmarking_sbi_023/multirun/2024-12-08/09-29-31/19,19
654,gaussian_linear,1000,10,SMC-ABC,1312378130,0.9334,0.9226,0.142582,0.14265114,1.9101824,0.915,0.9135,0.14323384,0.14438611,1.9159567,,0.005847986539204915,13.113835437673108,10.860274721942613,1000.0,/home/aaiuser/results/benchmarking_sbi_023/multirun/2024-12-08/09-29-31/27,27
655,gaussian_linear,10000,1,SMC-ABC,3171204258,0.9731,0.9714,0.09250748,0.092101336,1.56388,0.954,0.953,0.0962913,0.09578729,1.5546727,,0.14462429682413738,12.9820999352992,10.7515660367287,10000.0,/home/aaiuser/results/benchmarking_sbi_023/multirun/2024-12-08/09-29-31/1,1
656,gaussian_linear,1000,4,SMC-ABC,1225343796,0.9546,0.95145,0.22088176,0.21967864,2.130743,0.9475,0.942,0.22215074,0.22118145,2.1419833,,0.10857502619425456,13.634827777642343,11.347013609532995,1000.0,/home/aaiuser/results/benchmarking_sbi_023/multirun/2024-12-08/09-29-31/9,9
657,gaussian_linear,100000,9,SMC-ABC,4069057330,0.73405,0.71295,0.040647388,0.040632904,1.6197,0.717,0.7145,0.04156655,0.0412699,1.6369901,,0.12154888312021891,11.528395977093064,9.296232981712379,100000.0,/home/aaiuser/results/benchmarking_sbi_023/multirun/2024-12-08/09-29-31/26,26
658,gaussian_linear,1000,2,SMC-ABC,3118980950,0.9175,0.9091,0.13821238,0.13818479,1.8108649,0.8945,0.8995,0.1476745,0.1490941,1.8260303,,0.10594344139099121,13.171000958504985,10.920947755898828,1000.0,/home/aaiuser/results/benchmarking_sbi_023/multirun/2024-12-08/09-29-31/3,3
659,slcp,100000,10,REJ-ABC,3934932101,0.96085,0.96655,0.08478439,0.08509195,1.7425876,0.933,0.942,0.08233261,0.08069503,1.7323756,,0.015570807456970214,31.30994113914791,30.49571312000405,100000.0,/home/aaiuser/results/benchmarking_sbi_023/multirun/2024-12-08/08-36-57/29,29
660,slcp,1000,7,REJ-ABC,768876748,0.99225,0.9905,0.0777303,0.52549434,27.487217,0.979,0.9775,0.07927549,0.5229731,27.31035,,0.004540423552195231,39.8510605699113,40.565896726627635,1000.0,/home/aaiuser/results/benchmarking_sbi_023/multirun/2024-12-08/08-36-57/18,18
661,slcp,100000,8,REJ-ABC,172213680,0.98515,0.9818,0.06475675,0.44151443,24.612148,0.9625,0.9555,0.06874919,0.45210755,24.830408,,0.009000412623087565,36.4777827676492,35.83223673301809,100000.0,/home/aaiuser/results/benchmarking_sbi_023/multirun/2024-12-08/08-36-57/23,23
662,slcp,10000,10,REJ-ABC,243174437,0.95825,0.96545,0.18128955,0.21103227,2.8420124,0.931,0.932,0.1529482,0.17582291,2.7515593,,0.004940521717071533,33.42399975418905,32.84443713235917,10000.0,/home/aaiuser/results/benchmarking_sbi_023/multirun/2024-12-08/08-36-57/28,28
663,slcp,10000,5,REJ-ABC,3780141857,0.96585,0.9677,0.038701892,0.123671055,21.71509,0.932,0.9215,0.032381177,0.11172593,21.286053,,0.0068776488304138185,38.819321370316175,37.977029359059884,10000.0,/home/aaiuser/results/benchmarking_sbi_023/multirun/2024-12-08/08-36-57/13,13
664,slcp,10000,8,REJ-ABC,4192752892,0.98805,0.98245,0.09443617,0.48379213,24.270342,0.96,0.95,0.09840202,0.49697104,24.341782,,0.007341543833414714,38.79889575719357,36.51629798152147,10000.0,/home/aaiuser/results/benchmarking_sbi_023/multirun/2024-12-08/08-36-57/22,22
665,slcp,1000,3,REJ-ABC,3679647556,0.9791,0.9801,0.05353546,0.1898917,22.349363,0.961,0.9475,0.051841974,0.17480111,22.595703,,0.11150485674540202,39.71717675675916,40.09819545999441,1000.0,/home/aaiuser/results/benchmarking_sbi_023/multirun/2024-12-08/08-36-57/6,6
666,slcp,10000,6,REJ-ABC,226934126,0.94705,0.94775,0.041002274,0.12240535,10.594669,0.9255,0.908,0.03586018,0.10722476,10.645456,,0.0072699864705403645,34.771429863278456,35.487386387297846,10000.0,/home/aaiuser/results/benchmarking_sbi_023/multirun/2024-12-08/08-36-57/16,16
667,slcp,100000,5,REJ-ABC,1522933536,0.935,0.938,0.024853349,0.067589045,22.206022,0.887,0.8785,0.021804094,0.06300187,21.882633,,0.010426831245422364,37.40402605216636,37.5128334489616,100000.0,/home/aaiuser/results/benchmarking_sbi_023/multirun/2024-12-08/08-36-57/14,14
668,slcp,10000,2,REJ-ABC,739682424,0.975,0.97745,0.13603997,0.41209522,21.990763,0.957,0.9305,0.12428677,0.3933198,22.370338,,0.11931033134460449,38.83829746343839,38.28025361222266,10000.0,/home/aaiuser/results/benchmarking_sbi_023/multirun/2024-12-08/08-36-57/4,4
669,slcp,100000,7,REJ-ABC,1107169111,0.98945,0.98375,0.07722449,0.53324753,29.468475,0.974,0.9675,0.07721591,0.532491,29.353031,,0.006143514315287272,36.14095824568652,36.314062418960845,100000.0,/home/aaiuser/results/benchmarking_sbi_023/multirun/2024-12-08/08-36-57/20,20
670,slcp,10000,4,REJ-ABC,114544715,0.9846,0.9842,0.13029516,0.47333044,3.3951824,0.972,0.977,0.13288033,0.48020488,3.5122166,,0.0062323848406473795,32.84015359967905,33.951073866468995,10000.0,/home/aaiuser/results/benchmarking_sbi_023/multirun/2024-12-08/08-36-57/10,10
671,slcp,1000,9,REJ-ABC,447468816,0.97995,0.9797,0.18668902,0.36682612,8.453516,0.9615,0.956,0.18992788,0.3641296,8.533128,,0.004689204692840576,36.34600033706562,36.32442405837942,1000.0,/home/aaiuser/results/benchmarking_sbi_023/multirun/2024-12-08/08-36-57/24,24
672,slcp,1000,5,REJ-ABC,2392831513,0.97925,0.9803,0.081633925,0.20788497,19.722488,0.964,0.952,0.07999325,0.21821374,19.659039,,0.0046715935071309405,40.47025224139898,39.57336620813513,1000.0,/home/aaiuser/results/benchmarking_sbi_023/multirun/2024-12-08/08-36-57/12,12
673,slcp,1000,8,REJ-ABC,2803038818,0.9904,0.9902,0.12122047,0.5027354,22.00032,0.976,0.972,0.12132645,0.506759,22.006227,,0.0043282151222229,40.198707534279265,39.488057709607254,1000.0,/home/aaiuser/results/benchmarking_sbi_023/multirun/2024-12-08/08-36-57/21,21
674,slcp,100000,1,REJ-ABC,1826965766,0.9766,0.9755,0.11130285,0.40985277,19.423872,0.9635,0.946,0.10841417,0.40951917,19.15667,,0.108554474512736,35.15777109463411,35.638164782336226,100000.0,/home/aaiuser/results/benchmarking_sbi_023/multirun/2024-12-08/08-36-57/2,2
675,slcp,10000,9,REJ-ABC,1687031721,0.9709,0.973,0.1417129,0.26650095,7.1235228,0.947,0.9415,0.13524973,0.24979764,7.1058903,,0.006675132115681966,36.14323633778793,34.9673785649039,10000.0,/home/aaiuser/results/benchmarking_sbi_023/multirun/2024-12-08/08-36-57/25,25
676,slcp,100000,2,REJ-ABC,3878993568,0.9689,0.96725,0.0788033,0.32231748,22.564407,0.945,0.9355,0.07433522,0.30243504,22.579912,,0.10906216303507486,36.050682246991,35.82676557067133,100000.0,/home/aaiuser/results/benchmarking_sbi_023/multirun/2024-12-08/08-36-57/5,5
677,slcp,10000,3,REJ-ABC,3068950281,0.964,0.96245,0.017542958,0.0970366,24.687199,0.926,0.91,0.015100241,0.09447372,25.042606,,0.11681593259175618,40.036918817650566,39.76419613346598,10000.0,/home/aaiuser/results/benchmarking_sbi_023/multirun/2024-12-08/08-36-57/7,7
678,slcp,1000,1,REJ-ABC,2559963777,0.98915,0.9881,0.11484611,0.44218755,17.639961,0.9705,0.968,0.11674011,0.45495817,17.572989,,0.11461572647094727,39.36889833642595,38.58639919733938,1000.0,/home/aaiuser/results/benchmarking_sbi_023/multirun/2024-12-08/08-36-57/0,0
679,slcp,100000,3,REJ-ABC,317531513,0.94515,0.94725,0.007287264,0.05651462,25.981293,0.8855,0.869,0.0075939894,0.05561471,25.997173,,0.11701672871907552,37.803322436254916,36.90361461827512,100000.0,/home/aaiuser/results/benchmarking_sbi_023/multirun/2024-12-08/08-36-57/8,8
680,slcp,100000,6,REJ-ABC,186135245,0.9397,0.9374,0.032924414,0.088122904,10.8379345,0.918,0.9095,0.03692925,0.08418411,10.574698,,0.011661307017008463,35.335030373413474,34.561136631088054,100000.0,/home/aaiuser/results/benchmarking_sbi_023/multirun/2024-12-08/08-36-57/17,17
681,slcp,1000,6,REJ-ABC,2850488314,0.97425,0.97435,0.116102934,0.27831864,8.927364,0.958,0.95,0.10689306,0.25529122,9.054995,,0.004675837357838949,37.35905521217994,36.13659041086156,1000.0,/home/aaiuser/results/benchmarking_sbi_023/multirun/2024-12-08/08-36-57/15,15
682,slcp,100000,4,REJ-ABC,362267021,0.98175,0.98155,0.17943728,0.43446565,2.9249296,0.9645,0.974,0.19075924,0.4546909,2.9135246,,0.008350869019826254,31.964609980584886,31.857170539510804,100000.0,/home/aaiuser/results/benchmarking_sbi_023/multirun/2024-12-08/08-36-57/11,11
683,slcp,10000,7,REJ-ABC,615008725,0.9894,0.98655,0.089791775,0.53420115,29.1153,0.9635,0.964,0.08953607,0.53106123,29.151016,,0.011138745148976644,38.2332730430092,36.46874181397644,10000.0,/home/aaiuser/results/benchmarking_sbi_023/multirun/2024-12-08/08-36-57/19,19
684,slcp,1000,10,REJ-ABC,3404868567,0.96875,0.97065,0.32008958,0.415218,6.874612,0.936,0.9315,0.31104842,0.40458444,7.098627,,0.004422100385030111,35.563597927773316,34.760003150344865,1000.0,/home/aaiuser/results/benchmarking_sbi_023/multirun/2024-12-08/08-36-57/27,27
685,slcp,10000,1,REJ-ABC,1971447906,0.9847,0.9843,0.09980416,0.41888735,18.825298,0.9715,0.9575,0.09567797,0.4225392,18.658806,,0.1086573600769043,38.04536122186806,35.37969306732688,10000.0,/home/aaiuser/results/benchmarking_sbi_023/multirun/2024-12-08/08-36-57/1,1
686,slcp,1000,4,REJ-ABC,3045544039,0.98885,0.98845,0.18335521,0.54082197,5.6803665,0.98,0.976,0.1981507,0.54617685,5.766737,,0.11565900643666585,34.41735774591391,34.56175090802281,1000.0,/home/aaiuser/results/benchmarking_sbi_023/multirun/2024-12-08/08-36-57/9,9
687,slcp,100000,9,REJ-ABC,3753129860,0.9502,0.95185,0.05711949,0.13043278,9.628986,0.9315,0.9145,0.059053898,0.12946141,9.73303,,0.01687433322270711,36.20209137790598,34.28275873805513,100000.0,/home/aaiuser/results/benchmarking_sbi_023/multirun/2024-12-08/08-36-57/26,26
688,slcp,1000,2,REJ-ABC,2481731327,0.9868,0.98625,0.19093001,0.49007154,20.114595,0.97,0.961,0.18840349,0.48508143,20.240145,,0.11019851366678873,39.691651139532844,41.19907660298808,1000.0,/home/aaiuser/results/benchmarking_sbi_023/multirun/2024-12-08/08-36-57/3,3
689,gaussian_mixture,100000,10,REJ-ABC,2447952218,0.66715,0.7361,0.027005613,0.02787894,0.97570467,0.588,0.7335,0.029679954,0.030375838,0.96852195,,0.006506538391113282,7.749142060457461,5.441387743057925,100000.0,/home/aaiuser/results/benchmarking_sbi_023/multirun/2024-12-08/08-29-58/29,29
690,gaussian_mixture,1000,7,REJ-ABC,3461954366,0.849,0.88825,0.41882205,0.41815045,2.9279382,0.8295,0.8485,0.3994541,0.39897475,2.891189,,0.007395978768666585,12.312687324396435,10.105251827095355,1000.0,/home/aaiuser/results/benchmarking_sbi_023/multirun/2024-12-08/08-29-58/18,18
691,gaussian_mixture,100000,8,REJ-ABC,3304286331,0.63615,0.7612,0.004326701,0.0043104887,1.001993,0.536,0.7355,0.007211566,0.007136941,1.0373096,,0.007799605528513591,11.694211202154897,9.215280449674266,100000.0,/home/aaiuser/results/benchmarking_sbi_023/multirun/2024-12-08/08-29-58/23,23
692,gaussian_mixture,10000,10,REJ-ABC,2614447060,0.7274,0.79845,0.16004306,0.16076005,1.1823318,0.694,0.7765,0.16630435,0.16602874,1.1558708,,0.007098261515299479,8.521128497930112,6.364023005013547,10000.0,/home/aaiuser/results/benchmarking_sbi_023/multirun/2024-12-08/08-29-58/28,28
693,gaussian_mixture,10000,5,REJ-ABC,1467550279,0.71795,0.75405,0.12228888,0.12315309,1.3300056,0.6725,0.7445,0.09805465,0.098021746,1.2883549,,0.004521079858144124,6.957815588556224,5.173323652573464,10000.0,/home/aaiuser/results/benchmarking_sbi_023/multirun/2024-12-08/08-29-58/13,13
694,gaussian_mixture,10000,8,REJ-ABC,603501575,0.73595,0.8138,0.07038444,0.07023382,1.2197652,0.667,0.785,0.06045866,0.060269535,1.2122885,,0.007426635424296061,8.420313720919129,6.104059391791236,10000.0,/home/aaiuser/results/benchmarking_sbi_023/multirun/2024-12-08/08-29-58/22,22
695,gaussian_mixture,1000,3,REJ-ABC,2551657440,0.8592,0.86055,0.44162688,0.4422025,2.9495971,0.851,0.8505,0.4270882,0.4282677,2.961499,,0.12408831914265951,11.979282829665683,9.748090379492222,1000.0,/home/aaiuser/results/benchmarking_sbi_023/multirun/2024-12-08/08-29-58/6,6
696,gaussian_mixture,10000,6,REJ-ABC,4023921068,0.72495,0.7344,0.07924676,0.0794099,1.4145352,0.684,0.713,0.07463515,0.07447094,1.4462914,,0.006600495179494222,8.968168933177388,6.169340696034894,10000.0,/home/aaiuser/results/benchmarking_sbi_023/multirun/2024-12-08/08-29-58/16,16
697,gaussian_mixture,100000,5,REJ-ABC,2598072021,0.66085,0.7162,0.026055038,0.026534617,1.0510262,0.6085,0.692,0.019284606,0.019212604,1.0573711,,0.006882890065511068,6.608862655800251,4.661387084519348,100000.0,/home/aaiuser/results/benchmarking_sbi_023/multirun/2024-12-08/08-29-58/14,14
698,gaussian_mixture,10000,2,REJ-ABC,472602908,0.69505,0.75155,0.062078238,0.06347883,1.1853292,0.668,0.7465,0.06389409,0.06396246,1.1568741,,0.11898798942565918,6.684721659125243,4.118659786537304,10000.0,/home/aaiuser/results/benchmarking_sbi_023/multirun/2024-12-08/08-29-58/4,4
699,gaussian_mixture,100000,7,REJ-ABC,947365542,0.5184,0.7707,0.006159663,0.006316304,1.0248522,0.4815,0.721,0.0018178225,0.0018444061,0.9739598,,0.00806271235148112,10.607074869717383,8.423554066621449,100000.0,/home/aaiuser/results/benchmarking_sbi_023/multirun/2024-12-08/08-29-58/20,20
700,gaussian_mixture,10000,4,REJ-ABC,287845991,0.7251,0.74145,0.116069496,0.116163075,1.5246918,0.711,0.7375,0.127805,0.12835097,1.4936492,,0.0063299020131429035,8.17301475415697,5.939980813535409,10000.0,/home/aaiuser/results/benchmarking_sbi_023/multirun/2024-12-08/08-29-58/10,10
701,gaussian_mixture,1000,9,REJ-ABC,2107616439,0.8556,0.85465,0.43209085,0.43207708,2.8711753,0.858,0.86,0.437185,0.43724936,3.0054438,,0.006288464864095052,11.78544034487844,9.647848830817972,1000.0,/home/aaiuser/results/benchmarking_sbi_023/multirun/2024-12-08/08-29-58/24,24
702,gaussian_mixture,1000,5,REJ-ABC,4017596910,0.8622,0.8681,0.45703986,0.45668256,3.5836263,0.8575,0.879,0.4774801,0.47722232,3.6961927,,0.006366356213887533,12.77994315050879,10.519596765001143,1000.0,/home/aaiuser/results/benchmarking_sbi_023/multirun/2024-12-08/08-29-58/12,12
703,gaussian_mixture,1000,8,REJ-ABC,661110348,0.83945,0.83895,0.41057312,0.40977365,2.9329214,0.8295,0.834,0.40513992,0.4041757,2.9702697,,0.006209842363993327,11.822628511190736,9.54131121794564,1000.0,/home/aaiuser/results/benchmarking_sbi_023/multirun/2024-12-08/08-29-58/21,21
704,gaussian_mixture,100000,1,REJ-ABC,922056907,0.697,0.81085,0.017042935,0.016056955,0.95342886,0.5255,0.7725,0.014961839,0.014027178,0.92927074,,0.11985395749409994,12.470620332287726,10.766395798655127,100000.0,/home/aaiuser/results/benchmarking_sbi_023/multirun/2024-12-08/08-29-58/2,2
705,gaussian_mixture,10000,9,REJ-ABC,3429215237,0.73195,0.7349,0.09240532,0.09235048,1.4192529,0.6945,0.726,0.07863903,0.078464925,1.3756406,,0.0063053607940673825,9.648093822348269,7.017772146985567,10000.0,/home/aaiuser/results/benchmarking_sbi_023/multirun/2024-12-08/08-29-58/25,25
706,gaussian_mixture,100000,2,REJ-ABC,2621965943,0.61485,0.7818,0.002816558,0.002519846,0.9356921,0.5505,0.742,0.0031985044,0.0029767752,0.9617974,,0.12192521890004476,8.84718317786292,7.490859163428849,100000.0,/home/aaiuser/results/benchmarking_sbi_023/multirun/2024-12-08/08-29-58/5,5
707,gaussian_mixture,10000,3,REJ-ABC,2166513972,0.73695,0.82025,0.029002845,0.028822958,1.1220834,0.6805,0.757,0.019204617,0.019051433,1.0999253,,0.11972872416178386,8.016055586875005,6.354269096572219,10000.0,/home/aaiuser/results/benchmarking_sbi_023/multirun/2024-12-08/08-29-58/7,7
708,gaussian_mixture,1000,1,REJ-ABC,722637680,0.8847,0.88785,0.48752174,0.4885489,3.35406,0.88,0.893,0.49053112,0.49039987,3.4092336,,0.1255131721496582,12.12997736151817,9.84885759240248,1000.0,/home/aaiuser/results/benchmarking_sbi_023/multirun/2024-12-08/08-29-58/0,0
709,gaussian_mixture,100000,3,REJ-ABC,2907893320,0.6303,0.77905,0.008482575,0.008599639,1.0080144,0.615,0.728,0.008220077,0.008386135,1.0218178,,0.1280018965403239,11.646330637129283,9.759717754426067,100000.0,/home/aaiuser/results/benchmarking_sbi_023/multirun/2024-12-08/08-29-58/8,8
710,gaussian_mixture,100000,6,REJ-ABC,910014327,0.7043,0.723,0.034503102,0.034654856,1.247571,0.6625,0.706,0.028980017,0.02895677,1.2541604,,0.007078337669372559,7.039826944222852,7.911685500541835,100000.0,/home/aaiuser/results/benchmarking_sbi_023/multirun/2024-12-08/08-29-58/17,17
711,gaussian_mixture,1000,6,REJ-ABC,1553659471,0.84955,0.84755,0.41876182,0.41838253,2.9400263,0.86,0.858,0.4282846,0.42903978,3.009072,,0.00421595573425293,11.774089624984976,9.396108565620855,1000.0,/home/aaiuser/results/benchmarking_sbi_023/multirun/2024-12-08/08-29-58/15,15
712,gaussian_mixture,100000,4,REJ-ABC,3058853175,0.62115,0.79835,0.0022341013,0.002224803,0.90682375,0.4985,0.725,0.00091409683,0.00093078613,0.9190531,,0.010192950566609701,9.093518311934792,6.90117789534158,100000.0,/home/aaiuser/results/benchmarking_sbi_023/multirun/2024-12-08/08-29-58/11,11
713,gaussian_mixture,10000,7,REJ-ABC,2227745133,0.71355,0.82915,0.07127535,0.072472274,1.2193456,0.701,0.802,0.06624198,0.06670648,1.2560194,,0.007709280649820963,8.464241765192854,6.69864776006977,10000.0,/home/aaiuser/results/benchmarking_sbi_023/multirun/2024-12-08/08-29-58/19,19
714,gaussian_mixture,1000,10,REJ-ABC,3818078148,0.9015,0.9432,0.49243647,0.4944425,3.7850473,0.882,0.9205,0.48427707,0.48623598,3.7451253,,0.00711985429128011,12.69416567062295,10.36170828530556,1000.0,/home/aaiuser/results/benchmarking_sbi_023/multirun/2024-12-08/08-29-58/27,27
715,gaussian_mixture,10000,1,REJ-ABC,2487324759,0.7608,0.85385,0.21519607,0.21588624,1.2211835,0.7515,0.816,0.21100801,0.20918739,1.2367272,,0.12186434268951415,10.168395962534444,6.3529711497618955,10000.0,/home/aaiuser/results/benchmarking_sbi_023/multirun/2024-12-08/08-29-58/1,1
716,gaussian_mixture,1000,4,REJ-ABC,1010639665,0.81915,0.8175,0.37166226,0.37093642,2.6773295,0.8235,0.818,0.3840462,0.38287073,2.693749,,0.11813069979349772,11.727378926593683,9.373855270332275,1000.0,/home/aaiuser/results/benchmarking_sbi_023/multirun/2024-12-08/08-29-58/9,9
717,gaussian_mixture,100000,9,REJ-ABC,3260459501,0.63665,0.81075,0.004423976,0.004424095,0.9933327,0.6135,0.739,0.004209876,0.0042186975,0.97653085,,0.009636290868123372,12.049999719370659,9.549574434101004,100000.0,/home/aaiuser/results/benchmarking_sbi_023/multirun/2024-12-08/08-29-58/26,26
718,gaussian_mixture,1000,2,REJ-ABC,969502398,0.8509,0.8535,0.44277757,0.44328076,2.8741465,0.845,0.85,0.45280468,0.45294344,2.9016972,,0.11802457173665365,11.812089244624595,9.573427762164858,1000.0,/home/aaiuser/results/benchmarking_sbi_023/multirun/2024-12-08/08-29-58/3,3
719,slcp_distractors,100000,10,SMC-ABC,3106253331,0.9839,0.9838,0.49616128,0.53836536,349.2501,0.958,0.958,0.49255943,0.5405928,346.3294,,0.5987087885538737,,,100000.0,/home/aaiuser/results/benchmarking_sbi_023/multirun/2024-12-08/10-52-42/29,29
720,slcp_distractors,1000,7,SMC-ABC,4108315902,0.99425,0.9929,0.12626874,0.55117893,1077.7759,0.9845,0.9835,0.12070751,0.55256134,1076.0403,,0.025007065137227377,,,1000.0,/home/aaiuser/results/benchmarking_sbi_023/multirun/2024-12-08/10-52-42/18,18
721,slcp_distractors,100000,8,SMC-ABC,4281778690,0.9938,0.99205,0.22730899,0.55055314,425.4931,0.985,0.9835,0.23683655,0.55537444,429.2464,,0.6726541519165039,,,100000.0,/home/aaiuser/results/benchmarking_sbi_023/multirun/2024-12-08/10-52-42/23,23
722,slcp_distractors,10000,10,SMC-ABC,2570098706,0.98485,0.9862,0.48687238,0.52065045,350.03235,0.968,0.97,0.4809519,0.5208515,352.41266,,0.11107842127482097,,,10000.0,/home/aaiuser/results/benchmarking_sbi_023/multirun/2024-12-08/10-52-42/28,28
723,slcp_distractors,10000,5,SMC-ABC,1711422982,0.9845,0.98525,0.08446145,0.2651595,896.31085,0.9735,0.964,0.08322585,0.268166,897.5521,,0.08565696875254313,,,10000.0,/home/aaiuser/results/benchmarking_sbi_023/multirun/2024-12-08/10-52-42/13,13
724,slcp_distractors,10000,8,SMC-ABC,2907388590,0.99455,0.99325,0.22287476,0.5507408,425.16693,0.9845,0.985,0.22363257,0.55236214,424.1184,,0.09326290289560954,,,10000.0,/home/aaiuser/results/benchmarking_sbi_023/multirun/2024-12-08/10-52-42/22,22
725,slcp_distractors,1000,3,SMC-ABC,454719459,0.9838,0.98395,0.1089015,0.35978544,385.66754,0.9655,0.947,0.108585715,0.34573162,390.0883,,0.13006807963053385,,,1000.0,/home/aaiuser/results/benchmarking_sbi_023/multirun/2024-12-08/10-52-42/6,6
726,slcp_distractors,10000,6,SMC-ABC,1774179777,0.98545,0.9868,0.25095737,0.4771074,347.23193,0.9785,0.9675,0.2531622,0.48326916,346.54163,,0.10361223220825196,,,10000.0,/home/aaiuser/results/benchmarking_sbi_023/multirun/2024-12-08/10-52-42/16,16
727,slcp_distractors,100000,5,SMC-ABC,3199178813,0.9822,0.9829,0.1091522,0.33694953,897.1671,0.9655,0.952,0.10083318,0.323991,900.44226,,0.7949582417805989,,,100000.0,/home/aaiuser/results/benchmarking_sbi_023/multirun/2024-12-08/10-52-42/14,14
728,slcp_distractors,10000,2,SMC-ABC,2732028697,0.9928,0.99235,0.31515503,0.588729,380.04462,0.987,0.9835,0.3052408,0.5741599,380.53503,,0.2046402136484782,,,10000.0,/home/aaiuser/results/benchmarking_sbi_023/multirun/2024-12-08/10-52-42/4,4
729,slcp_distractors,100000,7,SMC-ABC,3258671155,0.99365,0.9921,0.11659467,0.55055565,1076.9019,0.9845,0.988,0.11780059,0.54484683,1075.8701,,0.7475625991821289,,,100000.0,/home/aaiuser/results/benchmarking_sbi_023/multirun/2024-12-08/10-52-42/20,20
730,slcp_distractors,10000,4,SMC-ABC,932901189,0.99385,0.9933,0.4388394,0.57428956,570.8803,0.988,0.988,0.42964867,0.57773805,569.5039,,0.07894814809163411,,,10000.0,/home/aaiuser/results/benchmarking_sbi_023/multirun/2024-12-08/10-52-42/10,10
731,slcp_distractors,1000,9,SMC-ABC,1691666495,0.9796,0.97945,0.22632587,0.3732626,712.0432,0.961,0.941,0.21544468,0.3549126,714.5929,,0.01045529842376709,,,1000.0,/home/aaiuser/results/benchmarking_sbi_023/multirun/2024-12-08/10-52-42/24,24
732,slcp_distractors,1000,5,SMC-ABC,2355269264,0.9831,0.9843,0.09664118,0.31695098,896.98804,0.969,0.953,0.100973606,0.33353007,894.80963,,0.015859619776407877,,,1000.0,/home/aaiuser/results/benchmarking_sbi_023/multirun/2024-12-08/10-52-42/12,12
733,slcp_distractors,1000,8,SMC-ABC,3697775302,0.99425,0.9938,0.22506356,0.54852706,425.37506,0.9895,0.9875,0.23947692,0.5544936,427.24878,,0.01488200823465983,,,1000.0,/home/aaiuser/results/benchmarking_sbi_023/multirun/2024-12-08/10-52-42/21,21
734,slcp_distractors,100000,1,SMC-ABC,2606595688,0.99025,0.9893,0.1330396,0.47940972,894.79614,0.98,0.9765,0.131248,0.48434982,893.2092,,0.7761257807413737,,,100000.0,/home/aaiuser/results/benchmarking_sbi_023/multirun/2024-12-08/10-52-42/2,2
735,slcp_distractors,10000,9,SMC-ABC,3905565024,0.97885,0.97965,0.23193151,0.40087485,712.35156,0.964,0.9485,0.23591393,0.39787284,712.3763,,0.07986310323079428,,,10000.0,/home/aaiuser/results/benchmarking_sbi_023/multirun/2024-12-08/10-52-42/25,25
736,slcp_distractors,100000,2,SMC-ABC,3553408726,0.9876,0.98785,0.2678064,0.5385853,380.19574,0.973,0.9645,0.26648843,0.5414695,381.63464,,0.805370585123698,,,100000.0,/home/aaiuser/results/benchmarking_sbi_023/multirun/2024-12-08/10-52-42/5,5
737,slcp_distractors,10000,3,SMC-ABC,3848759617,0.9889,0.98865,0.120349646,0.37850434,386.14,0.9805,0.966,0.12205863,0.38139004,386.14737,,0.2001823902130127,,,10000.0,/home/aaiuser/results/benchmarking_sbi_023/multirun/2024-12-08/10-52-42/7,7
738,slcp_distractors,1000,1,SMC-ABC,1837927810,0.99085,0.99185,0.16823381,0.51663685,894.664,0.9765,0.979,0.16730309,0.499394,897.2347,,0.13453249931335448,,,1000.0,/home/aaiuser/results/benchmarking_sbi_023/multirun/2024-12-08/10-52-42/0,0
739,slcp_distractors,100000,3,SMC-ABC,1987497784,0.9823,0.982,0.10941863,0.35269976,387.06958,0.966,0.945,0.11047542,0.3541516,383.22052,,0.7734270095825195,,,100000.0,/home/aaiuser/results/benchmarking_sbi_023/multirun/2024-12-08/10-52-42/8,8
740,slcp_distractors,100000,6,SMC-ABC,2774887444,0.9782,0.9769,0.18983454,0.38660985,344.7906,0.9685,0.9595,0.18638831,0.37957665,342.34424,,0.7549142201741537,,,100000.0,/home/aaiuser/results/benchmarking_sbi_023/multirun/2024-12-08/10-52-42/17,17
741,slcp_distractors,1000,6,SMC-ABC,3115077385,0.9794,0.9804,0.20202088,0.40496993,345.85327,0.9665,0.9535,0.19127029,0.38792232,352.261,,0.010184196631113689,,,1000.0,/home/aaiuser/results/benchmarking_sbi_023/multirun/2024-12-08/10-52-42/15,15
742,slcp_distractors,100000,4,SMC-ABC,3811714424,0.9926,0.993,0.37882572,0.56682485,572.15857,0.986,0.9855,0.38566574,0.57001376,572.7369,,0.6200598398844401,,,100000.0,/home/aaiuser/results/benchmarking_sbi_023/multirun/2024-12-08/10-52-42/11,11
743,slcp_distractors,10000,7,SMC-ABC,3023443130,0.99405,0.994,0.14013457,0.5685332,1076.4753,0.989,0.987,0.123758316,0.55800563,1077.5747,,0.12174069086710612,,,10000.0,/home/aaiuser/results/benchmarking_sbi_023/multirun/2024-12-08/10-52-42/19,19
744,slcp_distractors,1000,10,SMC-ABC,2351678992,0.9842,0.98375,0.5130497,0.55015916,351.31506,0.9665,0.9675,0.49956512,0.5451973,346.14325,,0.010504249731699626,,,1000.0,/home/aaiuser/results/benchmarking_sbi_023/multirun/2024-12-08/10-52-42/27,27
745,slcp_distractors,10000,1,SMC-ABC,3245416165,0.9916,0.9916,0.1971277,0.52881116,894.27826,0.9855,0.979,0.19241405,0.525742,893.13464,,0.18877843221028645,,,10000.0,/home/aaiuser/results/benchmarking_sbi_023/multirun/2024-12-08/10-52-42/1,1
746,slcp_distractors,1000,4,SMC-ABC,3201255920,0.99245,0.9926,0.4032082,0.5674665,570.29346,0.99,0.9905,0.41444415,0.5749096,570.65436,,0.12404510180155436,,,1000.0,/home/aaiuser/results/benchmarking_sbi_023/multirun/2024-12-08/10-52-42/9,9
747,slcp_distractors,100000,9,SMC-ABC,224288535,0.9757,0.97775,0.2536319,0.4241604,712.91345,0.9595,0.9325,0.24960929,0.40917566,710.5553,,0.6749890009562175,,,100000.0,/home/aaiuser/results/benchmarking_sbi_023/multirun/2024-12-08/10-52-42/26,26
748,slcp_distractors,1000,2,SMC-ABC,946395808,0.98715,0.9878,0.2055732,0.46963984,379.83667,0.9695,0.963,0.19940633,0.45560384,377.66223,,0.12113252480824789,,,1000.0,/home/aaiuser/results/benchmarking_sbi_023/multirun/2024-12-08/10-52-42/3,3
749,bernoulli_glm,100000,10,REJ-ABC,1785841773,0.9672,0.96155,0.2825223,0.28397453,24.164114,0.96,0.958,0.29247668,0.29326576,23.930096,,0.1862016518910726,10.030170642726048,7.749059499053448,100000.0,/home/aaiuser/results/benchmarking_sbi_023/multirun/2024-12-08/07-19-47/29,29
750,bernoulli_glm,1000,7,REJ-ABC,3812902650,0.9943,0.9933,0.44989035,0.4501665,27.80325,0.991,0.991,0.4582119,0.4579891,27.815271,,0.010268402099609376,9.241447877270447,7.138211467670867,1000.0,/home/aaiuser/results/benchmarking_sbi_023/multirun/2024-12-08/07-19-47/18,18
751,bernoulli_glm,100000,8,REJ-ABC,3295242754,0.9407,0.9257,0.17479151,0.15752232,15.619223,0.941,0.9265,0.16557664,0.15174216,15.834693,,0.18361825942993165,10.288075372106519,8.071498944264276,100000.0,/home/aaiuser/results/benchmarking_sbi_023/multirun/2024-12-08/07-19-47/23,23
752,bernoulli_glm,10000,10,REJ-ABC,973784291,0.98875,0.9865,0.41348732,0.41671297,27.401846,0.984,0.9815,0.4163006,0.4192757,27.0995,,0.030456793308258057,9.47968460430705,7.378644453516878,10000.0,/home/aaiuser/results/benchmarking_sbi_023/multirun/2024-12-08/07-19-47/28,28
753,bernoulli_glm,10000,5,REJ-ABC,1282757715,0.98405,0.98055,0.3809636,0.38350102,25.179264,0.981,0.978,0.3762081,0.3779424,25.350885,,0.026617530981699625,9.377794791879118,7.266049041926058,10000.0,/home/aaiuser/results/benchmarking_sbi_023/multirun/2024-12-08/07-19-47/13,13
754,bernoulli_glm,10000,8,REJ-ABC,820779693,0.9699,0.9629,0.2333889,0.22381347,18.02592,0.9665,0.9595,0.22361892,0.21673965,17.976871,,0.028134679794311522,10.021576274798933,7.805268776864663,10000.0,/home/aaiuser/results/benchmarking_sbi_023/multirun/2024-12-08/07-19-47/22,22
755,bernoulli_glm,1000,3,REJ-ABC,1473014582,0.995,0.99565,0.5007519,0.49368942,30.007862,0.995,0.9925,0.5000705,0.49053526,30.39095,,0.10791064103444417,9.997398390081239,7.866499186277325,1000.0,/home/aaiuser/results/benchmarking_sbi_023/multirun/2024-12-08/07-19-47/6,6
756,bernoulli_glm,10000,6,REJ-ABC,2511108984,0.98105,0.9763,0.3448708,0.35035187,20.27948,0.9765,0.98,0.3567709,0.36102766,20.073792,,0.04869726498921712,9.781415055279217,7.621476406941475,10000.0,/home/aaiuser/results/benchmarking_sbi_023/multirun/2024-12-08/07-19-47/16,16
757,bernoulli_glm,100000,5,REJ-ABC,2629762737,0.96155,0.94655,0.24298105,0.24600405,22.100143,0.954,0.958,0.24447063,0.24645185,22.0784,,0.3522176424662272,9.928013126786128,7.7592331054121235,100000.0,/home/aaiuser/results/benchmarking_sbi_023/multirun/2024-12-08/07-19-47/14,14
758,bernoulli_glm,10000,2,REJ-ABC,2250882007,0.9709,0.9643,0.29636672,0.3043045,18.184814,0.9635,0.956,0.2876478,0.2950569,17.891502,,0.14338142077128094,9.782306042351484,7.569776792909402,10000.0,/home/aaiuser/results/benchmarking_sbi_023/multirun/2024-12-08/07-19-47/4,4
759,bernoulli_glm,100000,7,REJ-ABC,1386842488,0.9534,0.94125,0.26641712,0.26687917,17.675133,0.95,0.9395,0.27590096,0.27648616,17.531282,,0.24930721918741863,9.956094898180034,7.719636420703238,100000.0,/home/aaiuser/results/benchmarking_sbi_023/multirun/2024-12-08/07-19-47/20,20
760,bernoulli_glm,10000,4,REJ-ABC,3822336589,0.96525,0.95875,0.17865747,0.20912844,16.97955,0.957,0.9525,0.1808396,0.20480579,16.89735,,0.03188466231028239,10.161426114938928,7.965607862856613,10000.0,/home/aaiuser/results/benchmarking_sbi_023/multirun/2024-12-08/07-19-47/10,10
761,bernoulli_glm,1000,9,REJ-ABC,432101871,0.99315,0.99205,0.4092906,0.40810394,25.704617,0.985,0.9845,0.41334507,0.41128275,25.678734,,0.008839515844980876,10.028970820715175,7.843862049827241,1000.0,/home/aaiuser/results/benchmarking_sbi_023/multirun/2024-12-08/07-19-47/24,24
762,bernoulli_glm,1000,5,REJ-ABC,1493440368,0.99565,0.99525,0.498098,0.50203127,30.772245,0.9925,0.9925,0.49860448,0.5022302,30.539268,,0.008555066585540772,8.940690510885535,6.950247845319927,1000.0,/home/aaiuser/results/benchmarking_sbi_023/multirun/2024-12-08/07-19-47/12,12
763,bernoulli_glm,1000,8,REJ-ABC,279181463,0.9953,0.99435,0.44793922,0.4423505,26.560627,0.9915,0.9885,0.4398746,0.4335143,26.279896,,0.008851019541422527,10.206292421881013,7.993395695535443,1000.0,/home/aaiuser/results/benchmarking_sbi_023/multirun/2024-12-08/07-19-47/21,21
764,bernoulli_glm,100000,1,REJ-ABC,1812196918,0.93945,0.92645,0.14517993,0.1449821,15.02693,0.9315,0.92,0.15709102,0.15381932,14.987328,,0.29963658650716146,10.06081193369843,7.798912267982263,100000.0,/home/aaiuser/results/benchmarking_sbi_023/multirun/2024-12-08/07-19-47/2,2
765,bernoulli_glm,10000,9,REJ-ABC,3796168457,0.9758,0.97165,0.25378162,0.2571718,19.331436,0.9745,0.9715,0.26693583,0.27453613,19.172316,,0.02824575106302897,10.161605274730974,7.9262576660525825,10000.0,/home/aaiuser/results/benchmarking_sbi_023/multirun/2024-12-08/07-19-47/25,25
766,bernoulli_glm,100000,2,REJ-ABC,3165136993,0.9623,0.95435,0.2993349,0.293214,15.6709175,0.9545,0.9465,0.29345056,0.28741744,15.941999,,0.40881503423055016,9.998718638303512,7.807033067969657,100000.0,/home/aaiuser/results/benchmarking_sbi_023/multirun/2024-12-08/07-19-47/5,5
767,bernoulli_glm,10000,3,REJ-ABC,1515341915,0.9826,0.9795,0.3154243,0.31144476,20.926506,0.9735,0.971,0.30300945,0.2971991,20.882702,,0.14142330487569174,10.201764921073606,7.94727789012053,10000.0,/home/aaiuser/results/benchmarking_sbi_023/multirun/2024-12-08/07-19-47/7,7
768,bernoulli_glm,1000,1,REJ-ABC,2242250990,0.99355,0.993,0.43408436,0.44221005,27.308313,0.988,0.9895,0.43855006,0.44662902,27.155956,,0.10826012293497721,10.037207058716186,7.846789525188151,1000.0,/home/aaiuser/results/benchmarking_sbi_023/multirun/2024-12-08/07-19-47/0,0
769,bernoulli_glm,100000,3,REJ-ABC,885903044,0.9625,0.95415,0.22748756,0.22543567,17.485825,0.9545,0.9505,0.21686858,0.21359956,17.294842,,0.3285560607910156,10.470541040648486,8.339186615686883,100000.0,/home/aaiuser/results/benchmarking_sbi_023/multirun/2024-12-08/07-19-47/8,8
770,bernoulli_glm,100000,6,REJ-ABC,261094289,0.9597,0.9483,0.2961861,0.29439923,17.753056,0.9465,0.936,0.2963036,0.2943504,17.529106,,0.20092748006184896,9.780762870784244,7.573932261471904,100000.0,/home/aaiuser/results/benchmarking_sbi_023/multirun/2024-12-08/07-19-47/17,17
771,bernoulli_glm,1000,6,REJ-ABC,854638761,0.9943,0.9946,0.47284853,0.48170775,25.040356,0.9905,0.9895,0.47665006,0.48424074,25.038235,,0.008778822422027589,9.25076209439825,7.136869291568521,1000.0,/home/aaiuser/results/benchmarking_sbi_023/multirun/2024-12-08/07-19-47/15,15
772,bernoulli_glm,100000,4,REJ-ABC,827902899,0.94045,0.9257,0.16916007,0.15528196,15.151425,0.925,0.9165,0.16968298,0.15280259,14.736246,,0.1887685775756836,10.499738571286905,8.133263179601048,100000.0,/home/aaiuser/results/benchmarking_sbi_023/multirun/2024-12-08/07-19-47/11,11
773,bernoulli_glm,10000,7,REJ-ABC,552560180,0.98025,0.9769,0.33853358,0.33953393,21.382256,0.976,0.976,0.3424241,0.3447964,21.598145,,0.03457724253336589,9.595913472793894,7.491995328740015,10000.0,/home/aaiuser/results/benchmarking_sbi_023/multirun/2024-12-08/07-19-47/19,19
774,bernoulli_glm,1000,10,REJ-ABC,2876747139,0.99715,0.99705,0.52790886,0.5287503,33.056854,0.9935,0.995,0.5309312,0.5312077,32.856255,,0.008806848526000976,8.810347404359913,6.89524950676821,1000.0,/home/aaiuser/results/benchmarking_sbi_023/multirun/2024-12-08/07-19-47/27,27
775,bernoulli_glm,10000,1,REJ-ABC,3153702396,0.9803,0.97575,0.28609517,0.2823079,18.992718,0.972,0.976,0.2859657,0.28189623,18.858894,,0.1429744243621826,9.958605132512828,7.691416611313673,10000.0,/home/aaiuser/results/benchmarking_sbi_023/multirun/2024-12-08/07-19-47/1,1
776,bernoulli_glm,1000,4,REJ-ABC,8838391,0.99095,0.9899,0.396273,0.3840216,23.769005,0.9885,0.986,0.39817202,0.38609245,23.68774,,0.10992611249287923,10.197742029343079,8.041175192051366,1000.0,/home/aaiuser/results/benchmarking_sbi_023/multirun/2024-12-08/07-19-47/9,9
777,bernoulli_glm,100000,9,REJ-ABC,505510989,0.93385,0.92,0.15671968,0.14230293,15.552666,0.926,0.921,0.16629845,0.15211254,15.387985,,0.2673578898111979,10.416713313666655,8.329032709226817,100000.0,/home/aaiuser/results/benchmarking_sbi_023/multirun/2024-12-08/07-19-47/26,26
778,bernoulli_glm,1000,2,REJ-ABC,1009710227,0.99175,0.9905,0.40828198,0.42223784,24.68688,0.9875,0.9865,0.411036,0.4230957,24.497772,,0.10955379803975424,9.774977929692572,7.660353828660778,1000.0,/home/aaiuser/results/benchmarking_sbi_023/multirun/2024-12-08/07-19-47/3,3
779,slcp,100000,10,NLE,4199917713,0.70005,0.70035,0.024032593,0.021731377,2.240852,0.672,0.662,0.019872785,0.018496513,2.323339,,42.83228352864583,14.474997071626573,12.12720112258531,100000.0,/home/aaiuser/results/benchmarking_sbi_023/multirun/2024-11-25/20-32-14/29,29
780,slcp,1000,7,NLE,1996210510,0.97935,0.98035,0.1729368,0.40955484,28.235876,0.9585,0.9605,0.17709386,0.39889604,28.132416,,8.30112559000651,31.82588589845619,31.061519014052163,1000.0,/home/aaiuser/results/benchmarking_sbi_023/multirun/2024-11-25/20-32-14/18,18
781,slcp,100000,8,NLE,2613792427,0.7331,0.7362,0.01788342,0.056694746,23.939156,0.7115,0.716,0.01234138,0.06374562,23.880013,,49.82628580729167,13.535479276760144,10.483405114881764,100000.0,/home/aaiuser/results/benchmarking_sbi_023/multirun/2024-11-25/20-32-14/23,23
782,slcp,10000,10,NLE,228966301,0.7627,0.76385,0.047748804,0.049808502,1.9280357,0.729,0.7305,0.045415998,0.047331333,1.9186349,,15.150586954752605,18.325524542292797,15.341604034681435,10000.0,/home/aaiuser/results/benchmarking_sbi_023/multirun/2024-11-25/20-32-14/28,28
783,slcp,10000,5,NLE,1926398247,0.8557,0.8535,0.029871702,0.12647247,23.20251,0.824,0.8235,0.027967453,0.13456726,23.041233,,13.158165486653646,15.787231718359104,13.43267158729328,10000.0,/home/aaiuser/results/benchmarking_sbi_023/multirun/2024-11-25/20-32-14/13,13
784,slcp,10000,8,NLE,2082054807,0.769,0.77305,0.010182619,0.034749627,23.936762,0.7435,0.7615,0.016765356,0.03498459,23.994051,,17.48117472330729,16.264517367724224,12.938581226461874,10000.0,/home/aaiuser/results/benchmarking_sbi_023/multirun/2024-11-25/20-32-14/22,22
785,slcp,1000,3,NLE,4148067842,0.87295,0.86895,0.10638726,0.16393745,26.000256,0.854,0.8445,0.105513096,0.1622749,26.0324,,5.956043497721354,33.0825797346141,32.391056783355204,1000.0,/home/aaiuser/results/benchmarking_sbi_023/multirun/2024-11-25/20-32-14/6,6
786,slcp,10000,6,NLE,681812394,0.7854,0.7877,0.02794218,0.022932887,10.785418,0.764,0.7465,0.06338954,0.04714966,10.571032,,23.579341634114584,15.414921972644581,13.684978206573673,10000.0,/home/aaiuser/results/benchmarking_sbi_023/multirun/2024-11-25/20-32-14/16,16
787,slcp,100000,5,NLE,691473836,0.64025,0.6374,0.0035024881,0.0050970316,24.518475,0.629,0.6055,0.005977392,0.0072493553,24.696613,,49.7644775390625,11.463464385787644,8.775825670657547,100000.0,/home/aaiuser/results/benchmarking_sbi_023/multirun/2024-11-25/20-32-14/14,14
788,slcp,10000,2,NLE,3789181504,0.8806,0.88185,0.08668804,0.11699879,22.718094,0.841,0.819,0.13896954,0.120937765,22.455627,,22.903361002604168,16.160362297466207,13.855507700387555,10000.0,/home/aaiuser/results/benchmarking_sbi_023/multirun/2024-11-25/20-32-14/4,4
789,slcp,100000,7,NLE,3693469820,0.736,0.7314,0.12407029,0.06263292,29.449968,0.7185,0.7125,0.12523568,0.0626266,29.555649,,51.02379557291667,15.219418927610398,13.051540747215181,100000.0,/home/aaiuser/results/benchmarking_sbi_023/multirun/2024-11-25/20-32-14/20,20
790,slcp,10000,4,NLE,538190880,0.88645,0.8851,0.039739966,0.06016457,2.8713179,0.87,0.87,0.043596268,0.06701279,2.8162866,,15.150352986653646,29.08398188107406,26.74926791262056,10000.0,/home/aaiuser/results/benchmarking_sbi_023/multirun/2024-11-25/20-32-14/10,10
791,slcp,1000,9,NLE,545749036,0.93325,0.93295,0.15373367,0.28645563,10.256598,0.9155,0.9085,0.16472757,0.31061995,10.300038,,5.970279947916667,15.97212284101383,13.885719782726886,1000.0,/home/aaiuser/results/benchmarking_sbi_023/multirun/2024-11-25/20-32-14/24,24
792,slcp,1000,5,NLE,2320748007,0.8961,0.8963,0.13472557,0.1962182,23.521317,0.8885,0.8825,0.14030302,0.19960248,23.478971,,6.35029042561849,30.46457981210856,19.439803116573934,1000.0,/home/aaiuser/results/benchmarking_sbi_023/multirun/2024-11-25/20-32-14/12,12
793,slcp,1000,8,NLE,2262489494,0.95635,0.96155,0.042089343,0.17871076,24.878313,0.928,0.9205,0.030154347,0.16109824,24.963852,,6.088834635416666,29.100122245798524,29.56263759547643,1000.0,/home/aaiuser/results/benchmarking_sbi_023/multirun/2024-11-25/20-32-14/21,21
794,slcp,100000,1,NLE,1041071955,0.71145,0.70245,0.017127156,0.027087092,19.535027,0.679,0.665,0.010861754,0.02139163,19.319054,,55.433597819010416,13.1492104285001,11.139245756065659,100000.0,/home/aaiuser/results/benchmarking_sbi_023/multirun/2024-11-25/20-32-14/2,2
795,slcp,10000,9,NLE,3527362714,0.8317,0.8288,0.017186046,0.031237245,8.726422,0.7895,0.7885,0.016706109,0.024697661,8.816112,,24.9560791015625,16.420788668322412,13.800919524689435,10000.0,/home/aaiuser/results/benchmarking_sbi_023/multirun/2024-11-25/20-32-14/25,25
796,slcp,100000,2,NLE,1423043105,0.69495,0.6888,0.0027815104,0.008905768,22.588322,0.635,0.6245,0.014421344,0.015809536,22.794771,,54.43560791015625,12.316307532116387,10.858160915701818,100000.0,/home/aaiuser/results/benchmarking_sbi_023/multirun/2024-11-25/20-32-14/5,5
797,slcp,10000,3,NLE,251102198,0.82595,0.8255,0.019378304,0.08409989,25.592365,0.7725,0.7485,0.015276194,0.07198572,25.92205,,22.77203369140625,15.405804284282215,13.116067801789557,10000.0,/home/aaiuser/results/benchmarking_sbi_023/multirun/2024-11-25/20-32-14/7,7
798,slcp,1000,1,NLE,1419481474,0.97415,0.9747,0.175336,0.51672566,19.69513,0.965,0.9495,0.17887902,0.5225266,19.971836,,6.285163370768229,33.39557270392257,33.57354013679904,1000.0,/home/aaiuser/results/benchmarking_sbi_023/multirun/2024-11-25/20-32-14/0,0
799,slcp,100000,3,NLE,4013448023,0.74105,0.7364,0.007508397,0.019880652,25.950218,0.6935,0.6785,0.0021300316,0.016916752,26.284796,,62.781026204427086,11.912282758295513,9.623585999853255,100000.0,/home/aaiuser/results/benchmarking_sbi_023/multirun/2024-11-25/20-32-14/8,8
800,slcp,100000,6,NLE,1007044283,0.64185,0.6434,0.0023758411,0.002308607,10.7905655,0.593,0.585,0.0037252903,0.0032485723,10.718921,,60.41419677734375,11.607007982414494,9.00390643422492,100000.0,/home/aaiuser/results/benchmarking_sbi_023/multirun/2024-11-25/20-32-14/17,17
801,slcp,1000,6,NLE,3398451089,0.9457,0.94705,0.14753675,0.34174,10.941801,0.9395,0.9255,0.15103745,0.334162,11.066502,,6.340557352701823,32.52708164735243,32.67632575576006,1000.0,/home/aaiuser/results/benchmarking_sbi_023/multirun/2024-11-25/20-32-14/15,15
802,slcp,100000,4,NLE,3971207714,0.65615,0.66345,0.005547762,0.006153822,3.1517515,0.614,0.6435,0.006467819,0.00710392,3.2650452,,56.57532552083333,21.156587392964006,17.86127330431093,100000.0,/home/aaiuser/results/benchmarking_sbi_023/multirun/2024-11-25/20-32-14/11,11
803,slcp,10000,7,NLE,1705950760,0.94635,0.94705,0.07580125,0.20948648,29.456068,0.923,0.926,0.08420169,0.1915127,29.64996,,23.233888753255208,20.892381663988107,16.33685777783542,10000.0,/home/aaiuser/results/benchmarking_sbi_023/multirun/2024-11-25/20-32-14/19,19
804,slcp,1000,10,NLE,306908790,0.97525,0.97505,0.43708763,0.50150704,10.192059,0.95,0.949,0.42282027,0.49491358,9.896498,,8.193139139811198,36.30070137556588,36.07563780804148,1000.0,/home/aaiuser/results/benchmarking_sbi_023/multirun/2024-11-25/20-32-14/27,27
805,slcp,10000,1,NLE,2500277474,0.8776,0.8724,0.02946353,0.096325934,19.310621,0.8495,0.827,0.030371666,0.099047124,19.60817,,16.609549967447915,14.067511383953699,11.850984584683331,10000.0,/home/aaiuser/results/benchmarking_sbi_023/multirun/2024-11-25/20-32-14/1,1
806,slcp,1000,4,NLE,1183498756,0.93565,0.93845,0.09332001,0.18337893,3.3316903,0.8925,0.915,0.08209014,0.19445908,3.3915539,,6.350832621256511,31.83722855754602,29.54289423615127,1000.0,/home/aaiuser/results/benchmarking_sbi_023/multirun/2024-11-25/20-32-14/9,9
807,slcp,100000,9,NLE,1548992685,0.6616,0.65065,0.006543994,0.006727934,8.88929,0.578,0.587,0.0062338114,0.0050616264,8.757539,,46.91119384765625,13.477911226410132,11.052919056567417,100000.0,/home/aaiuser/results/benchmarking_sbi_023/multirun/2024-11-25/20-32-14/26,26
808,slcp,1000,2,NLE,2744177287,0.9408,0.939,0.11777496,0.35538802,23.56191,0.933,0.9245,0.124961495,0.35418856,23.133598,,5.838704935709635,18.203788239073145,16.076945373392416,1000.0,/home/aaiuser/results/benchmarking_sbi_023/multirun/2024-11-25/20-32-14/3,3
809,gaussian_linear_uniform,100000,10,NLE,1422712712,0.4977,0.49995,0.00035393238,0.00034594536,1.3393049,0.5075,0.4905,0.00014865398,0.0002667904,1.3510287,,25.38144327799479,3.3286455416961984,3.1846977935962477,100000.0,/home/aaiuser/results/benchmarking_sbi_023/multirun/2024-11-25/17-40-26/29,29
810,gaussian_linear_uniform,1000,7,NLE,796173685,0.5813,0.56575,0.0038400888,0.0038200617,1.3410497,0.5525,0.5525,0.0027081966,0.0027463436,1.3206377,,11.249098714192709,4.999632181262562,3.598695249024402,1000.0,/home/aaiuser/results/benchmarking_sbi_023/multirun/2024-11-25/17-40-26/18,18
811,gaussian_linear_uniform,100000,8,NLE,2214333961,0.49925,0.5047,0.00017499924,0.00021851063,1.3263068,0.506,0.516,-0.00017857552,-0.00014162064,1.3600034,,30.3961181640625,3.2618189090863874,3.1642103669122594,100000.0,/home/aaiuser/results/benchmarking_sbi_023/multirun/2024-11-25/17-40-26/23,23
812,gaussian_linear_uniform,10000,10,NLE,644109781,0.5295,0.52895,0.0027126074,0.002956748,1.3535485,0.5135,0.509,0.0021990538,0.002310872,1.3348382,,14.254212443033854,3.994281527140768,3.3704527038814143,10000.0,/home/aaiuser/results/benchmarking_sbi_023/multirun/2024-11-25/17-40-26/28,28
813,gaussian_linear_uniform,10000,5,NLE,1855624071,0.5184,0.50875,0.0007302761,0.0007110834,1.2987208,0.5045,0.4985,0.0009790659,0.00089776516,1.3117436,,15.106370035807291,4.077076931106315,3.2877171755431203,10000.0,/home/aaiuser/results/benchmarking_sbi_023/multirun/2024-11-25/17-40-26/13,13
814,gaussian_linear_uniform,10000,8,NLE,1625732894,0.5276,0.52745,0.0023097992,0.0021457672,1.3234255,0.5035,0.499,0.0019470453,0.0017902851,1.3231521,,14.433773803710938,3.8735708672454403,3.2529915682698634,10000.0,/home/aaiuser/results/benchmarking_sbi_023/multirun/2024-11-25/17-40-26/22,22
815,gaussian_linear_uniform,1000,3,NLE,2110229313,0.7176,0.67555,0.034817934,0.029620528,1.5580882,0.6795,0.6625,0.033236265,0.029402018,1.5739799,,11.245882161458333,5.263746625497841,3.8997809766400704,1000.0,/home/aaiuser/results/benchmarking_sbi_023/multirun/2024-11-25/17-40-26/6,6
816,gaussian_linear_uniform,10000,6,NLE,3503742145,0.53585,0.5253,0.002511859,0.0022380352,1.2782927,0.5345,0.508,0.0022234917,0.001974225,1.2854167,,13.898195393880208,4.673764247294167,3.3437827585328215,10000.0,/home/aaiuser/results/benchmarking_sbi_023/multirun/2024-11-25/17-40-26/16,16
817,gaussian_linear_uniform,100000,5,NLE,3601100980,0.49615,0.49985,2.4557114e-05,2.1457672e-05,1.3075619,0.497,0.525,0.00026488304,0.0001860857,1.3084495,,26.681490071614583,3.3404726631695487,3.2038252510594245,100000.0,/home/aaiuser/results/benchmarking_sbi_023/multirun/2024-11-25/17-40-26/14,14
818,gaussian_linear_uniform,10000,2,NLE,2719751856,0.5333,0.53345,0.0037881136,0.003251791,1.4303839,0.518,0.534,0.0026899576,0.0024540424,1.4231093,,15.892156982421875,4.2802131541757635,3.3753575571090413,10000.0,/home/aaiuser/results/benchmarking_sbi_023/multirun/2024-11-25/17-40-26/4,4
819,gaussian_linear_uniform,100000,7,NLE,2957986717,0.4982,0.50305,0.000243783,0.0002245903,1.307222,0.488,0.5025,0.00036764145,0.00033831596,1.3020923,,23.69904988606771,3.4977457642738647,3.1654125567370617,100000.0,/home/aaiuser/results/benchmarking_sbi_023/multirun/2024-11-25/17-40-26/20,20
820,gaussian_linear_uniform,10000,4,NLE,4218544532,0.52745,0.5246,0.0008958578,0.00078451633,1.3378154,0.5015,0.516,0.00053453445,0.0005187988,1.355154,,14.728257242838541,4.204268589204364,3.2546973056332775,10000.0,/home/aaiuser/results/benchmarking_sbi_023/multirun/2024-11-25/17-40-26/10,10
821,gaussian_linear_uniform,1000,9,NLE,2807766600,0.63815,0.6224,0.006675601,0.0058796406,1.3173335,0.609,0.6115,0.007461071,0.006650567,1.3095486,,11.52128397623698,5.5778704380179756,3.8648891957459357,1000.0,/home/aaiuser/results/benchmarking_sbi_023/multirun/2024-11-25/17-40-26/24,24
822,gaussian_linear_uniform,1000,5,NLE,2843447340,0.6242,0.6111,0.005336523,0.005369544,1.3067255,0.5895,0.5875,0.003952861,0.003881216,1.2980689,,12.241112263997396,5.795636993566466,3.9982057475280275,1000.0,/home/aaiuser/results/benchmarking_sbi_023/multirun/2024-11-25/17-40-26/12,12
823,gaussian_linear_uniform,1000,8,NLE,4077736606,0.62195,0.5894,0.0054609776,0.007711768,1.3474758,0.6005,0.567,0.005023837,0.0066378117,1.3523746,,11.220562744140626,4.841119757088746,3.5593536284839407,1000.0,/home/aaiuser/results/benchmarking_sbi_023/multirun/2024-11-25/17-40-26/21,21
824,gaussian_linear_uniform,100000,1,NLE,3811216556,0.50015,0.4964,0.0006008148,0.0006840229,1.3493284,0.5055,0.483,0.0003465414,0.00060784817,1.3517458,,25.031351725260418,3.355436858492211,3.233252187958024,100000.0,/home/aaiuser/results/benchmarking_sbi_023/multirun/2024-11-25/17-40-26/2,2
825,gaussian_linear_uniform,10000,9,NLE,322660223,0.5412,0.52725,0.0028973818,0.00281775,1.2937659,0.5275,0.531,0.0016469955,0.0017198324,1.3213186,,14.460265096028646,4.3414924242606405,3.3270091088485243,10000.0,/home/aaiuser/results/benchmarking_sbi_023/multirun/2024-11-25/17-40-26/25,25
826,gaussian_linear_uniform,100000,2,NLE,182350810,0.5083,0.5036,0.00052416325,0.0005251169,1.4189312,0.5015,0.509,0.0016149282,0.0014077425,1.4140712,,23.268424479166665,3.5396288741638635,3.3284543083792664,100000.0,/home/aaiuser/results/benchmarking_sbi_023/multirun/2024-11-25/17-40-26/5,5
827,gaussian_linear_uniform,10000,3,NLE,2737608940,0.5564,0.5475,0.005705714,0.0048749447,1.5022526,0.554,0.5525,0.0066019297,0.0056302547,1.5075063,,20.866766357421874,3.874408984852798,3.3266536684332326,10000.0,/home/aaiuser/results/benchmarking_sbi_023/multirun/2024-11-25/17-40-26/7,7
828,gaussian_linear_uniform,1000,1,NLE,4272453346,0.69285,0.662,0.04050827,0.035200953,1.4660411,0.6715,0.666,0.043282986,0.036002874,1.4585211,,11.527068074544271,6.121507741160494,4.285686493391287,1000.0,/home/aaiuser/results/benchmarking_sbi_023/multirun/2024-11-25/17-40-26/0,0
829,gaussian_linear_uniform,100000,3,NLE,3822184767,0.50595,0.51105,0.00094890594,0.0009943247,1.4847167,0.5045,0.488,0.00022995472,0.00034344196,1.4990606,,23.546087646484374,3.3614246975342534,3.2174454423587235,100000.0,/home/aaiuser/results/benchmarking_sbi_023/multirun/2024-11-25/17-40-26/8,8
830,gaussian_linear_uniform,100000,6,NLE,2268162874,0.5034,0.50385,0.00026381016,0.00024712086,1.2973456,0.5075,0.5095,0.0013685226,0.0011575222,1.3033214,,26.17939453125,3.3660220880870924,3.163548975043318,100000.0,/home/aaiuser/results/benchmarking_sbi_023/multirun/2024-11-25/17-40-26/17,17
831,gaussian_linear_uniform,1000,6,NLE,2957661696,0.60995,0.59365,0.0037611723,0.0045490265,1.2740021,0.593,0.5755,0.004784584,0.005077243,1.2734392,,12.221555582682292,5.667606960175383,3.9053121378433655,1000.0,/home/aaiuser/results/benchmarking_sbi_023/multirun/2024-11-25/17-40-26/15,15
832,gaussian_linear_uniform,100000,4,NLE,1025923401,0.5022,0.49885,0.00028192997,0.000284791,1.3362962,0.505,0.509,-0.000182271,-0.0001500845,1.343041,,34.085349527994794,3.439503221318068,3.215087859577826,100000.0,/home/aaiuser/results/benchmarking_sbi_023/multirun/2024-11-25/17-40-26/11,11
833,gaussian_linear_uniform,10000,7,NLE,4013263258,0.53115,0.52865,0.002106905,0.0018526316,1.2953477,0.5175,0.5175,0.0016915798,0.0015716553,1.2954843,,24.974711100260418,4.827104085969043,3.571228103536692,10000.0,/home/aaiuser/results/benchmarking_sbi_023/multirun/2024-11-25/17-40-26/19,19
834,gaussian_linear_uniform,1000,10,NLE,2996538980,0.65535,0.6205,0.014749289,0.013795733,1.3967688,0.636,0.6245,0.018454313,0.016835928,1.4091141,,11.729761759440104,5.54908783579894,3.9073721670262525,1000.0,/home/aaiuser/results/benchmarking_sbi_023/multirun/2024-11-25/17-40-26/27,27
835,gaussian_linear_uniform,10000,1,NLE,2390727299,0.52995,0.52185,0.0025666952,0.0024479628,1.3669487,0.518,0.5095,0.0025988817,0.0023992062,1.35162,,18.489265950520835,3.887778918235218,3.2990417987902947,10000.0,/home/aaiuser/results/benchmarking_sbi_023/multirun/2024-11-25/17-40-26/1,1
836,gaussian_linear_uniform,1000,4,NLE,861165903,0.59525,0.58075,0.003522873,0.0033266544,1.3665664,0.5755,0.573,0.004748106,0.0045325756,1.3402717,,11.8230224609375,5.330652021281619,3.81882006383704,1000.0,/home/aaiuser/results/benchmarking_sbi_023/multirun/2024-11-25/17-40-26/9,9
837,gaussian_linear_uniform,100000,9,NLE,3518955619,0.5009,0.50665,0.0002348423,0.00021088123,1.2832394,0.5015,0.522,0.00044941902,0.00049853325,1.2883567,,24.22310791015625,3.280336765108166,3.124543342961486,100000.0,/home/aaiuser/results/benchmarking_sbi_023/multirun/2024-11-25/17-40-26/26,26
838,gaussian_linear_uniform,1000,2,NLE,3913739947,0.59775,0.5694,0.0068467855,0.0063664913,1.4366626,0.572,0.5525,0.0042893887,0.0044249296,1.4352279,,11.999984741210938,5.163974559101241,3.692211147853477,1000.0,/home/aaiuser/results/benchmarking_sbi_023/multirun/2024-11-25/17-40-26/3,3
839,bernoulli_glm,100000,10,NLE,2997417153,0.54725,0.535,0.0049049854,0.0047978163,14.939224,0.5375,0.5335,0.0043133497,0.004138589,14.942946,,49.88066813151042,12.061484350027431,9.750405135246544,100000.0,/home/aaiuser/results/benchmarking_sbi_023/multirun/2024-11-25/09-23-38/29,29
840,bernoulli_glm,1000,7,NLE,917213705,0.7579,0.70675,0.066915035,0.06601846,12.7672,0.7605,0.729,0.070625424,0.06846142,12.8168955,,10.910535685221355,11.71829071465777,9.426226854349167,1000.0,/home/aaiuser/results/benchmarking_sbi_023/multirun/2024-11-25/09-23-38/18,18
841,bernoulli_glm,100000,8,NLE,2635364193,0.5883,0.56625,0.020607948,0.020490646,9.896704,0.569,0.539,0.018122315,0.017546535,9.774944,,53.20922037760417,11.574693338907196,9.296110462221417,100000.0,/home/aaiuser/results/benchmarking_sbi_023/multirun/2024-11-25/09-23-38/23,23
842,bernoulli_glm,10000,10,NLE,4128128763,0.61675,0.58825,0.015899777,0.015221477,14.881222,0.622,0.5985,0.016943455,0.016091943,14.778258,,22.586130777994793,12.210905150147992,9.922741598016266,10000.0,/home/aaiuser/results/benchmarking_sbi_023/multirun/2024-11-25/09-23-38/28,28
843,bernoulli_glm,10000,5,NLE,511251029,0.6352,0.61075,0.015915394,0.016142726,15.464558,0.6605,0.634,0.018327713,0.018195748,15.659275,,26.191951497395834,12.936946491016664,10.676261754383994,10000.0,/home/aaiuser/results/benchmarking_sbi_023/multirun/2024-11-25/09-23-38/13,13
844,bernoulli_glm,10000,8,NLE,905274422,0.6199,0.58805,0.04396534,0.03091681,10.335249,0.62,0.581,0.033283472,0.024080634,10.284057,,17.971636962890624,11.453502371029987,9.185782992741368,10000.0,/home/aaiuser/results/benchmarking_sbi_023/multirun/2024-11-25/09-23-38/22,22
845,bernoulli_glm,1000,3,NLE,2131167302,0.7634,0.7193,0.12723982,0.11558616,11.41545,0.746,0.6995,0.12520623,0.11259127,11.373341,,11.04301045735677,11.548367258530812,9.252926808951917,1000.0,/home/aaiuser/results/benchmarking_sbi_023/multirun/2024-11-25/09-23-38/6,6
846,bernoulli_glm,10000,6,NLE,2023436134,0.5719,0.555,0.0062903166,0.0062502623,13.092833,0.5695,0.5395,0.00602746,0.0063267946,13.163567,,17.886281331380207,12.24554871069374,9.89879993279406,10000.0,/home/aaiuser/results/benchmarking_sbi_023/multirun/2024-11-25/09-23-38/16,16
847,bernoulli_glm,100000,5,NLE,1519852311,0.5318,0.5293,0.0019885302,0.0020803213,15.435535,0.5435,0.5485,0.0014410019,0.0015536547,15.25967,,74.00577799479167,12.781778575768474,10.468155840782458,100000.0,/home/aaiuser/results/benchmarking_sbi_023/multirun/2024-11-25/09-23-38/14,14
848,bernoulli_glm,10000,2,NLE,610070389,0.5562,0.5457,0.006636262,0.005823612,11.467257,0.5655,0.5495,0.0061740875,0.005660057,11.422955,,16.217569986979168,11.914344264468658,9.650592854858429,10000.0,/home/aaiuser/results/benchmarking_sbi_023/multirun/2024-11-25/09-23-38/4,4
849,bernoulli_glm,100000,7,NLE,2616154992,0.53225,0.52265,0.0021731853,0.0022462606,12.840389,0.5155,0.492,0.0016328096,0.001822114,12.822343,,61.82667236328125,11.913728991436663,9.639111180136485,100000.0,/home/aaiuser/results/benchmarking_sbi_023/multirun/2024-11-25/09-23-38/20,20
850,bernoulli_glm,10000,4,NLE,2658576544,0.6293,0.6035,0.055728793,0.040678144,10.630069,0.613,0.6015,0.062278748,0.045396566,10.563898,,18.381526692708334,11.757301992692447,9.564700378513733,10000.0,/home/aaiuser/results/benchmarking_sbi_023/multirun/2024-11-25/09-23-38/10,10
851,bernoulli_glm,1000,9,NLE,1610361899,0.7707,0.72015,0.11237037,0.08690548,11.032625,0.761,0.72,0.11440551,0.08721125,10.961686,,10.953734334309896,11.449013584785531,9.157221833897006,1000.0,/home/aaiuser/results/benchmarking_sbi_023/multirun/2024-11-25/09-23-38/24,24
852,bernoulli_glm,1000,5,NLE,3642562730,0.78505,0.73895,0.08210111,0.080339074,15.296753,0.7855,0.742,0.082077265,0.081219554,15.2868395,,10.856234741210937,12.720862152719636,10.439955922738191,1000.0,/home/aaiuser/results/benchmarking_sbi_023/multirun/2024-11-25/09-23-38/12,12
853,bernoulli_glm,1000,8,NLE,143121481,0.7764,0.7251,0.09866083,0.068591595,11.1240425,0.7665,0.737,0.09346235,0.067397594,11.037722,,11.107261149088542,11.608781768349196,9.379309345146464,1000.0,/home/aaiuser/results/benchmarking_sbi_023/multirun/2024-11-25/09-23-38/21,21
854,bernoulli_glm,100000,1,NLE,3054419210,0.54705,0.538,0.0031535625,0.003796935,9.29126,0.5645,0.54,0.0031750202,0.004394889,9.17634,,57.47249755859375,10.647884726546152,8.368759909409826,100000.0,/home/aaiuser/results/benchmarking_sbi_023/multirun/2024-11-25/09-23-38/2,2
855,bernoulli_glm,10000,9,NLE,3141707135,0.6541,0.6122,0.039879322,0.03756225,9.956867,0.6465,0.597,0.041517258,0.038126707,9.883287,,17.042586263020834,11.58336883064834,9.233761542480176,10000.0,/home/aaiuser/results/benchmarking_sbi_023/multirun/2024-11-25/09-23-38/25,25
856,bernoulli_glm,100000,2,NLE,382648544,0.54625,0.53165,0.0033179522,0.0023972988,11.417903,0.5265,0.5305,0.0011427402,0.00078344345,11.336163,,79.93606770833334,12.008445391874876,9.667878946725033,100000.0,/home/aaiuser/results/benchmarking_sbi_023/multirun/2024-11-25/09-23-38/5,5
857,bernoulli_glm,10000,3,NLE,3032001179,0.61515,0.58365,0.0135092735,0.014122486,10.819849,0.611,0.578,0.013753176,0.014325976,10.883631,,18.43498331705729,11.536236098677286,9.220751982562108,10000.0,/home/aaiuser/results/benchmarking_sbi_023/multirun/2024-11-25/09-23-38/7,7
858,bernoulli_glm,1000,1,NLE,2028140072,0.7435,0.6907,0.08465397,0.06638849,10.66913,0.737,0.693,0.0995034,0.079336286,10.41519,,12.19803975423177,10.675780977528023,8.499958931040217,1000.0,/home/aaiuser/results/benchmarking_sbi_023/multirun/2024-11-25/09-23-38/0,0
859,bernoulli_glm,100000,3,NLE,4265150634,0.63225,0.594,0.021003246,0.020373225,10.901833,0.648,0.6025,0.026092649,0.024475694,11.067837,,56.06275634765625,11.641162071170077,9.33682173393291,100000.0,/home/aaiuser/results/benchmarking_sbi_023/multirun/2024-11-25/09-23-38/8,8
860,bernoulli_glm,100000,6,NLE,2572494428,0.5341,0.5225,0.0038672686,0.003638506,13.769143,0.545,0.533,0.003494501,0.003643155,13.90827,,60.15744222005208,11.902084617294681,9.583355701661928,100000.0,/home/aaiuser/results/benchmarking_sbi_023/multirun/2024-11-25/09-23-38/17,17
861,bernoulli_glm,1000,6,NLE,3673122099,0.6869,0.6644,0.05682385,0.05161047,13.164387,0.713,0.6775,0.058894992,0.05281067,13.185129,,11.529823811848958,11.759837182193422,9.40564996784498,1000.0,/home/aaiuser/results/benchmarking_sbi_023/multirun/2024-11-25/09-23-38/15,15
862,bernoulli_glm,100000,4,NLE,3315790643,0.5917,0.5666,0.010396361,0.01128006,10.270458,0.571,0.5775,0.008043766,0.008807063,10.283133,,56.13943277994792,12.029119274211062,9.713823626399131,100000.0,/home/aaiuser/results/benchmarking_sbi_023/multirun/2024-11-25/09-23-38/11,11
863,bernoulli_glm,10000,7,NLE,960815836,0.5977,0.58075,0.01849413,0.018421292,12.547356,0.5845,0.582,0.021051884,0.021086574,12.441608,,18.05321044921875,11.891358339040295,9.61109654375928,10000.0,/home/aaiuser/results/benchmarking_sbi_023/multirun/2024-11-25/09-23-38/19,19
864,bernoulli_glm,1000,10,NLE,3302311827,0.76935,0.7329,0.056713104,0.054940462,15.020662,0.7745,0.7355,0.056185722,0.054715037,14.902994,,11.522932942708334,12.254382789746556,9.940564189954738,1000.0,/home/aaiuser/results/benchmarking_sbi_023/multirun/2024-11-25/09-23-38/27,27
865,bernoulli_glm,10000,1,NLE,2573483638,0.59695,0.57065,0.0070471764,0.0064548254,9.707533,0.601,0.569,0.011806011,0.009592533,9.680305,,25.755645751953125,10.519729930378535,8.19884691452429,10000.0,/home/aaiuser/results/benchmarking_sbi_023/multirun/2024-11-25/09-23-38/1,1
866,bernoulli_glm,1000,4,NLE,845455106,0.6899,0.6611,0.055449367,0.048133373,11.092234,0.698,0.6545,0.0638926,0.054765224,11.031,,12.387038167317709,11.573317269098494,9.34173049872635,1000.0,/home/aaiuser/results/benchmarking_sbi_023/multirun/2024-11-25/09-23-38/9,9
867,bernoulli_glm,100000,9,NLE,3509225501,0.5675,0.5456,0.007976651,0.0074932575,9.583087,0.5685,0.545,0.009559631,0.008838773,9.615759,,58.0587890625,11.459487936512925,9.152160577881434,100000.0,/home/aaiuser/results/benchmarking_sbi_023/multirun/2024-11-25/09-23-38/26,26
868,bernoulli_glm,1000,2,NLE,238031638,0.68215,0.6407,0.057227135,0.050986648,11.458606,0.685,0.664,0.058686376,0.053346395,11.4076,,11.12855936686198,11.731974163807953,9.437721890408387,1000.0,/home/aaiuser/results/benchmarking_sbi_023/multirun/2024-11-25/09-23-38/3,3
869,slcp_distractors,100000,10,NLE,3103806778,0.8353,0.8369,0.10414052,0.09923941,349.38318,0.813,0.8165,0.089726806,0.083845556,354.05072,,157.90099283854167,,,100000.0,/home/aaiuser/results/benchmarking_sbi_023/multirun/2024-11-25/22-30-14/29,29
870,slcp_distractors,1000,7,NLE,2179712219,0.99935,0.99895,0.25349897,0.6167308,1076.9473,0.997,0.9975,0.2711535,0.62276226,1078.2837,,8.799861653645833,,,1000.0,/home/aaiuser/results/benchmarking_sbi_023/multirun/2024-11-25/22-30-14/18,18
871,slcp_distractors,100000,8,NLE,3003212847,0.899,0.90095,0.044362307,0.24767739,425.8824,0.8815,0.8695,0.044006348,0.24457616,424.71533,,236.86805013020833,,,100000.0,/home/aaiuser/results/benchmarking_sbi_023/multirun/2024-11-25/22-30-14/23,23
872,slcp_distractors,10000,10,NLE,3431185599,0.87465,0.88,0.081175745,0.07684684,349.82074,0.85,0.837,0.074634194,0.0688746,352.08966,,36.81806640625,,,10000.0,/home/aaiuser/results/benchmarking_sbi_023/multirun/2024-11-25/22-30-14/28,28
873,slcp_distractors,10000,5,NLE,894878120,0.9203,0.919,0.18376625,0.34678352,896.00037,0.9085,0.8945,0.20184195,0.33888143,895.8042,,24.774589029947915,,,10000.0,/home/aaiuser/results/benchmarking_sbi_023/multirun/2024-11-25/22-30-14/13,13
874,slcp_distractors,10000,8,NLE,1294358660,0.96515,0.96715,0.12382853,0.29493302,425.7789,0.9485,0.95,0.19270635,0.3190795,424.91983,,22.391593424479165,,,10000.0,/home/aaiuser/results/benchmarking_sbi_023/multirun/2024-11-25/22-30-14/22,22
875,slcp_distractors,1000,3,NLE,935323127,0.97585,0.97605,0.14192891,0.28633732,385.77765,0.969,0.9635,0.1389991,0.27293468,379.19818,,13.474636840820313,,,1000.0,/home/aaiuser/results/benchmarking_sbi_023/multirun/2024-11-25/22-30-14/6,6
876,slcp_distractors,10000,6,NLE,3316921828,0.9686,0.97005,0.15342295,0.29753214,347.73288,0.95,0.9415,0.14632976,0.27760345,346.74445,,12.379591878255209,,,10000.0,/home/aaiuser/results/benchmarking_sbi_023/multirun/2024-11-25/22-30-14/16,16
877,slcp_distractors,100000,5,NLE,3451956862,0.85865,0.85545,0.06601238,0.24573672,897.4384,0.838,0.835,0.06752205,0.26172757,897.4958,,185.78610026041667,,,100000.0,/home/aaiuser/results/benchmarking_sbi_023/multirun/2024-11-25/22-30-14/14,14
878,slcp_distractors,10000,2,NLE,3781186854,0.9674,0.96605,0.34521455,0.6361895,379.72626,0.961,0.956,0.3463176,0.6439735,374.72235,,47.654866536458336,,,10000.0,/home/aaiuser/results/benchmarking_sbi_023/multirun/2024-11-25/22-30-14/4,4
879,slcp_distractors,100000,7,NLE,687949422,0.94015,0.94275,0.2122271,0.34812522,1076.6078,0.9305,0.9335,0.21537936,0.35571015,1076.977,,68.06261800130208,,,100000.0,/home/aaiuser/results/benchmarking_sbi_023/multirun/2024-11-25/22-30-14/20,20
880,slcp_distractors,10000,4,NLE,3694196717,0.9608,0.9622,0.15609139,0.3341168,570.2208,0.932,0.942,0.14160353,0.33793753,572.6356,,16.950341796875,,,10000.0,/home/aaiuser/results/benchmarking_sbi_023/multirun/2024-11-25/22-30-14/10,10
881,slcp_distractors,1000,9,NLE,810982379,0.98545,0.98585,0.43081105,0.6615485,710.8614,0.9655,0.961,0.4207291,0.6368644,708.69104,,8.33746592203776,,,1000.0,/home/aaiuser/results/benchmarking_sbi_023/multirun/2024-11-25/22-30-14/24,24
882,slcp_distractors,1000,5,NLE,1298347196,0.99955,0.99925,0.595873,0.9726544,895.9276,0.9965,0.9975,0.58691734,0.9741879,895.0979,,10.380722045898438,,,1000.0,/home/aaiuser/results/benchmarking_sbi_023/multirun/2024-11-25/22-30-14/12,12
883,slcp_distractors,1000,8,NLE,3670850170,0.9913,0.9945,0.22258604,0.47583193,424.6664,0.9885,0.988,0.21929729,0.47724903,423.62842,,8.88292236328125,,,1000.0,/home/aaiuser/results/benchmarking_sbi_023/multirun/2024-11-25/22-30-14/21,21
884,slcp_distractors,100000,1,NLE,2200152795,0.93565,0.93315,0.10894561,0.35314253,895.768,0.9275,0.919,0.102259874,0.34468752,895.8187,,58.63454996744792,,,100000.0,/home/aaiuser/results/benchmarking_sbi_023/multirun/2024-11-25/22-30-14/2,2
885,slcp_distractors,10000,9,NLE,2986686281,0.9183,0.91875,0.11554676,0.21993387,712.8395,0.8875,0.8855,0.11341709,0.21848351,712.9295,,20.756772867838542,,,10000.0,/home/aaiuser/results/benchmarking_sbi_023/multirun/2024-11-25/22-30-14/25,25
886,slcp_distractors,100000,2,NLE,3917092144,0.92945,0.93045,0.13368511,0.376832,381.15765,0.913,0.903,0.12925649,0.3745575,383.07498,,185.767724609375,,,100000.0,/home/aaiuser/results/benchmarking_sbi_023/multirun/2024-11-25/22-30-14/5,5
887,slcp_distractors,10000,3,NLE,3306182676,0.98375,0.98385,0.08677459,0.36823064,385.59918,0.9755,0.9665,0.09028745,0.3842147,385.72055,,10.193274943033854,,,10000.0,/home/aaiuser/results/benchmarking_sbi_023/multirun/2024-11-25/22-30-14/7,7
888,slcp_distractors,1000,1,NLE,3219159825,0.99055,0.99,0.12372434,0.5360906,895.27655,0.9775,0.974,0.11922014,0.54074466,899.1977,,8.357187906901041,,,1000.0,/home/aaiuser/results/benchmarking_sbi_023/multirun/2024-11-25/22-30-14/0,0
889,slcp_distractors,100000,3,NLE,3343016849,0.8567,0.8519,0.07366693,0.23395288,386.0166,0.834,0.826,0.07010293,0.23463368,383.1432,,162.115478515625,,,100000.0,/home/aaiuser/results/benchmarking_sbi_023/multirun/2024-11-25/22-30-14/8,8
890,slcp_distractors,100000,6,NLE,3314324796,0.91515,0.91165,0.14099717,0.3298959,346.91956,0.8805,0.869,0.14595556,0.33714324,340.10205,,99.4896240234375,,,100000.0,/home/aaiuser/results/benchmarking_sbi_023/multirun/2024-11-25/22-30-14/17,17
891,slcp_distractors,1000,6,NLE,3843705833,0.9777,0.97755,0.20895422,0.45980734,349.8479,0.9625,0.955,0.20634615,0.43536603,351.5731,,8.014989217122396,,,1000.0,/home/aaiuser/results/benchmarking_sbi_023/multirun/2024-11-25/22-30-14/15,15
892,slcp_distractors,100000,4,NLE,995006339,0.97415,0.9749,0.13371873,0.4651127,571.5178,0.966,0.965,0.13613379,0.48122573,572.83734,,27.913818359375,,,100000.0,/home/aaiuser/results/benchmarking_sbi_023/multirun/2024-11-25/22-30-14/11,11
893,slcp_distractors,10000,7,NLE,4225204768,0.9733,0.972,0.12284851,0.38536683,1078.0656,0.9355,0.944,0.12637913,0.36952388,1077.6989,,19.77584228515625,,,10000.0,/home/aaiuser/results/benchmarking_sbi_023/multirun/2024-11-25/22-30-14/19,19
894,slcp_distractors,1000,10,NLE,1903613448,0.995,0.9951,0.76592535,0.74161696,349.8285,0.9895,0.989,0.7740098,0.7635788,346.9646,,8.358321126302084,,,1000.0,/home/aaiuser/results/benchmarking_sbi_023/multirun/2024-11-25/22-30-14/27,27
895,slcp_distractors,10000,1,NLE,2562813774,0.96225,0.9611,0.19923484,0.5102372,895.7332,0.96,0.956,0.20246553,0.5115044,896.0868,,30.382539876302083,,,10000.0,/home/aaiuser/results/benchmarking_sbi_023/multirun/2024-11-25/22-30-14/1,1
896,slcp_distractors,1000,4,NLE,125282173,0.99755,0.99775,0.59101313,0.5986572,571.5808,0.9955,0.9965,0.59272534,0.6027333,574.9443,,8.158951314290364,,,1000.0,/home/aaiuser/results/benchmarking_sbi_023/multirun/2024-11-25/22-30-14/9,9
897,slcp_distractors,100000,9,NLE,3807942096,0.92335,0.9228,0.16359776,0.32688153,712.7569,0.8855,0.8715,0.1574822,0.31180143,720.87866,,59.27965494791667,,,100000.0,/home/aaiuser/results/benchmarking_sbi_023/multirun/2024-11-25/22-30-14/26,26
898,slcp_distractors,1000,2,NLE,118041477,0.9809,0.9795,0.408033,0.623895,380.72186,0.971,0.9665,0.4081998,0.6187773,382.24292,,8.621016438802084,,,1000.0,/home/aaiuser/results/benchmarking_sbi_023/multirun/2024-11-25/22-30-14/3,3
899,gaussian_mixture,100000,10,NLE,3169423940,0.62065,0.6622,0.022253633,0.021022081,0.9784786,0.579,0.6425,0.018552125,0.017523348,0.9635426,,17.204939778645834,9.751601015934371,6.86279692902667,100000.0,/home/aaiuser/results/benchmarking_sbi_023/multirun/2024-11-25/19-37-35/29,29
900,gaussian_mixture,1000,7,NLE,1306675563,0.6888,0.7632,0.045042753,0.04673779,1.0842612,0.587,0.7375,0.034916043,0.03559923,1.0941243,,2.5366861979166666,8.941519477260035,7.354215038704463,1000.0,/home/aaiuser/results/benchmarking_sbi_023/multirun/2024-11-25/19-37-35/18,18
901,gaussian_mixture,100000,8,NLE,1908540881,0.68465,0.7289,0.026652873,0.02616787,1.1342282,0.6205,0.7125,0.015057445,0.014948726,1.1605868,,16.163648478190105,8.935876604859413,6.900345322942749,100000.0,/home/aaiuser/results/benchmarking_sbi_023/multirun/2024-11-25/19-37-35/23,23
902,gaussian_mixture,10000,10,NLE,2288991822,0.6832,0.75055,0.04987073,0.04930079,0.9927305,0.666,0.751,0.057523847,0.05703032,1.0068204,,5.7100270589192705,7.861051310253282,5.169161074910525,10000.0,/home/aaiuser/results/benchmarking_sbi_023/multirun/2024-11-25/19-37-35/28,28
903,gaussian_mixture,10000,5,NLE,479103176,0.67515,0.72655,0.027112424,0.027967572,1.0391074,0.62,0.7165,0.020623922,0.0209018,1.0828457,,5.463459269205729,6.751558206721439,4.564998146867723,10000.0,/home/aaiuser/results/benchmarking_sbi_023/multirun/2024-11-25/19-37-35/13,13
904,gaussian_mixture,10000,8,NLE,514520260,0.6787,0.7439,0.022143245,0.022312522,1.0643871,0.604,0.742,0.017392516,0.01772654,1.0403938,,4.430972798665365,9.140045474649922,5.777146622622241,10000.0,/home/aaiuser/results/benchmarking_sbi_023/multirun/2024-11-25/19-37-35/22,22
905,gaussian_mixture,1000,3,NLE,2028704097,0.6693,0.73505,0.009856939,0.009853959,0.9916259,0.636,0.711,0.0054113865,0.0054740906,1.0167426,,2.9450159708658856,10.15161659062205,4.746648654289315,1000.0,/home/aaiuser/results/benchmarking_sbi_023/multirun/2024-11-25/19-37-35/6,6
906,gaussian_mixture,10000,6,NLE,4013347679,0.8864,0.88445,0.48379296,0.4842166,5.297632,0.8845,0.885,0.4888836,0.4880943,5.2099433,,21.196630859375,14.34383887208032,12.029031005411921,10000.0,/home/aaiuser/results/benchmarking_sbi_023/multirun/2024-11-25/19-37-35/16,16
907,gaussian_mixture,100000,5,NLE,146047943,0.5434,0.60405,0.0020369291,0.0019863844,0.9019501,0.511,0.572,0.0011521578,0.0011302233,0.92651474,,13.941072591145833,10.130674558060127,7.60198522314195,100000.0,/home/aaiuser/results/benchmarking_sbi_023/multirun/2024-11-25/19-37-35/14,14
908,gaussian_mixture,10000,2,NLE,2389809453,0.6662,0.73275,0.021280408,0.021534324,1.0745705,0.639,0.726,0.024039268,0.023762882,1.099669,,5.6288909912109375,6.543600430173577,5.950444798660707,10000.0,/home/aaiuser/results/benchmarking_sbi_023/multirun/2024-11-25/19-37-35/4,4
909,gaussian_mixture,100000,7,NLE,975632071,0.6586,0.72405,0.029934704,0.029828012,1.1767321,0.5625,0.7115,0.017071247,0.01698339,1.1491017,,10.768445841471355,6.1738852239893784,6.224508883493533,100000.0,/home/aaiuser/results/benchmarking_sbi_023/multirun/2024-11-25/19-37-35/20,20
910,gaussian_mixture,10000,4,NLE,166273260,0.59575,0.68265,0.003520012,0.0037138462,0.96147215,0.5045,0.6955,0.0057657957,0.006305814,1.0424917,,8.342708841959636,8.706893293006594,7.993563781228883,10000.0,/home/aaiuser/results/benchmarking_sbi_023/multirun/2024-11-25/19-37-35/10,10
911,gaussian_mixture,1000,9,NLE,3151609331,0.72215,0.7405,0.023785472,0.023911476,1.0402107,0.665,0.7165,0.021391511,0.021755457,1.0076464,,2.548653157552083,9.703391664063004,7.320190042517019,1000.0,/home/aaiuser/results/benchmarking_sbi_023/multirun/2024-11-25/19-37-35/24,24
912,gaussian_mixture,1000,5,NLE,3130713792,0.71995,0.7572,0.05650258,0.05823487,1.1088207,0.5505,0.769,0.045247734,0.04603523,1.0675726,,2.8155553181966146,7.259453509601205,4.75162075303572,1000.0,/home/aaiuser/results/benchmarking_sbi_023/multirun/2024-11-25/19-37-35/12,12
913,gaussian_mixture,1000,8,NLE,1315258978,0.71435,0.7521,0.021808743,0.022526503,1.0082409,0.662,0.768,0.025392413,0.026525378,1.0192121,,2.6894577026367186,10.033049565084799,8.47735306886856,1000.0,/home/aaiuser/results/benchmarking_sbi_023/multirun/2024-11-25/19-37-35/21,21
914,gaussian_mixture,100000,1,NLE,774762069,0.5617,0.6094,0.0025184155,0.0029687881,0.8141817,0.4955,0.5935,0.0014616251,0.001802206,0.83476746,,33.60973307291667,12.392118716037162,9.823829600001506,100000.0,/home/aaiuser/results/benchmarking_sbi_023/multirun/2024-11-25/19-37-35/2,2
915,gaussian_mixture,10000,9,NLE,2021824437,0.6648,0.72455,0.006332636,0.0063382387,1.0247395,0.6345,0.7185,0.003692031,0.0037083626,1.0200275,,4.905936686197917,6.3693059428133285,5.164298540861604,10000.0,/home/aaiuser/results/benchmarking_sbi_023/multirun/2024-11-25/19-37-35/25,25
916,gaussian_mixture,100000,2,NLE,3396223836,0.67435,0.72945,0.026777387,0.027485132,1.0896795,0.6425,0.72,0.037699997,0.038835585,1.0797606,,10.306317138671876,7.735474348162851,5.914523430773354,100000.0,/home/aaiuser/results/benchmarking_sbi_023/multirun/2024-11-25/19-37-35/5,5
917,gaussian_mixture,10000,3,NLE,794422573,0.63935,0.6663,0.009906173,0.00983119,1.0694344,0.602,0.6615,0.011266112,0.011079311,1.1529722,,6.5892079671223955,12.897362001402055,10.49301348181846,10000.0,/home/aaiuser/results/benchmarking_sbi_023/multirun/2024-11-25/19-37-35/7,7
918,gaussian_mixture,1000,1,NLE,2455449133,0.74525,0.774,0.1593045,0.15936005,1.2531834,0.7215,0.762,0.16519767,0.16443974,1.2542094,,2.8105120340983074,8.221781509017651,6.414040017827106,1000.0,/home/aaiuser/results/benchmarking_sbi_023/multirun/2024-11-25/19-37-35/0,0
919,gaussian_mixture,100000,3,NLE,4225727845,0.70505,0.7271,0.020013094,0.020344377,1.1257951,0.6185,0.701,0.013867736,0.014357924,1.1161077,,26.67361043294271,6.861800341755601,4.112491620473425,100000.0,/home/aaiuser/results/benchmarking_sbi_023/multirun/2024-11-25/19-37-35/8,8
920,gaussian_mixture,100000,6,NLE,1436500453,0.72085,0.7263,0.01787281,0.018080235,1.1333299,0.666,0.7075,0.013507128,0.013420224,1.1076095,,11.27369893391927,9.294234913342901,7.533389706425022,100000.0,/home/aaiuser/results/benchmarking_sbi_023/multirun/2024-11-25/19-37-35/17,17
921,gaussian_mixture,1000,6,NLE,1527543020,0.7209,0.74675,0.015698195,0.015822768,1.0441327,0.6745,0.7315,0.010268331,0.010256648,1.0561335,,2.4969561258951822,9.916233131456643,8.421026945291679,1000.0,/home/aaiuser/results/benchmarking_sbi_023/multirun/2024-11-25/19-37-35/15,15
922,gaussian_mixture,100000,4,NLE,3273179116,0.67765,0.7217,0.026616693,0.026335716,1.1626699,0.6615,0.7135,0.02966541,0.029727817,1.2041312,,7.339082336425781,6.695108691268406,5.979074810322049,100000.0,/home/aaiuser/results/benchmarking_sbi_023/multirun/2024-11-25/19-37-35/11,11
923,gaussian_mixture,10000,7,NLE,2588404602,0.6353,0.74445,0.030642927,0.030206203,1.1302712,0.477,0.741,0.026365638,0.026232243,1.1675922,,7.997321065266927,6.758258532786191,4.858101950120431,10000.0,/home/aaiuser/results/benchmarking_sbi_023/multirun/2024-11-25/19-37-35/19,19
924,gaussian_mixture,1000,10,NLE,220603559,0.6912,0.75475,0.06600726,0.06492406,1.0155083,0.6405,0.7475,0.064945936,0.06434858,1.0026972,,2.585377502441406,8.463226431766191,6.199400324201755,1000.0,/home/aaiuser/results/benchmarking_sbi_023/multirun/2024-11-25/19-37-35/27,27
925,gaussian_mixture,10000,1,NLE,2849310776,0.6992,0.75655,0.05338192,0.05187279,0.9780537,0.6395,0.7605,0.053211868,0.051926136,1.0134865,,6.362990315755209,9.637081726952022,6.383180061294385,10000.0,/home/aaiuser/results/benchmarking_sbi_023/multirun/2024-11-25/19-37-35/1,1
926,gaussian_mixture,1000,4,NLE,631331706,0.56075,0.7472,0.020809531,0.020314336,1.0827893,0.5705,0.7255,0.025033236,0.0246706,1.1159549,,2.5079114278157553,8.2283869139494,7.485188082734799,1000.0,/home/aaiuser/results/benchmarking_sbi_023/multirun/2024-11-25/19-37-35/9,9
927,gaussian_mixture,100000,9,NLE,113900024,0.6147,0.6199,0.0033438206,0.00336349,1.0216562,0.4985,0.594,0.0028544664,0.0029449463,1.0414895,,27.429012044270834,11.46539361379284,8.190220284952765,100000.0,/home/aaiuser/results/benchmarking_sbi_023/multirun/2024-11-25/19-37-35/26,26
928,gaussian_mixture,1000,2,NLE,3631577221,0.69015,0.74065,0.021882892,0.022788525,0.9637195,0.634,0.7255,0.023628235,0.023556352,1.0347638,,2.512054951985677,9.207847868268018,7.499796380918967,1000.0,/home/aaiuser/results/benchmarking_sbi_023/multirun/2024-11-25/19-37-35/3,3
929,bernoulli_glm_raw,100000,10,NLE,305233063,0.75505,0.72405,0.039710402,0.03917861,5.477226,0.7635,0.7405,0.042783618,0.04163146,5.477226,,69.06370442708334,11.857046375762929,9.543273926268517,100000.0,/home/aaiuser/results/benchmarking_sbi_023/multirun/2024-11-25/12-06-28/29,29
930,bernoulli_glm_raw,1000,7,NLE,1619839714,0.8889,0.8553,0.14201194,0.14450395,4.8989797,0.89,0.88,0.15170223,0.1561153,4.8989797,,15.252840169270833,11.188668754086233,8.928985970852581,1000.0,/home/aaiuser/results/benchmarking_sbi_023/multirun/2024-11-25/12-06-28/18,18
931,bernoulli_glm_raw,100000,8,NLE,1980633331,0.90665,0.88085,0.09098911,0.0890615,3.7416575,0.8975,0.8855,0.08781278,0.087705016,3.7416575,,97.91468912760416,11.068113102502782,8.715656926058207,100000.0,/home/aaiuser/results/benchmarking_sbi_023/multirun/2024-11-25/12-06-28/23,23
932,bernoulli_glm_raw,10000,10,NLE,3606220020,0.80395,0.76345,0.08713436,0.08226538,5.5677643,0.785,0.7655,0.08621597,0.08254695,5.5677643,,22.123016357421875,12.232711850085343,9.903827744664223,10000.0,/home/aaiuser/results/benchmarking_sbi_023/multirun/2024-11-25/12-06-28/28,28
933,bernoulli_glm_raw,10000,5,NLE,2802214010,0.8771,0.84825,0.15919101,0.1516695,5.5677643,0.887,0.876,0.16583252,0.15704858,5.5677643,,30.98300577799479,12.017974757812592,9.773484100831809,10000.0,/home/aaiuser/results/benchmarking_sbi_023/multirun/2024-11-25/12-06-28/13,13
934,bernoulli_glm_raw,10000,8,NLE,2302440220,0.97995,0.9746,0.64906555,0.5349117,3.4641016,0.9745,0.975,0.6548964,0.5406764,3.4641016,,29.847794596354166,11.515949288603998,9.204032619870521,10000.0,/home/aaiuser/results/benchmarking_sbi_023/multirun/2024-11-25/12-06-28/22,22
935,bernoulli_glm_raw,1000,3,NLE,3120941453,0.80135,0.74465,0.061181903,0.063176036,3.8729835,0.773,0.7435,0.054739356,0.05665362,3.8729835,,19.40532023111979,11.034515981313314,8.712684807661537,1000.0,/home/aaiuser/results/benchmarking_sbi_023/multirun/2024-11-25/12-06-28/6,6
936,bernoulli_glm_raw,10000,6,NLE,638654843,0.93725,0.9184,0.19007182,0.19938576,4.8989797,0.9175,0.9155,0.19081545,0.19927001,4.8989797,,27.076822916666668,12.372907271498658,10.06886079460528,10000.0,/home/aaiuser/results/benchmarking_sbi_023/multirun/2024-11-25/12-06-28/16,16
937,bernoulli_glm_raw,100000,5,NLE,1505141106,0.8927,0.86185,0.12325239,0.12446177,5.5677643,0.8785,0.8745,0.1311512,0.13074923,5.477226,,137.21486002604166,12.030677346736299,9.74543451841913,100000.0,/home/aaiuser/results/benchmarking_sbi_023/multirun/2024-11-25/12-06-28/14,14
938,bernoulli_glm_raw,10000,2,NLE,3843669584,0.9564,0.94235,0.27876627,0.27637327,4.358899,0.9495,0.9495,0.27371967,0.271603,4.358899,,37.3707275390625,12.27326263279761,9.942969673827017,10000.0,/home/aaiuser/results/benchmarking_sbi_023/multirun/2024-11-25/12-06-28/4,4
939,bernoulli_glm_raw,100000,7,NLE,1034559325,0.97445,0.9655,0.36612266,0.37040234,4.7958317,0.9755,0.9745,0.36853963,0.3716715,4.7958317,,74.69962565104167,12.008810329382845,9.735289290824706,100000.0,/home/aaiuser/results/benchmarking_sbi_023/multirun/2024-11-25/12-06-28/20,20
940,bernoulli_glm_raw,10000,4,NLE,3488640770,0.91375,0.888,0.25230289,0.20302176,3.3166249,0.9045,0.892,0.23811066,0.19427013,3.3166249,,25.754923502604168,11.780180748877719,9.461317432243789,10000.0,/home/aaiuser/results/benchmarking_sbi_023/multirun/2024-11-25/12-06-28/10,10
941,bernoulli_glm_raw,1000,9,NLE,137371080,0.81105,0.7723,0.079081535,0.10633099,3.6055512,0.82,0.775,0.08882177,0.11887312,3.6055512,,14.983931477864584,10.894362298952132,8.598550480802329,1000.0,/home/aaiuser/results/benchmarking_sbi_023/multirun/2024-11-25/12-06-28/24,24
942,bernoulli_glm_raw,1000,5,NLE,1109917133,0.838,0.8085,0.11355889,0.10798931,5.5677643,0.833,0.815,0.1127187,0.10845733,5.656854,,15.327140299479167,12.46890922151794,10.21662938227192,1000.0,/home/aaiuser/results/benchmarking_sbi_023/multirun/2024-11-25/12-06-28/12,12
943,bernoulli_glm_raw,1000,8,NLE,1803901139,0.916,0.88805,0.31306136,0.30859637,3.6055512,0.911,0.896,0.32620233,0.31848937,3.6055512,,15.373230997721354,11.396724514656576,9.089631109089964,1000.0,/home/aaiuser/results/benchmarking_sbi_023/multirun/2024-11-25/12-06-28/21,21
944,bernoulli_glm_raw,100000,1,NLE,293048071,0.89025,0.85295,0.08825147,0.08519673,3.6055512,0.8665,0.8545,0.07777655,0.07308197,3.6055512,,86.89486490885416,10.942722838703725,8.646989713085246,100000.0,/home/aaiuser/results/benchmarking_sbi_023/multirun/2024-11-25/12-06-28/2,2
945,bernoulli_glm_raw,10000,9,NLE,1788863689,0.95435,0.9421,0.23433423,0.28573835,3.6055512,0.944,0.9415,0.23371911,0.28458714,3.6055512,,22.833770751953125,11.617262777334059,9.371358190370223,10000.0,/home/aaiuser/results/benchmarking_sbi_023/multirun/2024-11-25/12-06-28/25,25
946,bernoulli_glm_raw,100000,2,NLE,1627382899,0.96735,0.9569,0.45224047,0.39151478,4.358899,0.957,0.952,0.45112872,0.39359647,4.358899,,95.27447102864583,12.388898824980696,10.080061582228138,100000.0,/home/aaiuser/results/benchmarking_sbi_023/multirun/2024-11-25/12-06-28/5,5
947,bernoulli_glm_raw,10000,3,NLE,3461177222,0.8893,0.8545,0.17670202,0.18057,3.6055512,0.88,0.863,0.17321384,0.17462361,3.6055512,,22.25600789388021,10.975909721242527,8.6890297219329,10000.0,/home/aaiuser/results/benchmarking_sbi_023/multirun/2024-11-25/12-06-28/7,7
948,bernoulli_glm_raw,1000,1,NLE,3050986273,0.84365,0.7944,0.04930556,0.0501709,3.6055512,0.819,0.7945,0.04667127,0.046293616,3.6055512,,17.546026611328124,11.676114829676086,9.346116293759453,1000.0,/home/aaiuser/results/benchmarking_sbi_023/multirun/2024-11-25/12-06-28/0,0
949,bernoulli_glm_raw,100000,3,NLE,1659750653,0.95205,0.9372,0.24037659,0.22939873,3.7416575,0.9275,0.934,0.22350752,0.20948935,3.7416575,,147.34964192708333,12.135047048742011,9.770342999365289,100000.0,/home/aaiuser/results/benchmarking_sbi_023/multirun/2024-11-25/12-06-28/8,8
950,bernoulli_glm_raw,100000,6,NLE,3810042755,0.9315,0.91315,0.27389574,0.28035504,4.8989797,0.9225,0.9185,0.29026264,0.2922638,4.8989797,,99.18443196614584,12.207556793637314,9.87347041227376,100000.0,/home/aaiuser/results/benchmarking_sbi_023/multirun/2024-11-25/12-06-28/17,17
951,bernoulli_glm_raw,1000,6,NLE,3239589514,0.8649,0.8188,0.086452484,0.090988874,4.8989797,0.8445,0.828,0.0907048,0.0947777,4.8989797,,14.882681274414063,11.582358426270117,9.265165432329656,1000.0,/home/aaiuser/results/benchmarking_sbi_023/multirun/2024-11-25/12-06-28/15,15
952,bernoulli_glm_raw,100000,4,NLE,1617941438,0.961,0.9514,0.51128393,0.4020139,3.3166249,0.9585,0.9505,0.47968322,0.384081,3.3166249,,87.27515462239583,11.379289266853801,9.04508481898487,100000.0,/home/aaiuser/results/benchmarking_sbi_023/multirun/2024-11-25/12-06-28/11,11
953,bernoulli_glm_raw,10000,7,NLE,3896351024,0.89775,0.8762,0.17242253,0.18031621,5.0990195,0.897,0.8755,0.16928172,0.17535555,5.0990195,,26.846620686848958,11.802243947771954,9.473732953698056,10000.0,/home/aaiuser/results/benchmarking_sbi_023/multirun/2024-11-25/12-06-28/19,19
954,bernoulli_glm_raw,1000,10,NLE,3951616708,0.67535,0.64805,0.015941262,0.01656437,5.3851647,0.697,0.669,0.01496017,0.015386343,5.3851647,,18.577799479166668,11.981484926908173,9.670630287997591,1000.0,/home/aaiuser/results/benchmarking_sbi_023/multirun/2024-11-25/12-06-28/27,27
955,bernoulli_glm_raw,10000,1,NLE,2064183742,0.8564,0.8179,0.07338321,0.06830311,3.6055512,0.856,0.8325,0.08515322,0.07976329,3.6055512,,34.032309977213544,11.455302390250957,9.17248148311912,10000.0,/home/aaiuser/results/benchmarking_sbi_023/multirun/2024-11-25/12-06-28/1,1
956,bernoulli_glm_raw,1000,4,NLE,1588413282,0.8421,0.7984,0.08777809,0.10716057,3.4641016,0.833,0.79,0.08005786,0.1006242,3.4641016,,15.165647379557292,11.221666268900309,8.89673500228558,1000.0,/home/aaiuser/results/benchmarking_sbi_023/multirun/2024-11-25/12-06-28/9,9
957,bernoulli_glm_raw,100000,9,NLE,1992675111,0.91395,0.8912,0.23942852,0.22730124,3.3166249,0.895,0.8855,0.24513996,0.23459125,3.3166249,,93.87853190104167,11.975689828851502,9.696537611589111,100000.0,/home/aaiuser/results/benchmarking_sbi_023/multirun/2024-11-25/12-06-28/26,26
958,bernoulli_glm_raw,1000,2,NLE,1766527965,0.94175,0.9225,0.2507264,0.27260423,4.582576,0.931,0.923,0.24875271,0.271097,4.582576,,15.816424560546874,11.601972618360193,9.291652765564997,1000.0,/home/aaiuser/results/benchmarking_sbi_023/multirun/2024-11-25/12-06-28/3,3
959,gaussian_linear,100000,10,NLE,724807281,0.5022,0.5057,0.00048184395,0.00048184395,1.4789978,0.518,0.502,0.0006855726,0.00068199635,1.4819705,,26.195623779296874,7.512911057029734,5.974770219040711,100000.0,/home/aaiuser/results/benchmarking_sbi_023/multirun/2024-11-25/15-42-15/29,29
960,gaussian_linear,1000,7,NLE,1877525859,0.576,0.5717,0.004803419,0.004790783,1.349457,0.539,0.5615,0.004016757,0.003991723,1.3455646,,19.20664265950521,10.071216570918741,7.696632460300166,1000.0,/home/aaiuser/results/benchmarking_sbi_023/multirun/2024-11-25/15-42-15/18,18
961,gaussian_linear,100000,8,NLE,900600815,0.51845,0.51625,0.0009522438,0.0009584427,1.5242168,0.537,0.5145,0.0008314848,0.0008339882,1.5192692,,23.794179280598957,8.150995449219252,6.087564187933206,100000.0,/home/aaiuser/results/benchmarking_sbi_023/multirun/2024-11-25/15-42-15/23,23
962,gaussian_linear,10000,10,NLE,1890312109,0.5346,0.5248,0.0023146868,0.0022968054,1.5038753,0.5135,0.502,0.0016223192,0.0015826225,1.507771,,12.921120198567708,9.183968880857615,6.987123143615707,10000.0,/home/aaiuser/results/benchmarking_sbi_023/multirun/2024-11-25/15-42-15/28,28
963,gaussian_linear,10000,5,NLE,4213699002,0.51695,0.5125,0.0006996393,0.0006978512,1.2985874,0.5015,0.525,0.001142025,0.0010614395,1.304909,,13.80909932454427,8.073609711952757,6.141446564408412,10000.0,/home/aaiuser/results/benchmarking_sbi_023/multirun/2024-11-25/15-42-15/13,13
964,gaussian_linear,10000,8,NLE,3526808659,0.5625,0.55065,0.0059467554,0.0059838295,1.5668834,0.535,0.541,0.0056345463,0.005941868,1.5654176,,14.071480305989583,10.16600234413538,7.948414602944226,10000.0,/home/aaiuser/results/benchmarking_sbi_023/multirun/2024-11-25/15-42-15/22,22
965,gaussian_linear,1000,3,NLE,445766829,0.58685,0.57455,0.008829713,0.00877893,1.4511372,0.58,0.571,0.007510066,0.0074985027,1.4452453,,11.074861653645833,10.52523155737255,8.107982768364028,1000.0,/home/aaiuser/results/benchmarking_sbi_023/multirun/2024-11-25/15-42-15/6,6
966,gaussian_linear,10000,6,NLE,392324074,0.5265,0.52535,0.0016026497,0.0016037226,1.3084202,0.512,0.5045,0.0018349886,0.0018833876,1.3128192,,13.186568196614584,8.799093003776806,6.686802451279683,10000.0,/home/aaiuser/results/benchmarking_sbi_023/multirun/2024-11-25/15-42-15/16,16
967,gaussian_linear,100000,5,NLE,2352416134,0.5048,0.5077,0.0004632473,0.00046551228,1.2922808,0.5105,0.492,-9.274483e-05,-9.23872e-05,1.3239522,,24.91092529296875,7.449686469297802,5.741467714701982,100000.0,/home/aaiuser/results/benchmarking_sbi_023/multirun/2024-11-25/15-42-15/14,14
968,gaussian_linear,10000,2,NLE,4207332569,0.52415,0.5234,0.0012652874,0.0012638569,1.4086591,0.53,0.5135,0.0015286207,0.0015254021,1.412514,,23.53727823893229,8.597943617828548,6.708072240071089,10000.0,/home/aaiuser/results/benchmarking_sbi_023/multirun/2024-11-25/15-42-15/4,4
969,gaussian_linear,100000,7,NLE,3476208954,0.50005,0.50035,6.246567e-05,6.210804e-05,1.3631628,0.5135,0.5065,0.0011316538,0.001173377,1.3729265,,24.53498738606771,6.732067597300284,5.9831998887103595,100000.0,/home/aaiuser/results/benchmarking_sbi_023/multirun/2024-11-25/15-42-15/20,20
970,gaussian_linear,10000,4,NLE,4099435216,0.54645,0.5397,0.0034774542,0.0034525394,1.586483,0.5475,0.542,0.0029674768,0.0029081106,1.5559006,,13.562703450520834,9.644105237634474,7.378876595882254,10000.0,/home/aaiuser/results/benchmarking_sbi_023/multirun/2024-11-25/15-42-15/10,10
971,gaussian_linear,1000,9,NLE,2371959285,0.5472,0.5424,0.0033283234,0.0033414364,1.3931181,0.5425,0.5415,0.0035216808,0.0035299063,1.3929563,,10.807837931315104,9.485820173610275,7.540040265757662,1000.0,/home/aaiuser/results/benchmarking_sbi_023/multirun/2024-11-25/15-42-15/24,24
972,gaussian_linear,1000,5,NLE,3343339165,0.55155,0.54825,0.0028350353,0.0028301477,1.293334,0.5475,0.5185,0.0021312237,0.002162099,1.2953761,,11.625999959309896,9.438039928917144,6.973878543749935,1000.0,/home/aaiuser/results/benchmarking_sbi_023/multirun/2024-11-25/15-42-15/12,12
973,gaussian_linear,1000,8,NLE,3647753086,0.6303,0.6049,0.022001743,0.021915436,1.5936801,0.6105,0.6075,0.023356318,0.022508383,1.5941534,,10.973560587565105,11.439980874287315,9.174647803594068,1000.0,/home/aaiuser/results/benchmarking_sbi_023/multirun/2024-11-25/15-42-15/21,21
974,gaussian_linear,100000,1,NLE,371892978,0.5044,0.50175,0.0005195141,0.0005184412,1.442291,0.484,0.482,0.00027287006,0.00027668476,1.433743,,25.557377115885416,7.890570932792828,6.0656393027459234,100000.0,/home/aaiuser/results/benchmarking_sbi_023/multirun/2024-11-25/15-42-15/2,2
975,gaussian_linear,10000,9,NLE,2475144267,0.52265,0.5171,0.0013003349,0.00129807,1.3882697,0.5335,0.5255,0.0017374754,0.0017356873,1.3968334,,13.487328084309896,8.910477709758366,6.885709609145866,10000.0,/home/aaiuser/results/benchmarking_sbi_023/multirun/2024-11-25/15-42-15/25,25
976,gaussian_linear,100000,2,NLE,2951160310,0.5015,0.50505,0.00016510487,0.00016534328,1.3976145,0.515,0.521,0.000574708,0.00057959557,1.3930147,,24.637237548828125,6.906567373701956,5.6425044811056,100000.0,/home/aaiuser/results/benchmarking_sbi_023/multirun/2024-11-25/15-42-15/5,5
977,gaussian_linear,10000,3,NLE,1340305346,0.5287,0.52525,0.00093483925,0.00093746185,1.3999252,0.5195,0.5,0.0007882118,0.0007829666,1.3819582,,14.11415506998698,8.452940368129815,6.691466616639755,10000.0,/home/aaiuser/results/benchmarking_sbi_023/multirun/2024-11-25/15-42-15/7,7
978,gaussian_linear,1000,1,NLE,2168956080,0.59285,0.57865,0.010832429,0.0108110905,1.4747378,0.5985,0.577,0.01214385,0.012207389,1.4865842,,19.376822916666665,10.68804990537942,8.522030990373135,1000.0,/home/aaiuser/results/benchmarking_sbi_023/multirun/2024-11-25/15-42-15/0,0
979,gaussian_linear,100000,3,NLE,1218972938,0.5112,0.5028,0.0005694628,0.0005687475,1.3929625,0.5135,0.5255,0.00049996376,0.0005021095,1.4034069,,23.59712931315104,7.891450982296996,6.123944693616881,100000.0,/home/aaiuser/results/benchmarking_sbi_023/multirun/2024-11-25/15-42-15/8,8
980,gaussian_linear,100000,6,NLE,3613324153,0.5013,0.5003,9.8228455e-05,9.62019e-05,1.3147304,0.5175,0.535,0.0011396408,0.0011610985,1.3041513,,26.051106770833332,6.658558649438709,6.128295633500248,100000.0,/home/aaiuser/results/benchmarking_sbi_023/multirun/2024-11-25/15-42-15/17,17
981,gaussian_linear,1000,6,NLE,2977752289,0.5626,0.549,0.0036164522,0.003625989,1.3200033,0.53,0.5485,0.004412055,0.004446745,1.342756,,10.443747965494792,9.76528423487416,7.636173556295958,1000.0,/home/aaiuser/results/benchmarking_sbi_023/multirun/2024-11-25/15-42-15/15,15
982,gaussian_linear,100000,4,NLE,498981274,0.51155,0.51305,0.0010783672,0.0010756254,1.538268,0.5075,0.501,0.0016710758,0.0016577244,1.5334768,,26.1353271484375,8.465558870464685,6.538540322428575,100000.0,/home/aaiuser/results/benchmarking_sbi_023/multirun/2024-11-25/15-42-15/11,11
983,gaussian_linear,10000,7,NLE,1575685795,0.5304,0.5205,0.00065648556,0.00065910816,1.3759403,0.5115,0.5205,0.001057744,0.0010889769,1.3782176,,23.139542643229166,7.944871524589918,5.989058254306233,10000.0,/home/aaiuser/results/benchmarking_sbi_023/multirun/2024-11-25/15-42-15/19,19
984,gaussian_linear,1000,10,NLE,832939548,0.59855,0.5762,0.007598996,0.007618189,1.4995617,0.5605,0.555,0.0071718693,0.007310033,1.5151979,,11.040251668294271,10.335170775730491,8.104832765147872,1000.0,/home/aaiuser/results/benchmarking_sbi_023/multirun/2024-11-25/15-42-15/27,27
985,gaussian_linear,10000,1,NLE,3267703256,0.53875,0.53335,0.003127575,0.003135085,1.4600368,0.538,0.5145,0.003631115,0.0036566257,1.4614086,,13.485508219401042,9.593555985648907,7.484136706278463,10000.0,/home/aaiuser/results/benchmarking_sbi_023/multirun/2024-11-25/15-42-15/1,1
986,gaussian_linear,1000,4,NLE,840973229,0.6761,0.6539,0.03195834,0.03168881,1.6051402,0.6535,0.6625,0.031906247,0.031751394,1.6272895,,11.74363505045573,11.781748365931405,9.56074981861612,1000.0,/home/aaiuser/results/benchmarking_sbi_023/multirun/2024-11-25/15-42-15/9,9
987,gaussian_linear,100000,9,NLE,1622576801,0.5054,0.50305,0.0005931854,0.0005967617,1.3867973,0.5205,0.503,0.00046479702,0.00044119358,1.3797308,,25.55854695638021,7.691156377974212,6.198647482738289,100000.0,/home/aaiuser/results/benchmarking_sbi_023/multirun/2024-11-25/15-42-15/26,26
988,gaussian_linear,1000,2,NLE,3271797112,0.5676,0.55405,0.007630825,0.0076568127,1.4123383,0.589,0.554,0.008780003,0.00886488,1.4073044,,10.950770060221354,10.409550352040267,8.379333588445533,1000.0,/home/aaiuser/results/benchmarking_sbi_023/multirun/2024-11-25/15-42-15/3,3
989,gaussian_linear,1000,7,SNLE,119236100,0.5677,0.55285,0.004553318,0.0045568943,1.4056251,0.568,0.577,0.005697608,0.0058096647,1.4097807,,63.23178304036458,9.794940409414307,7.637888321505523,1000.0,/home/aaiuser/results/benchmarking_sbi_023/multirun/2024-11-30/10-39-44/18,18
990,gaussian_linear,100000,8,SNLE,2466065016,0.51285,0.50775,0.00055742264,0.00055992603,1.521885,0.5265,0.5115,0.0005155802,0.00059604645,1.5017333,,120.49983723958333,7.880712503722956,6.294332170721484,100000.0,/home/aaiuser/results/benchmarking_sbi_023/multirun/2024-11-30/10-39-44/23,23
991,gaussian_linear,10000,5,SNLE,633916905,0.5256,0.5206,0.0012370348,0.001244545,1.3136773,0.491,0.5305,0.0015429258,0.0016051531,1.3230257,,66.92196044921874,8.419270127000074,6.39322279328482,10000.0,/home/aaiuser/results/benchmarking_sbi_023/multirun/2024-11-30/10-39-44/13,13
992,gaussian_linear,10000,8,SNLE,3516952853,0.5444,0.5323,0.0021404028,0.002149582,1.5032883,0.546,0.527,0.0022140741,0.002299428,1.5176461,,67.83211263020833,9.239471607095776,7.060453447282233,10000.0,/home/aaiuser/results/benchmarking_sbi_023/multirun/2024-11-30/10-39-44/22,22
993,gaussian_linear,1000,3,SNLE,2695825362,0.5984,0.5815,0.0089434385,0.008919477,1.3814504,0.5745,0.565,0.008060098,0.008170724,1.3970551,,61.515804036458334,10.549817720981139,8.18281543583744,1000.0,/home/aaiuser/results/benchmarking_sbi_023/multirun/2024-11-30/10-39-44/6,6
994,gaussian_linear,10000,6,SNLE,2302137441,0.5212,0.51135,0.00071692467,0.00071811676,1.3197628,0.512,0.52,0.0003887415,0.00038003922,1.329313,,70.06971028645833,8.011125099294793,5.782807433830158,10000.0,/home/aaiuser/results/benchmarking_sbi_023/multirun/2024-11-30/10-39-44/16,16
995,gaussian_linear,100000,5,SNLE,1085307998,0.50935,0.50145,0.00022041798,0.00022184849,1.3074673,0.5025,0.512,-0.00029611588,-0.00028002262,1.3129756,,122.74160970052084,6.948100743980232,5.2592286086882725,100000.0,/home/aaiuser/results/benchmarking_sbi_023/multirun/2024-11-30/10-39-44/14,14
996,gaussian_linear,10000,2,SNLE,3902079412,0.53545,0.53045,0.0025343895,0.0025275946,1.3914015,0.521,0.5285,0.0024815798,0.002470851,1.4008348,,65.95439046223959,9.353916509313576,7.26480925108062,10000.0,/home/aaiuser/results/benchmarking_sbi_023/multirun/2024-11-30/10-39-44/4,4
997,gaussian_linear,100000,7,SNLE,3168923787,0.5099,0.50695,0.00038337708,0.00038421154,1.3739233,0.5215,0.4785,0.0006816387,0.0006840229,1.3597461,,124.00310872395833,7.214513464882812,5.572203232488322,100000.0,/home/aaiuser/results/benchmarking_sbi_023/multirun/2024-11-30/10-39-44/20,20
998,gaussian_linear,10000,4,SNLE,2954459005,0.54525,0.53345,0.0031571388,0.0031467676,1.5265431,0.5295,0.5425,0.0033266544,0.0033112764,1.5094023,,66.53643391927083,9.521817312703055,7.436190185244778,10000.0,/home/aaiuser/results/benchmarking_sbi_023/multirun/2024-11-30/10-39-44/10,10
999,gaussian_linear,1000,9,SNLE,933348922,0.5854,0.5734,0.0059916973,0.0060167313,1.3969717,0.586,0.5955,0.0057815313,0.0058819056,1.4087155,,65.298974609375,10.201720171715088,7.99718500332225,1000.0,/home/aaiuser/results/benchmarking_sbi_023/multirun/2024-11-30/10-39-44/24,24
1000,gaussian_linear,1000,5,SNLE,3620043576,0.57555,0.56085,0.006734729,0.006776929,1.3208017,0.542,0.559,0.0050365925,0.0052906275,1.3148787,,64.90360921223959,10.245071203592827,7.85574582047584,1000.0,/home/aaiuser/results/benchmarking_sbi_023/multirun/2024-11-30/10-39-44/12,12
1001,gaussian_linear,1000,8,SNLE,3132673571,0.6425,0.6215,0.019085765,0.01917684,1.5060793,0.634,0.6235,0.017758965,0.018140554,1.525003,,63.76992594401042,11.292352980628884,8.929307040909753,1000.0,/home/aaiuser/results/benchmarking_sbi_023/multirun/2024-11-30/10-39-44/21,21
1002,gaussian_linear,100000,1,SNLE,2056533709,0.5057,0.51005,0.000751853,0.00075519085,1.4341378,0.497,0.4955,0.0005158186,0.0005515814,1.4611492,,122.4115966796875,7.888657254349528,5.917002927813096,100000.0,/home/aaiuser/results/benchmarking_sbi_023/multirun/2024-11-30/10-39-44/2,2
1003,gaussian_linear,10000,9,SNLE,3478403057,0.528,0.52365,0.0009913445,0.0009912252,1.3823335,0.527,0.5045,0.0007688999,0.00075125694,1.3859851,,68.74361979166666,8.316850635443767,6.627082450949195,10000.0,/home/aaiuser/results/benchmarking_sbi_023/multirun/2024-11-30/10-39-44/25,25
1004,gaussian_linear,100000,2,SNLE,3771839803,0.5019,0.5056,0.00060760975,0.0006085634,1.3858063,0.4905,0.4905,0.00024139881,0.00025880337,1.3978561,,120.8296142578125,7.696851980378912,5.895938018902029,100000.0,/home/aaiuser/results/benchmarking_sbi_023/multirun/2024-11-30/10-39-44/5,5
1005,gaussian_linear,10000,3,SNLE,2059042012,0.5276,0.52695,0.00201118,0.002022624,1.4070734,0.5265,0.5215,0.001250267,0.0012931824,1.3969693,,69.16644694010417,8.891776363527327,6.6707023137277535,10000.0,/home/aaiuser/results/benchmarking_sbi_023/multirun/2024-11-30/10-39-44/7,7
1006,gaussian_linear,1000,1,SNLE,1001425119,0.6065,0.592,0.0115276575,0.011600137,1.4307505,0.5955,0.606,0.0111147165,0.011155367,1.427552,,65.45631510416666,10.871937813508191,8.561785987519636,1000.0,/home/aaiuser/results/benchmarking_sbi_023/multirun/2024-11-30/10-39-44/0,0
1007,gaussian_linear,100000,3,SNLE,4067433961,0.5151,0.5102,0.0006492138,0.0006480217,1.3947098,0.5275,0.523,0.00064492226,0.00062680244,1.3901567,,126.70904134114583,7.849191594010738,5.91599492525301,100000.0,/home/aaiuser/results/benchmarking_sbi_023/multirun/2024-11-30/10-39-44/8,8
1008,gaussian_linear,100000,6,SNLE,1331075410,0.5142,0.5052,0.00039315224,0.00039339066,1.3218181,0.496,0.5125,0.00065147877,0.00067448616,1.3103188,,125.65716959635417,7.593681652148149,6.147678967385811,100000.0,/home/aaiuser/results/benchmarking_sbi_023/multirun/2024-11-30/10-39-44/17,17
1009,gaussian_linear,1000,6,SNLE,1699172245,0.5691,0.5551,0.0047887564,0.004790187,1.3424697,0.561,0.572,0.004094839,0.0041606426,1.3296857,,61.23379313151042,9.950265837089459,7.622425566747866,1000.0,/home/aaiuser/results/benchmarking_sbi_023/multirun/2024-11-30/10-39-44/15,15
1010,gaussian_linear,100000,4,SNLE,568661068,0.5162,0.51525,0.0008164644,0.00081670284,1.5372647,0.5225,0.517,0.0014363527,0.001427412,1.5459592,,124.94651692708334,8.00190448958421,6.298366908212056,100000.0,/home/aaiuser/results/benchmarking_sbi_023/multirun/2024-11-30/10-39-44/11,11
1011,gaussian_linear,10000,7,SNLE,3080574404,0.53235,0.5343,0.002658248,0.0026578903,1.3570435,0.551,0.525,0.0024613142,0.0024342537,1.3442961,,66.06676025390625,9.263791466637329,7.1046953789636875,10000.0,/home/aaiuser/results/benchmarking_sbi_023/multirun/2024-11-30/10-39-44/19,19
1012,gaussian_linear,10000,1,SNLE,3952413853,0.5266,0.51955,0.00053727627,0.00053727627,1.4395559,0.488,0.489,0.0008267164,0.0008505583,1.4501575,,71.135888671875,7.8746901886132195,6.481690752223856,10000.0,/home/aaiuser/results/benchmarking_sbi_023/multirun/2024-11-30/10-39-44/1,1
1013,gaussian_linear,1000,4,SNLE,2106563505,0.5909,0.5773,0.0047768354,0.0047676563,1.5500267,0.587,0.58,0.0057759285,0.0057446957,1.5593326,,62.316768391927084,10.006705654864563,7.8000783474267665,1000.0,/home/aaiuser/results/benchmarking_sbi_023/multirun/2024-11-30/10-39-44/9,9
1014,gaussian_linear,100000,9,SNLE,2957597534,0.51225,0.5109,0.0004117489,0.0004118681,1.3891019,0.5205,0.5215,-0.00016713142,-0.00013756752,1.3860145,,117.28675944010416,7.370793203942348,5.796021671087153,100000.0,/home/aaiuser/results/benchmarking_sbi_023/multirun/2024-11-30/10-39-44/26,26
1015,gaussian_linear,1000,2,SNLE,2374956450,0.59555,0.58205,0.009492874,0.009566426,1.3624507,0.5875,0.5975,0.009100318,0.009203434,1.3636906,,60.02861735026042,10.631230971754201,8.352513505635667,1000.0,/home/aaiuser/results/benchmarking_sbi_023/multirun/2024-11-30/10-39-44/3,3
1016,gaussian_linear_uniform,1000,7,SNLE,103244764,0.59165,0.5823,0.0033596754,0.0034906864,1.3128031,0.5575,0.5515,0.0037831068,0.0038404465,1.3081932,,69.79366048177083,5.3802728590663005,3.8471340869085817,1000.0,/home/aaiuser/results/benchmarking_sbi_023/multirun/2024-11-30/20-33-13/18,18
1017,gaussian_linear_uniform,100000,8,SNLE,1474805067,0.4957,0.50015,0.00019311905,0.00020444393,1.3164341,0.5115,0.489,0.0002529621,0.00028967857,1.3010445,,122.56102701822917,3.3242833994187397,3.1428926494654954,100000.0,/home/aaiuser/results/benchmarking_sbi_023/multirun/2024-11-30/20-33-13/23,23
1018,gaussian_linear_uniform,10000,5,SNLE,1585212559,0.537,0.5327,0.0021549463,0.002064228,1.3088486,0.53,0.546,0.0027073622,0.0026507378,1.3047934,,71.13321126302084,4.127044122907071,3.3741310373317805,10000.0,/home/aaiuser/results/benchmarking_sbi_023/multirun/2024-11-30/20-33-13/13,13
1019,gaussian_linear_uniform,10000,8,SNLE,244366629,0.5214,0.5237,0.00055778027,0.00056660175,1.3304547,0.502,0.5,0.00020730495,0.0001796484,1.3269689,,74.60340983072916,3.6016486803313175,3.213665434328161,10000.0,/home/aaiuser/results/benchmarking_sbi_023/multirun/2024-11-30/20-33-13/22,22
1020,gaussian_linear_uniform,1000,3,SNLE,194836309,0.6661,0.6223,0.008074641,0.011196613,1.4887185,0.624,0.6065,0.0076663494,0.0102443695,1.5127885,,66.69203694661458,4.436371935697451,3.5183296278232077,1000.0,/home/aaiuser/results/benchmarking_sbi_023/multirun/2024-11-30/20-33-13/6,6
1021,gaussian_linear_uniform,10000,6,SNLE,1969360884,0.5223,0.51885,0.0013566017,0.0014145374,1.3151228,0.544,0.5415,0.0025053024,0.0027823448,1.3280365,,69.05382486979167,3.9168658598555983,3.32701732998769,10000.0,/home/aaiuser/results/benchmarking_sbi_023/multirun/2024-11-30/20-33-13/16,16
1022,gaussian_linear_uniform,100000,5,SNLE,1709159554,0.49955,0.50275,0.00022745132,0.00023114681,1.3045512,0.516,0.516,0.0011013746,0.0011053085,1.3003907,,133.274755859375,3.4929971648032505,3.2108163947349126,100000.0,/home/aaiuser/results/benchmarking_sbi_023/multirun/2024-11-30/20-33-13/14,14
1023,gaussian_linear_uniform,10000,2,SNLE,2532899787,0.5262,0.51915,0.0012447834,0.001016736,1.4168595,0.536,0.5305,0.0013065338,0.001198411,1.4072051,,75.34684244791667,3.906562121908452,3.3156874224351136,10000.0,/home/aaiuser/results/benchmarking_sbi_023/multirun/2024-11-30/20-33-13/4,4
1024,gaussian_linear_uniform,100000,7,SNLE,4138166680,0.5031,0.5059,0.00025701523,0.00027918816,1.3052821,0.5115,0.517,8.34465e-07,1.4781952e-05,1.3045661,,122.98681640625,3.449867951378869,3.217963608925724,100000.0,/home/aaiuser/results/benchmarking_sbi_023/multirun/2024-11-30/20-33-13/20,20
1025,gaussian_linear_uniform,10000,4,SNLE,1025168710,0.53005,0.52125,0.0006401539,0.000823617,1.3460798,0.5225,0.5145,0.00025773048,0.000310421,1.335222,,70.85845540364583,3.973901861540274,3.3599205267641574,10000.0,/home/aaiuser/results/benchmarking_sbi_023/multirun/2024-11-30/20-33-13/10,10
1026,gaussian_linear_uniform,1000,9,SNLE,2799100074,0.6008,0.5807,0.008567929,0.008503437,1.3347418,0.5625,0.557,0.007863641,0.0076237917,1.3375459,,66.56206868489583,4.917595016114421,3.6967374986519466,1000.0,/home/aaiuser/results/benchmarking_sbi_023/multirun/2024-11-30/20-33-13/24,24
1027,gaussian_linear_uniform,1000,5,SNLE,877545546,0.58865,0.57665,0.0044902563,0.0049698353,1.328052,0.5565,0.558,0.003967762,0.0042310953,1.3417087,,63.445231119791664,5.215086941832249,3.7983036518202185,1000.0,/home/aaiuser/results/benchmarking_sbi_023/multirun/2024-11-30/20-33-13/12,12
1028,gaussian_linear_uniform,1000,8,SNLE,3123047915,0.64365,0.60915,0.01382339,0.016769528,1.3702404,0.626,0.5935,0.014384508,0.01783526,1.3771005,,65.5909912109375,5.231506719419426,3.8390256409367427,1000.0,/home/aaiuser/results/benchmarking_sbi_023/multirun/2024-11-30/20-33-13/21,21
1029,gaussian_linear_uniform,100000,1,SNLE,671412932,0.50325,0.51735,0.00032305717,0.00028312206,1.3372937,0.5105,0.5105,0.0011385679,0.0012201071,1.3502712,,125.46617024739584,3.392890306591023,3.20474777227543,100000.0,/home/aaiuser/results/benchmarking_sbi_023/multirun/2024-11-30/20-33-13/2,2
1030,gaussian_linear_uniform,10000,9,SNLE,3064591001,0.5207,0.52085,0.00022625923,0.0002539158,1.2849445,0.5075,0.511,0.00021600723,0.00020158291,1.2934725,,72.6196533203125,3.796820437499259,3.2305490271613166,10000.0,/home/aaiuser/results/benchmarking_sbi_023/multirun/2024-11-30/20-33-13/25,25
1031,gaussian_linear_uniform,100000,2,SNLE,988832002,0.5051,0.50255,0.00023794174,0.00026607513,1.4173092,0.5335,0.521,0.0014287233,0.0012201071,1.4238074,,128.40044759114582,3.361083226842038,3.269272621521718,100000.0,/home/aaiuser/results/benchmarking_sbi_023/multirun/2024-11-30/20-33-13/5,5
1032,gaussian_linear_uniform,10000,3,SNLE,2528589793,0.53285,0.5179,0.0010470152,0.0013217926,1.4934314,0.512,0.5185,0.001115799,0.0014973879,1.483279,,73.77291666666666,3.591575149864418,3.31399518646789,10000.0,/home/aaiuser/results/benchmarking_sbi_023/multirun/2024-11-30/20-33-13/7,7
1033,gaussian_linear_uniform,1000,1,SNLE,3429548438,0.6077,0.58085,0.007275462,0.009050846,1.3940446,0.567,0.57,0.0072723627,0.008914113,1.405018,,64.3117431640625,5.0012811468236675,3.7306987112025336,1000.0,/home/aaiuser/results/benchmarking_sbi_023/multirun/2024-11-30/20-33-13/0,0
1034,gaussian_linear_uniform,100000,3,SNLE,1116994612,0.5134,0.50485,0.00066292286,0.0006632805,1.4694753,0.49,0.4945,-0.00019955635,-0.00015175343,1.4496707,,129.10985514322917,3.3928125940397615,3.1800232231535897,100000.0,/home/aaiuser/results/benchmarking_sbi_023/multirun/2024-11-30/20-33-13/8,8
1035,gaussian_linear_uniform,100000,6,SNLE,3749812940,0.51055,0.5031,0.00027263165,0.00027811527,1.3021758,0.485,0.4915,0.00085639954,0.000770092,1.3000375,,126.67884114583333,3.364796709785378,3.2646054245703433,100000.0,/home/aaiuser/results/benchmarking_sbi_023/multirun/2024-11-30/20-33-13/17,17
1036,gaussian_linear_uniform,1000,6,SNLE,2455005298,0.6047,0.5903,0.007404566,0.008584499,1.3315781,0.614,0.5875,0.009401917,0.009943843,1.3498734,,67.13074137369792,5.107233250420954,3.7885497737693656,1000.0,/home/aaiuser/results/benchmarking_sbi_023/multirun/2024-11-30/20-33-13/15,15
1037,gaussian_linear_uniform,100000,4,SNLE,58446636,0.5067,0.50485,0.00028419495,0.0004335642,1.3380667,0.5105,0.491,0.00018155575,0.00026130676,1.3217795,,129.3455322265625,3.372071443054962,3.2322452938998296,100000.0,/home/aaiuser/results/benchmarking_sbi_023/multirun/2024-11-30/20-33-13/11,11
1038,gaussian_linear_uniform,10000,7,SNLE,1084511041,0.53175,0.52375,0.0009163618,0.00088620186,1.317441,0.51,0.516,0.0005545616,0.0005748272,1.3239292,,70.38191731770833,3.913079567070265,3.242527896283325,10000.0,/home/aaiuser/results/benchmarking_sbi_023/multirun/2024-11-30/20-33-13/19,19
1039,gaussian_linear_uniform,10000,1,SNLE,3835582427,0.533,0.52455,0.0014272928,0.0011800528,1.3431789,0.516,0.498,0.0023379326,0.001917839,1.3609831,,70.83929036458333,3.872429422767669,3.3077884566602744,10000.0,/home/aaiuser/results/benchmarking_sbi_023/multirun/2024-11-30/20-33-13/1,1
1040,gaussian_linear_uniform,1000,4,SNLE,385703303,0.60035,0.57545,0.005836487,0.005358696,1.3522308,0.57,0.574,0.0052375793,0.0047414303,1.3411708,,63.8421630859375,5.223501251412555,3.769498841629531,1000.0,/home/aaiuser/results/benchmarking_sbi_023/multirun/2024-11-30/20-33-13/9,9
1041,gaussian_linear_uniform,100000,9,SNLE,524092641,0.50135,0.5073,0.00012648106,0.00017678738,1.2905948,0.523,0.5185,0.00038027763,0.0005135536,1.2959899,,116.49258626302084,3.316568328321097,3.169889761511776,100000.0,/home/aaiuser/results/benchmarking_sbi_023/multirun/2024-11-30/20-33-13/26,26
1042,gaussian_linear_uniform,1000,2,SNLE,3751509465,0.65735,0.62825,0.013560891,0.013996363,1.4144561,0.589,0.6135,0.009770751,0.010826111,1.4164392,,63.654048665364584,5.813828038317324,4.040675711591704,1000.0,/home/aaiuser/results/benchmarking_sbi_023/multirun/2024-11-30/20-33-13/3,3
1043,gaussian_linear,100000,10,NPE,3720544167,0.51575,0.5081,0.00070524216,0.000705719,1.4768391,0.502,0.481,0.00034034252,0.00033831596,1.4897237,-1.675724983215332,17.38419392903646,8.343440219224417,6.610434368491597,100000.0,/home/aaiuser/results/benchmarking_sbi_023/multirun/2024-11-20/22-13-23/29,29
1044,gaussian_linear,1000,7,NPE,248374445,0.71745,0.6894,0.049741745,0.04972136,1.5535017,0.6925,0.6775,0.047967196,0.047885656,1.5753019,-0.5980281829833984,0.24944547017415364,12.155623626221045,9.823517996353623,1000.0,/home/aaiuser/results/benchmarking_sbi_023/multirun/2024-11-20/22-13-23/18,18
1045,gaussian_linear,100000,8,NPE,3884522114,0.5213,0.50995,0.00072443485,0.0007259846,1.5146775,0.497,0.51,-0.00015032291,-0.00013840199,1.5324543,-2.709819793701172,23.575252278645834,8.047615263546811,6.048228242779185,100000.0,/home/aaiuser/results/benchmarking_sbi_023/multirun/2024-11-20/22-13-23/23,23
1046,gaussian_linear,10000,10,NPE,2963326817,0.5719,0.55795,0.0041003227,0.004073024,1.5182567,0.5495,0.5245,0.003569007,0.0035294294,1.5404496,-2.546834945678711,2.5701215108235678,9.797072592258031,7.680558846449514,10000.0,/home/aaiuser/results/benchmarking_sbi_023/multirun/2024-11-20/22-13-23/28,28
1047,gaussian_linear,10000,5,NPE,3220974476,0.54625,0.53255,0.0018953085,0.001901269,1.3443909,0.5235,0.532,0.0018382072,0.0019769669,1.3507106,0.052519798278808594,2.5065155029296875,8.525382368387529,6.437314050003603,10000.0,/home/aaiuser/results/benchmarking_sbi_023/multirun/2024-11-20/22-13-23/13,13
1048,gaussian_linear,10000,8,NPE,2193539764,0.5966,0.58955,0.0075922012,0.0076292753,1.5842953,0.575,0.5695,0.006641865,0.006891966,1.590354,-1.5339727401733398,2.335490417480469,10.379909198431532,8.01868157147307,10000.0,/home/aaiuser/results/benchmarking_sbi_023/multirun/2024-11-20/22-13-23/22,22
1049,gaussian_linear,1000,3,NPE,2598618483,0.77905,0.75105,0.06144607,0.061045647,1.6360445,0.7315,0.73,0.0642544,0.064570546,1.6318587,11.10757064819336,0.2933599789937337,12.364241185792281,10.141778008107051,1000.0,/home/aaiuser/results/benchmarking_sbi_023/multirun/2024-11-20/22-13-23/6,6
1050,gaussian_linear,10000,6,NPE,1121863465,0.53615,0.5275,0.0021390915,0.0021412373,1.3438821,0.5385,0.5195,0.0013297796,0.0013213158,1.349413,-0.10456371307373047,2.4412986755371096,8.775544337160872,6.505826361176725,10000.0,/home/aaiuser/results/benchmarking_sbi_023/multirun/2024-11-20/22-13-23/16,16
1051,gaussian_linear,100000,5,NPE,3927182501,0.4991,0.5074,0.0001500845,0.00015115738,1.3028581,0.5225,0.509,0.00043785572,0.00045084953,1.3162814,-0.7051773071289062,26.603342692057293,6.360648481380679,6.210131694258199,100000.0,/home/aaiuser/results/benchmarking_sbi_023/multirun/2024-11-20/22-13-23/14,14
1052,gaussian_linear,10000,2,NPE,1461554172,0.54285,0.5308,0.001437068,0.0014356375,1.4120626,0.5275,0.5345,0.002703309,0.0027356148,1.4136937,1.7687339782714844,2.5520716349283856,8.686049091834013,6.7437154287647045,10000.0,/home/aaiuser/results/benchmarking_sbi_023/multirun/2024-11-20/22-13-23/4,4
1053,gaussian_linear,100000,7,NPE,3367273986,0.50295,0.505,0.00018811226,0.00018906593,1.3700387,0.515,0.5075,0.0004711151,0.00047445297,1.3976688,0.6756200790405273,21.971331787109374,7.232804304165345,5.8705421826614765,100000.0,/home/aaiuser/results/benchmarking_sbi_023/multirun/2024-11-20/22-13-23/20,20
1054,gaussian_linear,10000,4,NPE,3779653540,0.60545,0.5791,0.004170537,0.004143834,1.5678089,0.572,0.58,0.004730344,0.004636407,1.5659057,2.302021026611328,2.30817133585612,9.852867189574166,7.685138914995714,10000.0,/home/aaiuser/results/benchmarking_sbi_023/multirun/2024-11-20/22-13-23/10,10
1055,gaussian_linear,1000,9,NPE,1201126750,0.70855,0.6821,0.035039544,0.035068154,1.5478148,0.6685,0.664,0.0338794,0.0339458,1.5366503,4.51942253112793,0.25695374806722004,11.819502031902143,9.486146959153626,1000.0,/home/aaiuser/results/benchmarking_sbi_023/multirun/2024-11-20/22-13-23/24,24
1056,gaussian_linear,1000,5,NPE,2534099484,0.6936,0.6657,0.038095832,0.03809917,1.4808682,0.679,0.681,0.038668513,0.03843963,1.4625883,-0.48533058166503906,0.27740214665730795,11.794881399340666,9.545475929926084,1000.0,/home/aaiuser/results/benchmarking_sbi_023/multirun/2024-11-20/22-13-23/12,12
1057,gaussian_linear,1000,8,NPE,2369393476,0.8186,0.78975,0.07592702,0.076494694,1.7665284,0.769,0.7705,0.075206995,0.07614148,1.7656183,2.4189414978027344,0.24609378178914387,12.640260024855577,10.339289380294339,1000.0,/home/aaiuser/results/benchmarking_sbi_023/multirun/2024-11-20/22-13-23/21,21
1058,gaussian_linear,100000,1,NPE,1253890359,0.50195,0.49795,0.0003426075,0.0003439188,1.4390244,0.5095,0.4895,0.00023579597,0.00023770332,1.4445434,-0.8006687164306641,20.086090087890625,7.5862070083914785,5.8129975618987455,100000.0,/home/aaiuser/results/benchmarking_sbi_023/multirun/2024-11-20/22-13-23/2,2
1059,gaussian_linear,10000,9,NPE,758320326,0.5537,0.5442,0.0026057959,0.0026072264,1.4217784,0.531,0.533,0.0026404858,0.002672553,1.4237111,2.2596006393432617,2.4699137369791666,9.230966973437884,7.179923785947721,10000.0,/home/aaiuser/results/benchmarking_sbi_023/multirun/2024-11-20/22-13-23/25,25
1060,gaussian_linear,100000,2,NPE,2634141877,0.501,0.50355,5.8174133e-05,5.8174133e-05,1.3969374,0.5125,0.5235,4.529953e-05,6.723404e-05,1.3950083,2.938901901245117,27.7692138671875,6.274519110385553,5.1371316655531,100000.0,/home/aaiuser/results/benchmarking_sbi_023/multirun/2024-11-20/22-13-23/5,5
1061,gaussian_linear,10000,3,NPE,719644848,0.5674,0.55755,0.004166007,0.0041502714,1.4346308,0.539,0.5405,0.0026421547,0.002652049,1.40746,5.312561988830566,2.473716227213542,9.758443514423092,7.333274812747972,10000.0,/home/aaiuser/results/benchmarking_sbi_023/multirun/2024-11-20/22-13-23/7,7
1062,gaussian_linear,1000,1,NPE,1138732501,0.77195,0.74285,0.06256127,0.062817335,1.6825223,0.7395,0.7455,0.065659165,0.06614125,1.710489,1.9312047958374023,0.4834255854288737,12.39337378360448,10.151581829468139,1000.0,/home/aaiuser/results/benchmarking_sbi_023/multirun/2024-11-20/22-13-23/0,0
1063,gaussian_linear,100000,3,NPE,2002374529,0.51005,0.502,0.0008429289,0.0008467436,1.407407,0.5105,0.5035,0.0009915829,0.0009522438,1.3840113,4.290560722351074,17.7977294921875,8.034635148274328,6.16414511186525,100000.0,/home/aaiuser/results/benchmarking_sbi_023/multirun/2024-11-20/22-13-23/8,8
1064,gaussian_linear,100000,6,NPE,3054103354,0.5032,0.507,0.00039076805,0.00039052963,1.3167832,0.4805,0.468,0.00088119507,0.0008573532,1.3219779,-0.2485818862915039,19.170271809895834,7.306905624210506,5.98907283925359,100000.0,/home/aaiuser/results/benchmarking_sbi_023/multirun/2024-11-20/22-13-23/17,17
1065,gaussian_linear,1000,6,NPE,3678962343,0.64625,0.6199,0.020426393,0.020438552,1.4456654,0.624,0.621,0.020538688,0.020612836,1.4438376,-1.165975570678711,0.24949854214986164,11.20241255441657,8.90070262809124,1000.0,/home/aaiuser/results/benchmarking_sbi_023/multirun/2024-11-20/22-13-23/15,15
1066,gaussian_linear,100000,4,NPE,532029117,0.51465,0.5115,0.0005557537,0.00055742264,1.5167625,0.506,0.495,0.0015349388,0.0015258789,1.518841,1.0591554641723633,17.783740234375,7.662697361019951,6.266012841599095,100000.0,/home/aaiuser/results/benchmarking_sbi_023/multirun/2024-11-20/22-13-23/11,11
1067,gaussian_linear,10000,7,NPE,4150802429,0.54065,0.53155,0.0013496876,0.0013464689,1.3717513,0.5245,0.517,0.0023591518,0.002419114,1.3526814,1.1455841064453125,2.7131731669108072,8.618533444637748,6.394130407642485,10000.0,/home/aaiuser/results/benchmarking_sbi_023/multirun/2024-11-20/22-13-23/19,19
1068,gaussian_linear,1000,10,NPE,3518023540,0.80565,0.77095,0.09176278,0.09181929,1.7927485,0.7585,0.7595,0.085416675,0.086362004,1.7925704,0.5171546936035156,0.35266310373942056,12.826702814610114,10.487458335099781,1000.0,/home/aaiuser/results/benchmarking_sbi_023/multirun/2024-11-20/22-13-23/27,27
1069,gaussian_linear,10000,1,NPE,2940465095,0.57005,0.55155,0.0025582314,0.002547741,1.4659278,0.5245,0.523,0.0036299229,0.003713727,1.4853449,1.2697410583496094,2.6666244506835937,9.373105101262714,7.496793604674411,10000.0,/home/aaiuser/results/benchmarking_sbi_023/multirun/2024-11-20/22-13-23/1,1
1070,gaussian_linear,1000,4,NPE,4243986100,0.8331,0.7986,0.099714756,0.0992111,1.8844607,0.8225,0.813,0.10390353,0.10279566,1.8969463,4.877643585205078,0.303288205464681,12.886607828141749,10.632005737929772,1000.0,/home/aaiuser/results/benchmarking_sbi_023/multirun/2024-11-20/22-13-23/9,9
1071,gaussian_linear,100000,9,NPE,2714454950,0.5106,0.5034,0.00032150745,0.00032234192,1.3918128,0.525,0.525,0.00075280666,0.00075113773,1.390964,2.505600929260254,21.456982421875,7.377223327330025,6.120692198158241,100000.0,/home/aaiuser/results/benchmarking_sbi_023/multirun/2024-11-20/22-13-23/26,26
1072,gaussian_linear,1000,2,NPE,1260622241,0.75895,0.7247,0.058408856,0.0584805,1.6158885,0.7275,0.7385,0.060159445,0.06045246,1.6152174,-0.7683629989624023,0.30952428181966146,12.34048259585983,10.055574318242886,1000.0,/home/aaiuser/results/benchmarking_sbi_023/multirun/2024-11-20/22-13-23/3,3
1073,bernoulli_glm,100000,10,NPE,2754916879,0.56825,0.5404,0.005339384,0.00534153,15.16341,0.5675,0.551,0.005426407,0.0054370165,15.42859,-2.2722272872924805,39.01881510416667,12.076728815670387,9.763106756210359,100000.0,/home/aaiuser/results/benchmarking_sbi_023/multirun/2024-11-20/18-21-16/29,29
1074,bernoulli_glm,1000,7,NPE,1997411371,0.8402,0.8139,0.16307122,0.16548961,16.132795,0.851,0.8165,0.17382985,0.17618853,16.264256,2.954998016357422,0.5869663238525391,10.45625853960732,8.211670246169003,1000.0,/home/aaiuser/results/benchmarking_sbi_023/multirun/2024-11-20/18-21-16/18,18
1075,bernoulli_glm,100000,8,NPE,876666826,0.58295,0.5663,0.010810256,0.0081630945,10.347729,0.5865,0.5585,0.006805539,0.0060811043,10.290507,3.1163291931152344,70.06270345052083,11.171086127194327,8.90478525738081,100000.0,/home/aaiuser/results/benchmarking_sbi_023/multirun/2024-11-20/18-21-16/23,23
1076,bernoulli_glm,10000,10,NPE,4224628599,0.6315,0.6142,0.014955521,0.014669299,16.05135,0.6625,0.6235,0.01514411,0.015191197,15.972952,-2.507274627685547,7.431507873535156,11.944333135862754,9.631081275412821,10000.0,/home/aaiuser/results/benchmarking_sbi_023/multirun/2024-11-20/18-21-16/28,28
1077,bernoulli_glm,10000,5,NPE,2354211083,0.65895,0.62965,0.053109646,0.050464988,16.31699,0.6445,0.629,0.052134454,0.049515903,16.614803,0.32511043548583984,8.072659810384115,12.236197404093076,9.928244845961478,10000.0,/home/aaiuser/results/benchmarking_sbi_023/multirun/2024-11-20/18-21-16/13,13
1078,bernoulli_glm,10000,8,NPE,2525151668,0.67115,0.6447,0.041411996,0.029464126,10.607487,0.6495,0.628,0.02998662,0.021721244,10.663423,8.620255470275879,8.237178548177083,11.496560079583963,9.145092799521128,10000.0,/home/aaiuser/results/benchmarking_sbi_023/multirun/2024-11-20/18-21-16/22,22
1079,bernoulli_glm,1000,3,NPE,584223431,0.902,0.88585,0.19144112,0.18358803,14.852806,0.8695,0.86,0.17873925,0.17095733,14.982291,15.183042526245117,0.5774101257324219,11.173229417450317,8.916455837295974,1000.0,/home/aaiuser/results/benchmarking_sbi_023/multirun/2024-11-20/18-21-16/6,6
1080,bernoulli_glm,10000,6,NPE,515022569,0.66125,0.63145,0.057109475,0.051859975,13.480513,0.684,0.6545,0.06482029,0.057861328,13.459017,3.72216796875,7.626993306477865,12.063946192401456,9.736403040137315,10000.0,/home/aaiuser/results/benchmarking_sbi_023/multirun/2024-11-20/18-21-16/16,16
1081,bernoulli_glm,100000,5,NPE,3417149972,0.53315,0.5216,0.001111865,0.0011512041,15.684231,0.5105,0.518,0.0014965534,0.0015978813,15.483238,-0.6091060638427734,53.97473958333333,12.76044910354423,10.485642611895825,100000.0,/home/aaiuser/results/benchmarking_sbi_023/multirun/2024-11-20/18-21-16/14,14
1082,bernoulli_glm,10000,2,NPE,1167668871,0.6519,0.6272,0.04274416,0.03380561,11.901935,0.645,0.616,0.041335583,0.03308022,11.928371,6.982281684875488,7.383830769856771,11.734858724176329,9.423878498550271,10000.0,/home/aaiuser/results/benchmarking_sbi_023/multirun/2024-11-20/18-21-16/4,4
1083,bernoulli_glm,100000,7,NPE,4011958065,0.5864,0.5667,0.023872972,0.023045182,13.002041,0.58,0.5465,0.027853489,0.026670575,12.853832,1.8832359313964844,48.35659586588542,11.583724318023638,9.302934685333454,100000.0,/home/aaiuser/results/benchmarking_sbi_023/multirun/2024-11-20/18-21-16/20,20
1084,bernoulli_glm,10000,4,NPE,2902678877,0.7318,0.6993,0.10711861,0.08525562,11.2994,0.737,0.7055,0.11373532,0.08969426,11.553249,7.175585746765137,8.275625101725261,12.230605050165986,9.917526937543196,10000.0,/home/aaiuser/results/benchmarking_sbi_023/multirun/2024-11-20/18-21-16/10,10
1085,bernoulli_glm,1000,9,NPE,2148075709,0.89225,0.873,0.28793883,0.235152,13.95462,0.883,0.8615,0.29024333,0.2393974,14.056074,11.402950286865234,0.3119996706644694,10.985299604220112,8.600140243549156,1000.0,/home/aaiuser/results/benchmarking_sbi_023/multirun/2024-11-20/18-21-16/24,24
1086,bernoulli_glm,1000,5,NPE,2928523799,0.9106,0.89615,0.24259257,0.24670184,20.267126,0.921,0.903,0.23739833,0.23990673,20.011,3.503864288330078,0.3368187586466471,11.076440786217676,8.815527120871392,1000.0,/home/aaiuser/results/benchmarking_sbi_023/multirun/2024-11-20/18-21-16/12,12
1087,bernoulli_glm,1000,8,NPE,3579972362,0.90145,0.88085,0.21573061,0.16556734,13.032998,0.88,0.8725,0.1989311,0.15384203,13.247831,17.84382438659668,0.3133716583251953,11.648019049237732,9.257657833203167,1000.0,/home/aaiuser/results/benchmarking_sbi_023/multirun/2024-11-20/18-21-16/21,21
1088,bernoulli_glm,100000,1,NPE,830402774,0.634,0.608,0.018831134,0.016165733,9.806175,0.6445,0.6195,0.023547173,0.020144105,9.8761635,4.633563995361328,48.94541829427083,10.44334706410115,8.180036016278185,100000.0,/home/aaiuser/results/benchmarking_sbi_023/multirun/2024-11-20/18-21-16/2,2
1089,bernoulli_glm,10000,9,NPE,2353454748,0.7533,0.70855,0.12980461,0.1001631,11.021624,0.736,0.703,0.13005316,0.098122716,10.939621,5.193982124328613,7.648867289225261,11.455751651011699,9.177645884608623,10000.0,/home/aaiuser/results/benchmarking_sbi_023/multirun/2024-11-20/18-21-16/25,25
1090,bernoulli_glm,100000,2,NPE,2205968854,0.53995,0.52565,0.0030601025,0.0030661821,11.84947,0.524,0.523,0.003332138,0.003320098,11.9968195,5.716238021850586,81.46088053385417,11.861906425987167,9.570797374904872,100000.0,/home/aaiuser/results/benchmarking_sbi_023/multirun/2024-11-20/18-21-16/5,5
1091,bernoulli_glm,10000,3,NPE,4090614159,0.72445,0.69345,0.056812286,0.052767634,11.786821,0.704,0.6725,0.05071187,0.046610594,11.670354,6.163697242736816,8.11167500813802,11.828038275970496,9.440045628141014,10000.0,/home/aaiuser/results/benchmarking_sbi_023/multirun/2024-11-20/18-21-16/7,7
1092,bernoulli_glm,1000,1,NPE,1532618559,0.8924,0.8674,0.22299927,0.19810575,13.641537,0.89,0.869,0.2496599,0.21981025,13.403719,14.197061538696289,0.3668887456258138,10.509460615592197,8.331075157112817,1000.0,/home/aaiuser/results/benchmarking_sbi_023/multirun/2024-11-20/18-21-16/0,0
1093,bernoulli_glm,100000,3,NPE,1309580045,0.62455,0.58935,0.0252285,0.022943497,11.22368,0.62,0.5875,0.028640866,0.025338292,11.398358,5.004083633422852,60.22669677734375,11.589861190971117,9.333941604606604,100000.0,/home/aaiuser/results/benchmarking_sbi_023/multirun/2024-11-20/18-21-16/8,8
1094,bernoulli_glm,100000,6,NPE,3353154325,0.55475,0.54525,0.010672808,0.009472132,13.154413,0.5375,0.5375,0.012352109,0.010528922,13.128275,1.5005483627319336,78.89300944010417,12.067703512745258,9.765111644171894,100000.0,/home/aaiuser/results/benchmarking_sbi_023/multirun/2024-11-20/18-21-16/17,17
1095,bernoulli_glm,1000,6,NPE,2504760088,0.88215,0.8497,0.17962623,0.18028265,17.203434,0.864,0.8365,0.1727916,0.17250419,17.286526,4.000673294067383,0.2903923034667969,10.742010821403426,8.473458939554837,1000.0,/home/aaiuser/results/benchmarking_sbi_023/multirun/2024-11-20/18-21-16/15,15
1096,bernoulli_glm,100000,4,NPE,2209972628,0.56875,0.55995,0.0063136816,0.0064452887,10.520251,0.589,0.5845,0.0061722994,0.00575006,10.378704,4.726614952087402,68.73765462239584,11.988594453220497,9.676036989348049,100000.0,/home/aaiuser/results/benchmarking_sbi_023/multirun/2024-11-20/18-21-16/11,11
1097,bernoulli_glm,10000,7,NPE,1591483634,0.6895,0.6634,0.055178285,0.05273336,13.48764,0.6785,0.643,0.05344379,0.051000595,13.433362,2.7135534286499023,7.902174377441407,11.416535262150957,9.123590597129365,10000.0,/home/aaiuser/results/benchmarking_sbi_023/multirun/2024-11-20/18-21-16/19,19
1098,bernoulli_glm,1000,10,NPE,3145171755,0.90565,0.8876,0.22446585,0.22252876,19.964142,0.903,0.884,0.23342466,0.23259968,20.20036,3.095614433288574,0.30143616994222006,10.93891720044528,8.646426229335926,1000.0,/home/aaiuser/results/benchmarking_sbi_023/multirun/2024-11-20/18-21-16/27,27
1099,bernoulli_glm,10000,1,NPE,646793115,0.7179,0.6902,0.05585563,0.0457654,10.492977,0.7085,0.658,0.0644263,0.052142262,10.423485,7.265776634216309,7.329028828938802,10.455000313729565,8.189258684436332,10000.0,/home/aaiuser/results/benchmarking_sbi_023/multirun/2024-11-20/18-21-16/1,1
1100,bernoulli_glm,1000,4,NPE,1206304961,0.90105,0.87805,0.2875468,0.21172208,13.483501,0.8755,0.849,0.28987092,0.21423823,13.684245,19.082569122314453,0.38580322265625,10.995856055949346,8.843497278606396,1000.0,/home/aaiuser/results/benchmarking_sbi_023/multirun/2024-11-20/18-21-16/9,9
1101,bernoulli_glm,100000,9,NPE,3674066228,0.5852,0.55875,0.004498601,0.0047347546,9.932058,0.5815,0.525,0.006074548,0.006051779,9.874878,1.9548425674438477,69.26905110677083,11.469615273286605,9.200184373974977,100000.0,/home/aaiuser/results/benchmarking_sbi_023/multirun/2024-11-20/18-21-16/26,26
1102,bernoulli_glm,1000,2,NPE,1564232566,0.8072,0.7867,0.08334911,0.08644223,14.561901,0.788,0.7725,0.087126315,0.0903334,14.667687,7.38911247253418,0.40605525970458983,10.854820201621955,8.48207440265627,1000.0,/home/aaiuser/results/benchmarking_sbi_023/multirun/2024-11-20/18-21-16/3,3
1103,bernoulli_glm,1000,7,NPE,391229939,0.8474,0.82585,0.17357397,0.17527771,16.28556,0.8475,0.826,0.16394204,0.16486877,16.227192,4.649529457092285,0.5215338706970215,10.868066608393276,8.654217005929715,1000.0,/home/aaiuser/results/benchmarking_sbi_023/multirun/2024-11-20/16-27-58/18,18
1104,bernoulli_glm,10000,10,NPE,343081022,0.6133,0.58605,0.0096793175,0.009402394,15.864887,0.603,0.6095,0.010919213,0.010620475,15.62699,-1.8065881729125977,7.63199462890625,11.910263033930573,9.613677216938145,10000.0,/home/aaiuser/results/benchmarking_sbi_023/multirun/2024-11-20/16-27-58/28,28
1105,bernoulli_glm,10000,5,NPE,33203749,0.7058,0.67945,0.06460327,0.061275363,15.919408,0.7205,0.702,0.061502755,0.057754934,15.967397,0.7594442367553711,12.152852376302084,12.632410886170643,10.368767166169825,10000.0,/home/aaiuser/results/benchmarking_sbi_023/multirun/2024-11-20/16-27-58/13,13
1106,bernoulli_glm,10000,8,NPE,4228144667,0.6966,0.66955,0.055585265,0.038395643,10.834402,0.6935,0.664,0.044311643,0.031004667,10.973177,5.497749328613281,11.775164794921874,11.420510240735442,9.160250879044616,10000.0,/home/aaiuser/results/benchmarking_sbi_023/multirun/2024-11-20/16-27-58/22,22
1107,bernoulli_glm,1000,3,NPE,1881036613,0.87615,0.8579,0.1664297,0.16493434,14.813565,0.8595,0.8145,0.15682727,0.1554386,14.633644,9.609289169311523,0.39147154490152997,11.487154220865984,9.154419650702222,1000.0,/home/aaiuser/results/benchmarking_sbi_023/multirun/2024-11-20/16-27-58/6,6
1108,bernoulli_glm,10000,6,NPE,1973350956,0.6797,0.64155,0.06661409,0.059274197,13.280445,0.6655,0.622,0.07185054,0.062373757,13.264799,2.0619640350341797,7.381739807128906,11.996496884068492,9.721065270669573,10000.0,/home/aaiuser/results/benchmarking_sbi_023/multirun/2024-11-20/16-27-58/16,16
1109,bernoulli_glm,100000,5,NPE,1349676989,0.5474,0.54575,0.0030220747,0.0030899048,15.790016,0.538,0.5425,0.0029999018,0.0030795336,15.968302,-1.1736030578613281,64.65657145182291,12.697283674720724,10.416282525859685,100000.0,/home/aaiuser/results/benchmarking_sbi_023/multirun/2024-11-20/16-27-58/14,14
1110,bernoulli_glm,10000,2,NPE,2250685824,0.68395,0.65565,0.06796402,0.054775953,12.104202,0.6845,0.659,0.07487178,0.06087631,12.081057,6.520082473754883,8.471690877278645,11.4612039736563,9.138169814130427,10000.0,/home/aaiuser/results/benchmarking_sbi_023/multirun/2024-11-20/16-27-58/4,4
1111,bernoulli_glm,10000,4,NPE,2324502525,0.70925,0.67625,0.08132887,0.05920446,11.051501,0.7,0.6605,0.09076977,0.06745839,11.00747,10.54554557800293,8.450469462076823,11.957967632989037,9.714288560306102,10000.0,/home/aaiuser/results/benchmarking_sbi_023/multirun/2024-11-20/16-27-58/10,10
1112,bernoulli_glm,1000,9,NPE,238931064,0.892,0.8751,0.27027112,0.2184915,13.833326,0.885,0.878,0.283589,0.2315616,13.732663,16.60124969482422,0.3396687189737956,10.930110162343787,8.679858558191551,1000.0,/home/aaiuser/results/benchmarking_sbi_023/multirun/2024-11-20/16-27-58/24,24
1113,bernoulli_glm,1000,5,NPE,4221919245,0.93425,0.91365,0.25725597,0.25556862,20.236113,0.914,0.9035,0.24567246,0.2425707,20.108767,4.037346839904785,0.3206315994262695,10.991311691145222,8.78135789565735,1000.0,/home/aaiuser/results/benchmarking_sbi_023/multirun/2024-11-20/16-27-58/12,12
1114,bernoulli_glm,1000,8,NPE,939348541,0.8889,0.8764,0.2088185,0.15025413,13.773821,0.876,0.8715,0.19487458,0.14340878,14.019146,16.01583480834961,0.33988774617513023,11.10903746257681,8.755058925612012,1000.0,/home/aaiuser/results/benchmarking_sbi_023/multirun/2024-11-20/16-27-58/21,21
1115,bernoulli_glm,100000,1,NPE,3444690715,0.6049,0.58465,0.008224368,0.008199811,9.72197,0.615,0.582,0.012676358,0.011950612,9.687729,4.177242279052734,83.62041829427083,11.058924546591935,8.706914138410134,100000.0,/home/aaiuser/results/benchmarking_sbi_023/multirun/2024-11-20/16-27-58/2,2
1116,bernoulli_glm,10000,9,NPE,4156414274,0.75875,0.7235,0.14826345,0.11374879,11.390988,0.7505,0.7185,0.14705926,0.113996625,11.394381,4.5076093673706055,7.22439931233724,11.223465012137035,8.934324780711208,10000.0,/home/aaiuser/results/benchmarking_sbi_023/multirun/2024-11-20/16-27-58/25,25
1117,bernoulli_glm,100000,2,NPE,1941645544,0.5522,0.54635,0.006947994,0.0062738657,11.698416,0.5505,0.5215,0.007739663,0.0070723295,11.862459,5.018850326538086,64.23274332682291,11.931290674490041,9.667726958789475,100000.0,/home/aaiuser/results/benchmarking_sbi_023/multirun/2024-11-20/16-27-58/5,5
1118,bernoulli_glm,10000,3,NPE,3181716613,0.746,0.7022,0.089336395,0.08702183,11.744543,0.7355,0.6865,0.07757926,0.07611847,11.652689,6.487211227416992,7.663036092122396,11.99295429850367,9.628974190749192,10000.0,/home/aaiuser/results/benchmarking_sbi_023/multirun/2024-11-20/16-27-58/7,7
1119,bernoulli_glm,1000,1,NPE,3545755826,0.8837,0.8663,0.20334983,0.16846573,13.055836,0.867,0.838,0.23016626,0.19104111,12.967388,12.861882209777832,0.4050060590108236,10.613726335942893,8.389719641526424,1000.0,/home/aaiuser/results/benchmarking_sbi_023/multirun/2024-11-20/16-27-58/0,0
1120,bernoulli_glm,100000,3,NPE,149381279,0.5823,0.5648,0.013533711,0.012443185,10.877859,0.5695,0.5275,0.012954831,0.011621118,10.855024,4.693907737731934,80.95623372395833,11.742428352772762,9.468618221488423,100000.0,/home/aaiuser/results/benchmarking_sbi_023/multirun/2024-11-20/16-27-58/8,8
1121,bernoulli_glm,100000,6,NPE,3826837725,0.5507,0.53675,0.005619645,0.005656719,13.34059,0.535,0.519,0.0061479807,0.00602901,13.182838,1.4183921813964844,72.31607259114584,11.923379175948735,9.668466871533525,100000.0,/home/aaiuser/results/benchmarking_sbi_023/multirun/2024-11-20/16-27-58/17,17
1122,bernoulli_glm,1000,6,NPE,1687770035,0.8809,0.85465,0.1826896,0.17897344,17.424582,0.8665,0.831,0.18041569,0.17649186,17.539188,2.8277206420898438,0.30699834823608396,11.0309206689442,8.765793785021192,1000.0,/home/aaiuser/results/benchmarking_sbi_023/multirun/2024-11-20/16-27-58/15,15
1123,bernoulli_glm,100000,4,NPE,55329173,0.58845,0.5685,0.027988076,0.021154523,10.662245,0.5795,0.5815,0.030169845,0.022317529,10.536839,5.461159706115723,45.2786865234375,12.075799937620571,9.778353942479356,100000.0,/home/aaiuser/results/benchmarking_sbi_023/multirun/2024-11-20/16-27-58/11,11
1124,bernoulli_glm,10000,7,NPE,3034633451,0.6843,0.66165,0.04637468,0.045969844,13.533583,0.692,0.6485,0.046233118,0.045705378,13.283141,1.5946464538574219,8.388158671061198,11.75151140644951,9.388623284413761,10000.0,/home/aaiuser/results/benchmarking_sbi_023/multirun/2024-11-20/16-27-58/19,19
1125,bernoulli_glm,1000,10,NPE,2350214028,0.92565,0.91045,0.27864972,0.27680898,20.754505,0.9115,0.9,0.2699747,0.26887548,20.50268,3.6762752532958984,0.3995596567789714,10.867041378439485,8.667809747865572,1000.0,/home/aaiuser/results/benchmarking_sbi_023/multirun/2024-11-20/16-27-58/27,27
1126,bernoulli_glm,10000,1,NPE,725170264,0.7264,0.6914,0.08830142,0.07207489,10.646,0.742,0.708,0.10490179,0.08720577,10.565831,8.145557403564453,9.473074340820313,10.451116354185844,8.273955090200591,10000.0,/home/aaiuser/results/benchmarking_sbi_023/multirun/2024-11-20/16-27-58/1,1
1127,bernoulli_glm,1000,4,NPE,4056757525,0.8771,0.8604,0.2832579,0.20574397,13.432206,0.86,0.839,0.30136722,0.21838081,13.432973,16.681734085083008,0.40821746190388997,11.231335531034375,8.998158273822014,1000.0,/home/aaiuser/results/benchmarking_sbi_023/multirun/2024-11-20/16-27-58/9,9
1128,bernoulli_glm,1000,2,NPE,3637737514,0.8099,0.7721,0.071997404,0.07102448,13.907408,0.786,0.7555,0.07725227,0.07621837,13.837568,3.065919876098633,0.36970383326212564,11.31833377706594,8.960144560667102,1000.0,/home/aaiuser/results/benchmarking_sbi_023/multirun/2024-11-20/16-27-58/3,3
1129,bernoulli_glm_raw,100000,10,NPE,3504965201,0.61665,0.5955,0.017257452,0.01676011,5.3851647,0.605,0.5805,0.020763516,0.020296335,5.3851647,-2.3379087448120117,26.446435546875,12.171450144377689,9.879814237785165,100000.0,/home/aaiuser/results/benchmarking_sbi_023/multirun/2024-11-20/20-43-52/29,29
1130,bernoulli_glm_raw,1000,7,NPE,4154574350,0.8762,0.8542,0.14151794,0.13958901,4.8989797,0.855,0.834,0.14810014,0.14707881,4.8989797,7.755317687988281,0.21962669690450032,10.648683059874918,8.327620891401212,1000.0,/home/aaiuser/results/benchmarking_sbi_023/multirun/2024-11-20/20-43-52/18,18
1131,bernoulli_glm_raw,100000,8,NPE,3832743091,0.61425,0.60535,0.019203305,0.013022304,3.7416575,0.6365,0.59,0.014093041,0.010098934,3.7416575,4.754088401794434,21.76827189127604,11.461889926834365,9.19292449213091,100000.0,/home/aaiuser/results/benchmarking_sbi_023/multirun/2024-11-20/20-43-52/23,23
1132,bernoulli_glm_raw,10000,10,NPE,254497927,0.84095,0.80965,0.14550358,0.13999021,5.2915025,0.8385,0.804,0.1378547,0.13517296,5.2915025,0.8754920959472656,2.837315877278646,11.548880177467982,9.22435392191139,10000.0,/home/aaiuser/results/benchmarking_sbi_023/multirun/2024-11-20/20-43-52/28,28
1133,bernoulli_glm_raw,10000,5,NPE,1726769003,0.84795,0.80735,0.17573583,0.16871518,5.477226,0.8485,0.8165,0.17383313,0.16559899,5.3851647,1.337615966796875,2.7571380615234373,12.178972378113638,9.910830278620375,10000.0,/home/aaiuser/results/benchmarking_sbi_023/multirun/2024-11-20/20-43-52/13,13
1134,bernoulli_glm_raw,10000,8,NPE,485150073,0.7622,0.7286,0.115757346,0.08422983,3.8729835,0.7485,0.71,0.10939717,0.08036125,3.8729835,14.55203914642334,2.82971674601237,11.405556767597922,9.138161645323319,10000.0,/home/aaiuser/results/benchmarking_sbi_023/multirun/2024-11-20/20-43-52/22,22
1135,bernoulli_glm_raw,1000,3,NPE,2927186361,0.94185,0.9307,0.23807895,0.2318148,4.358899,0.9285,0.9175,0.23870492,0.23194188,4.358899,14.45738410949707,0.2859149614969889,10.54166930995213,8.305460240875572,1000.0,/home/aaiuser/results/benchmarking_sbi_023/multirun/2024-11-20/20-43-52/6,6
1136,bernoulli_glm_raw,10000,6,NPE,3116503373,0.79795,0.7535,0.16274005,0.15545803,4.8989797,0.7845,0.7565,0.1741938,0.16469115,4.8989797,3.9162635803222656,3.3445729573567706,11.83366298625361,9.55300912050167,10000.0,/home/aaiuser/results/benchmarking_sbi_023/multirun/2024-11-20/20-43-52/16,16
1137,bernoulli_glm_raw,100000,5,NPE,748030157,0.55225,0.5486,0.0039992332,0.0038734674,5.5677643,0.5555,0.5285,0.0042881966,0.0041872263,5.5677643,-0.3038177490234375,26.59205322265625,12.56758914022431,10.250710648158625,100000.0,/home/aaiuser/results/benchmarking_sbi_023/multirun/2024-11-20/20-43-52/14,14
1138,bernoulli_glm_raw,10000,2,NPE,2192994772,0.7544,0.71705,0.0700776,0.061999023,4.472136,0.743,0.705,0.071257055,0.063022435,4.472136,5.009818077087402,4.603801981608073,11.608454075462289,9.274330336434046,10000.0,/home/aaiuser/results/benchmarking_sbi_023/multirun/2024-11-20/20-43-52/4,4
1139,bernoulli_glm_raw,100000,7,NPE,206153646,0.6573,0.62675,0.06102085,0.057054043,4.690416,0.661,0.615,0.0654012,0.061600924,4.690416,3.243427276611328,25.51224161783854,11.705894551761759,9.43274236840652,100000.0,/home/aaiuser/results/benchmarking_sbi_023/multirun/2024-11-20/20-43-52/20,20
1140,bernoulli_glm_raw,10000,4,NPE,3304562420,0.70475,0.67365,0.0799737,0.057042956,3.6055512,0.7005,0.677,0.08510816,0.05908668,3.6055512,8.131585121154785,2.83958257039388,11.839132696233444,9.566946273531544,10000.0,/home/aaiuser/results/benchmarking_sbi_023/multirun/2024-11-20/20-43-52/10,10
1141,bernoulli_glm_raw,1000,9,NPE,3210188701,0.94,0.9273,0.29590577,0.22717506,4.0,0.932,0.9055,0.31114668,0.23754978,4.0,9.253362655639648,0.21194284756978352,11.14299461993879,8.8289162934926,1000.0,/home/aaiuser/results/benchmarking_sbi_023/multirun/2024-11-20/20-43-52/24,24
1142,bernoulli_glm_raw,1000,5,NPE,4001849288,0.94135,0.92265,0.2623288,0.2650165,5.656854,0.9345,0.929,0.26823264,0.2700512,5.656854,3.212869644165039,0.2622791926066081,10.935692196565384,8.62769072994952,1000.0,/home/aaiuser/results/benchmarking_sbi_023/multirun/2024-11-20/20-43-52/12,12
1143,bernoulli_glm_raw,1000,8,NPE,2589018131,0.89515,0.8757,0.22929138,0.16798806,4.2426405,0.8745,0.8625,0.21727991,0.15873939,4.1231055,16.302146911621094,0.3626010258992513,11.001991635350196,8.78870899101377,1000.0,/home/aaiuser/results/benchmarking_sbi_023/multirun/2024-11-20/20-43-52/21,21
1144,bernoulli_glm_raw,100000,1,NPE,2542385168,0.61975,0.59575,0.007821679,0.0067226887,3.6055512,0.6025,0.583,0.007891774,0.006934762,3.6055512,4.5004730224609375,26.035481770833332,10.474078322993247,8.224742487090953,100000.0,/home/aaiuser/results/benchmarking_sbi_023/multirun/2024-11-20/20-43-52/2,2
1145,bernoulli_glm_raw,10000,9,NPE,4073804821,0.8429,0.80595,0.19227374,0.17056155,3.6055512,0.844,0.814,0.20102715,0.17975664,3.6055512,4.8775835037231445,5.002284240722656,11.389345761048023,9.065416675640877,10000.0,/home/aaiuser/results/benchmarking_sbi_023/multirun/2024-11-20/20-43-52/25,25
1146,bernoulli_glm_raw,100000,2,NPE,2797717474,0.5717,0.56,0.003182292,0.0027827024,4.472136,0.557,0.5445,0.0029860735,0.0024676323,4.472136,6.932765960693359,26.01406453450521,11.83660348930958,9.55346145594256,100000.0,/home/aaiuser/results/benchmarking_sbi_023/multirun/2024-11-20/20-43-52/5,5
1147,bernoulli_glm_raw,10000,3,NPE,1280503066,0.8626,0.82345,0.20867163,0.19205654,4.1231055,0.839,0.8165,0.20677817,0.18919533,4.1231055,12.017529487609863,2.8570650736490886,11.639217529276191,9.396777282407365,10000.0,/home/aaiuser/results/benchmarking_sbi_023/multirun/2024-11-20/20-43-52/7,7
1148,bernoulli_glm_raw,1000,1,NPE,2238109692,0.92285,0.90845,0.2295605,0.21588552,4.2426405,0.9205,0.9135,0.25171787,0.23518288,4.2426405,12.728292465209961,0.29550565083821617,10.434406790669218,8.10392863654439,1000.0,/home/aaiuser/results/benchmarking_sbi_023/multirun/2024-11-20/20-43-52/0,0
1149,bernoulli_glm_raw,100000,3,NPE,1330694475,0.6406,0.61705,0.024950624,0.023073196,3.8729835,0.642,0.607,0.021872401,0.019453526,3.8729835,6.102470397949219,33.80125732421875,11.622969923818982,9.306288439196155,100000.0,/home/aaiuser/results/benchmarking_sbi_023/multirun/2024-11-20/20-43-52/8,8
1150,bernoulli_glm_raw,100000,6,NPE,3760490687,0.61765,0.5915,0.03554094,0.03341627,4.8989797,0.6125,0.5895,0.03864968,0.03552568,4.8989797,1.6641044616699219,25.298299153645832,12.015103768196276,9.699897026291623,100000.0,/home/aaiuser/results/benchmarking_sbi_023/multirun/2024-11-20/20-43-52/17,17
1151,bernoulli_glm_raw,1000,6,NPE,740876947,0.9206,0.9067,0.28265333,0.27942395,5.0,0.9215,0.891,0.29628932,0.29189712,5.0,6.455464839935303,0.21726253827412922,10.258091763987437,7.954827119915806,1000.0,/home/aaiuser/results/benchmarking_sbi_023/multirun/2024-11-20/20-43-52/15,15
1152,bernoulli_glm_raw,100000,4,NPE,4281308205,0.62315,0.5966,0.018257737,0.01451838,3.6055512,0.629,0.6095,0.021279931,0.016176224,3.6055512,5.667079925537109,26.552500406901043,12.092023436708436,9.817775186012408,100000.0,/home/aaiuser/results/benchmarking_sbi_023/multirun/2024-11-20/20-43-52/11,11
1153,bernoulli_glm_raw,10000,7,NPE,3324386308,0.78825,0.753,0.11476904,0.11186463,4.690416,0.8015,0.7645,0.12337685,0.121263266,4.7958317,3.416232109069824,4.607703145345052,11.479173626224938,9.181068603536495,10000.0,/home/aaiuser/results/benchmarking_sbi_023/multirun/2024-11-20/20-43-52/19,19
1154,bernoulli_glm_raw,1000,10,NPE,1059515380,0.96405,0.9575,0.3732252,0.37424606,5.5677643,0.967,0.954,0.3880718,0.38878754,5.656854,3.0915069580078125,0.2515885353088379,10.22094959209109,7.940356175704132,1000.0,/home/aaiuser/results/benchmarking_sbi_023/multirun/2024-11-20/20-43-52/27,27
1155,bernoulli_glm_raw,10000,1,NPE,1448087802,0.8069,0.7711,0.12288463,0.11504626,3.8729835,0.798,0.755,0.13083005,0.12376845,3.8729835,10.079620361328125,2.8572537740071615,10.958403093537905,8.698653377336795,10000.0,/home/aaiuser/results/benchmarking_sbi_023/multirun/2024-11-20/20-43-52/1,1
1156,bernoulli_glm_raw,1000,4,NPE,2340691891,0.8987,0.8719,0.22845566,0.1499883,3.8729835,0.861,0.8485,0.23641145,0.15544271,3.8729835,17.25166893005371,0.29794133504231773,11.582902731781079,9.325142257305238,1000.0,/home/aaiuser/results/benchmarking_sbi_023/multirun/2024-11-20/20-43-52/9,9
1157,bernoulli_glm_raw,100000,9,NPE,461051791,0.6678,0.64085,0.028052092,0.019496083,3.4641016,0.681,0.6295,0.029794097,0.02121222,3.4641016,2.6100215911865234,26.079667154947916,11.193548370182642,8.941138562686316,100000.0,/home/aaiuser/results/benchmarking_sbi_023/multirun/2024-11-20/20-43-52/26,26
1158,bernoulli_glm_raw,1000,2,NPE,240767151,0.85735,0.83485,0.096907735,0.10899377,4.690416,0.8255,0.8135,0.09978193,0.11207175,4.690416,10.150457382202148,0.2938775698343913,11.32935516081573,9.04376652652516,1000.0,/home/aaiuser/results/benchmarking_sbi_023/multirun/2024-11-20/20-43-52/3,3
1159,gaussian_linear_uniform,100000,10,NPE,2161403267,0.5158,0.50805,0.00083458424,0.0012024641,1.3373787,0.5125,0.518,0.00022780895,0.0005438328,1.3302298,-1.9186402559280396,22.62302449544271,3.55584810787395,3.232487563391943,100000.0,/home/aaiuser/results/benchmarking_sbi_023/multirun/2024-11-20/23-35-15/29,29
1160,gaussian_linear_uniform,1000,7,NPE,4272594974,0.7661,0.7376,0.06651825,0.07426065,1.5682201,0.7275,0.7225,0.06380749,0.072038054,1.5644631,1.8630667924880981,0.261448605855306,7.020276852948108,4.997690335150234,1000.0,/home/aaiuser/results/benchmarking_sbi_023/multirun/2024-11-20/23-35-15/18,18
1161,gaussian_linear_uniform,100000,8,NPE,508518664,0.50795,0.4993,0.001683712,0.0015747547,1.3278598,0.504,0.5115,0.0028201342,0.0025564432,1.3284776,-2.0712907314300537,18.461759440104167,3.7409565912165035,3.2972769397113795,100000.0,/home/aaiuser/results/benchmarking_sbi_023/multirun/2024-11-20/23-35-15/23,23
1162,gaussian_linear_uniform,10000,10,NPE,3806382433,0.57965,0.5613,0.00991559,0.00912559,1.379935,0.543,0.5255,0.009803057,0.008593321,1.3708105,-2.223701000213623,4.329942321777343,4.8972605277275365,3.625408096687896,10000.0,/home/aaiuser/results/benchmarking_sbi_023/multirun/2024-11-20/23-35-15/28,28
1163,gaussian_linear_uniform,10000,5,NPE,4010391522,0.5663,0.549,0.0030663013,0.0034344196,1.3277738,0.5195,0.4955,0.0038243532,0.004033208,1.3241465,1.3606871366500854,6.618831380208333,4.582640487611436,3.4622229583795474,10000.0,/home/aaiuser/results/benchmarking_sbi_023/multirun/2024-11-20/23-35-15/13,13
1164,gaussian_linear_uniform,10000,8,NPE,2188913228,0.5522,0.53345,0.0032389164,0.0029782057,1.330231,0.5405,0.5275,0.002361536,0.0019418001,1.3361459,-1.5438690185546875,4.66724599202474,4.241278334132406,3.3267879743378272,10000.0,/home/aaiuser/results/benchmarking_sbi_023/multirun/2024-11-20/23-35-15/22,22
1165,gaussian_linear_uniform,1000,3,NPE,3181895722,0.8256,0.77825,0.054418445,0.0465194,1.5243995,0.759,0.7535,0.05320382,0.045879483,1.5111933,8.39889907836914,0.4024171829223633,6.558144609908189,4.521771185593462,1000.0,/home/aaiuser/results/benchmarking_sbi_023/multirun/2024-11-20/23-35-15/6,6
1166,gaussian_linear_uniform,10000,6,NPE,3296106435,0.55905,0.54055,0.0038323402,0.0037397146,1.3453505,0.5405,0.547,0.0050849915,0.005117655,1.3427806,-0.9150369167327881,3.769243621826172,4.397374993684753,3.471547109980171,10000.0,/home/aaiuser/results/benchmarking_sbi_023/multirun/2024-11-20/23-35-15/16,16
1167,gaussian_linear_uniform,100000,5,NPE,953467005,0.5019,0.51065,0.00038731098,0.00040388107,1.3131611,0.518,0.5005,0.00032377243,0.00046145916,1.3154162,-0.24477390944957733,20.483530680338543,3.5089278667225923,3.2929643739761536,100000.0,/home/aaiuser/results/benchmarking_sbi_023/multirun/2024-11-20/23-35-15/14,14
1168,gaussian_linear_uniform,10000,2,NPE,2322886656,0.5633,0.5484,0.0057649612,0.0059102774,1.4241503,0.5455,0.5435,0.0051116943,0.0057485104,1.4475518,5.346311092376709,3.917552693684896,5.056987950272791,3.5564390090468097,10000.0,/home/aaiuser/results/benchmarking_sbi_023/multirun/2024-11-20/23-35-15/4,4
1169,gaussian_linear_uniform,100000,7,NPE,2771669378,0.516,0.51555,0.0007272959,0.0006508827,1.2977954,0.5055,0.5325,0.0008382797,0.0008212328,1.2828416,-0.6467568874359131,30.05665486653646,3.721424448581814,3.2023281440814335,100000.0,/home/aaiuser/results/benchmarking_sbi_023/multirun/2024-11-20/23-35-15/20,20
1170,gaussian_linear_uniform,10000,4,NPE,3536234616,0.53315,0.53325,0.003713131,0.0036735535,1.3739607,0.5485,0.53,0.0032730103,0.003391862,1.3744109,1.318814992904663,4.443859354654948,4.712650193934415,3.5722018072901456,10000.0,/home/aaiuser/results/benchmarking_sbi_023/multirun/2024-11-20/23-35-15/10,10
1171,gaussian_linear_uniform,1000,9,NPE,529501736,0.73585,0.69635,0.02981639,0.03212619,1.42224,0.689,0.6905,0.028135061,0.029815078,1.4061332,-1.6375012397766113,0.27781747182210287,6.032673306824935,4.268157663438719,1000.0,/home/aaiuser/results/benchmarking_sbi_023/multirun/2024-11-20/23-35-15/24,24
1172,gaussian_linear_uniform,1000,5,NPE,2949494649,0.7463,0.7205,0.07312596,0.07973212,1.560863,0.716,0.7125,0.07006222,0.07658237,1.5539578,3.5138659477233887,0.2966325759887695,7.148186139969069,5.059880402381966,1000.0,/home/aaiuser/results/benchmarking_sbi_023/multirun/2024-11-20/23-35-15/12,12
1173,gaussian_linear_uniform,1000,8,NPE,1719789414,0.73365,0.7091,0.03952825,0.03979397,1.497556,0.711,0.6675,0.034194946,0.034261942,1.4859362,-1.0482815504074097,0.31246646245320636,5.9870529804415815,4.224733965630786,1000.0,/home/aaiuser/results/benchmarking_sbi_023/multirun/2024-11-20/23-35-15/21,21
1174,gaussian_linear_uniform,100000,1,NPE,3174836253,0.51135,0.51115,0.0012794733,0.001265049,1.3529475,0.51,0.511,0.0018863678,0.0020804405,1.3601092,1.8334789276123047,18.25642293294271,3.637690970023068,3.245365183319166,100000.0,/home/aaiuser/results/benchmarking_sbi_023/multirun/2024-11-20/23-35-15/2,2
1175,gaussian_linear_uniform,10000,9,NPE,964268480,0.54045,0.5375,0.0028915405,0.002619028,1.3024604,0.5405,0.539,0.002939105,0.00295043,1.3049552,-0.7024595141410828,3.8198328653971356,4.180059980375278,3.36049600486729,10000.0,/home/aaiuser/results/benchmarking_sbi_023/multirun/2024-11-20/23-35-15/25,25
1176,gaussian_linear_uniform,100000,2,NPE,846935780,0.5137,0.50545,0.00048410892,0.00083839893,1.4082584,0.518,0.5255,0.0007035732,0.0012004375,1.3937178,2.6919689178466797,26.896028645833333,3.67853523669764,3.28121320026094,100000.0,/home/aaiuser/results/benchmarking_sbi_023/multirun/2024-11-20/23-35-15/5,5
1177,gaussian_linear_uniform,10000,3,NPE,1578242272,0.5951,0.55655,0.0048639774,0.006119609,1.4775217,0.567,0.5455,0.004275799,0.005922675,1.4844738,-2.316694974899292,4.364258321126302,4.049250434287898,3.392898373291884,10000.0,/home/aaiuser/results/benchmarking_sbi_023/multirun/2024-11-20/23-35-15/7,7
1178,gaussian_linear_uniform,1000,1,NPE,165181535,0.7568,0.7084,0.055374384,0.052449346,1.5104032,0.7185,0.6975,0.05506134,0.051635742,1.5124544,4.93636417388916,0.371962038675944,6.45831436456344,4.475958933818315,1000.0,/home/aaiuser/results/benchmarking_sbi_023/multirun/2024-11-20/23-35-15/0,0
1179,gaussian_linear_uniform,100000,3,NPE,3082045609,0.52755,0.5177,0.0018810034,0.0022788048,1.4587061,0.515,0.5075,0.0016578436,0.002391696,1.444515,-2.623891830444336,35.55636800130208,3.606998620621743,3.1932178564718146,100000.0,/home/aaiuser/results/benchmarking_sbi_023/multirun/2024-11-20/23-35-15/8,8
1180,gaussian_linear_uniform,100000,6,NPE,1497809948,0.50565,0.50535,0.00035595894,0.0003335476,1.3028464,0.517,0.4995,0.00052440166,0.00042653084,1.3043687,-1.0505397319793701,32.08112386067708,3.4156344308043693,3.174899276637871,100000.0,/home/aaiuser/results/benchmarking_sbi_023/multirun/2024-11-20/23-35-15/17,17
1181,gaussian_linear_uniform,1000,6,NPE,2574257968,0.7431,0.70725,0.053886652,0.0588336,1.5109316,0.718,0.712,0.06022358,0.06720424,1.5335934,4.644630432128906,0.30180276234944664,6.806216185713337,4.897967926070768,1000.0,/home/aaiuser/results/benchmarking_sbi_023/multirun/2024-11-20/23-35-15/15,15
1182,gaussian_linear_uniform,100000,4,NPE,1951313847,0.51195,0.5115,0.0005199909,0.000598073,1.3432393,0.507,0.511,1.9788742e-05,6.854534e-05,1.3389678,1.2412868738174438,22.856386311848958,3.66141395687988,3.251751992350481,100000.0,/home/aaiuser/results/benchmarking_sbi_023/multirun/2024-11-20/23-35-15/11,11
1183,gaussian_linear_uniform,10000,7,NPE,1014509593,0.561,0.5455,0.0046628714,0.005316615,1.3596475,0.568,0.553,0.00472641,0.005204797,1.3526521,0.45612427592277527,4.748710123697917,4.948542845549047,3.651387429916537,10000.0,/home/aaiuser/results/benchmarking_sbi_023/multirun/2024-11-20/23-35-15/19,19
1184,gaussian_linear_uniform,1000,10,NPE,279154893,0.75005,0.6962,0.04031551,0.044926167,1.5259414,0.692,0.6645,0.03975892,0.045629382,1.5211407,2.1129212379455566,0.5911341349283854,6.157414695734847,4.307624830894337,1000.0,/home/aaiuser/results/benchmarking_sbi_023/multirun/2024-11-20/23-35-15/27,27
1185,gaussian_linear_uniform,10000,1,NPE,2384281949,0.57475,0.55855,0.006107211,0.005868435,1.3683388,0.55,0.5515,0.0059794188,0.0056345463,1.3858037,4.890229225158691,4.148800913492838,4.423936445307587,3.4384381873736594,10000.0,/home/aaiuser/results/benchmarking_sbi_023/multirun/2024-11-20/23-35-15/1,1
1186,gaussian_linear_uniform,1000,4,NPE,3477824530,0.6781,0.661,0.021703482,0.02606535,1.4646916,0.615,0.6355,0.0210011,0.02599001,1.4454947,2.3010144233703613,0.36988258361816406,6.092660033561261,4.257996815931977,1000.0,/home/aaiuser/results/benchmarking_sbi_023/multirun/2024-11-20/23-35-15/9,9
1187,gaussian_linear_uniform,100000,9,NPE,853471248,0.5064,0.50645,0.0004364252,0.00045192242,1.2914288,0.5155,0.5175,0.00083613396,0.0007798672,1.2840259,-0.34415680170059204,29.7889404296875,3.4246706495277937,3.2047965351843755,100000.0,/home/aaiuser/results/benchmarking_sbi_023/multirun/2024-11-20/23-35-15/26,26
1188,gaussian_linear_uniform,1000,2,NPE,3768273350,0.72415,0.68065,0.014927864,0.018507004,1.4919956,0.6285,0.63,0.015611172,0.020160317,1.4995339,3.9183905124664307,0.6096195220947266,6.0040528311446995,4.245144061683134,1000.0,/home/aaiuser/results/benchmarking_sbi_023/multirun/2024-11-20/23-35-15/3,3
1189,slcp_distractors,100000,10,SNPE,934841702,0.81325,0.823,0.09021413,0.090035915,348.46106,0.76,0.7585,0.08144504,0.08055538,349.3475,,98.61187337239583,,,100000.0,/home/aaiuser/results/benchmarking_sbi_023/multirun/2024-12-07/00-38-21/29,29
1190,slcp_distractors,1000,7,SNPE,1294033917,0.99705,0.9967,0.16170752,0.523707,1076.4,0.996,0.9915,0.1725595,0.533979,1077.2883,,1.3078801472981771,,,1000.0,/home/aaiuser/results/benchmarking_sbi_023/multirun/2024-12-07/00-38-21/18,18
1191,slcp_distractors,100000,8,SNPE,3152526112,0.84685,0.84695,0.055868506,0.27386123,426.1198,0.818,0.8015,0.05461037,0.2661326,428.2187,,127.7343994140625,,,100000.0,/home/aaiuser/results/benchmarking_sbi_023/multirun/2024-12-07/00-38-21/23,23
1192,slcp_distractors,10000,10,SNPE,3422583785,0.9092,0.91445,0.11036193,0.10989642,351.66565,0.8795,0.884,0.10249007,0.100562036,358.0633,,6.915733846028646,,,10000.0,/home/aaiuser/results/benchmarking_sbi_023/multirun/2024-12-07/00-38-21/28,28
1193,slcp_distractors,1000,3,SNPE,2689831016,0.96535,0.96635,0.13049471,0.3386042,388.01324,0.95,0.944,0.1230911,0.3120569,390.26907,,1.5000762939453125,,,1000.0,/home/aaiuser/results/benchmarking_sbi_023/multirun/2024-12-07/00-38-21/6,6
1194,slcp_distractors,10000,6,SNPE,3045051826,0.9116,0.91195,0.12936723,0.31607223,347.71188,0.883,0.854,0.12330294,0.29029208,345.0935,,7.187051900227865,,,10000.0,/home/aaiuser/results/benchmarking_sbi_023/multirun/2024-12-07/00-38-21/16,16
1195,slcp_distractors,100000,5,SNPE,1354430303,0.84115,0.8418,0.013110995,0.056334615,897.7356,0.827,0.821,0.012532473,0.059649944,897.12305,,126.4922119140625,,,100000.0,/home/aaiuser/results/benchmarking_sbi_023/multirun/2024-12-07/00-38-21/14,14
1196,slcp_distractors,10000,2,SNPE,741829973,0.90735,0.90505,0.1274004,0.37834632,381.56363,0.8785,0.873,0.12773883,0.37948084,380.61346,,6.316519673665365,,,10000.0,/home/aaiuser/results/benchmarking_sbi_023/multirun/2024-12-07/00-38-21/4,4
1197,slcp_distractors,100000,7,SNPE,1269781817,0.9025,0.91055,0.09640169,0.41196102,1076.3142,0.886,0.893,0.09894967,0.41630685,1075.2083,,160.24920247395832,,,100000.0,/home/aaiuser/results/benchmarking_sbi_023/multirun/2024-12-07/00-38-21/20,20
1198,slcp_distractors,10000,4,SNPE,1300015987,0.9748,0.9753,0.11346024,0.40708643,570.6737,0.9685,0.9675,0.11573821,0.41324687,570.1874,,9.778706868489584,,,10000.0,/home/aaiuser/results/benchmarking_sbi_023/multirun/2024-12-07/00-38-21/10,10
1199,slcp_distractors,1000,9,SNPE,3426717483,0.96675,0.9702,0.20801371,0.359393,711.2774,0.953,0.9435,0.20023054,0.3520475,712.4307,,2.073418553670247,,,1000.0,/home/aaiuser/results/benchmarking_sbi_023/multirun/2024-12-07/00-38-21/24,24
1200,slcp_distractors,1000,5,SNPE,2566327279,0.9536,0.95485,0.08385396,0.1261394,895.54614,0.9455,0.94,0.08068764,0.1305027,897.4237,,1.5357335408528645,,,1000.0,/home/aaiuser/results/benchmarking_sbi_023/multirun/2024-12-07/00-38-21/12,12
1201,slcp_distractors,1000,8,SNPE,1542786657,0.9912,0.9927,0.15183711,0.51155865,423.74103,0.9865,0.986,0.1468556,0.51382303,421.79886,,1.3273462931315103,,,1000.0,/home/aaiuser/results/benchmarking_sbi_023/multirun/2024-12-07/00-38-21/21,21
1202,slcp_distractors,100000,1,SNPE,3757674177,0.9292,0.92865,0.02870953,0.20096368,896.01636,0.913,0.9045,0.028471708,0.20737058,896.03265,,147.80382486979167,,,100000.0,/home/aaiuser/results/benchmarking_sbi_023/multirun/2024-12-07/00-38-21/2,2
1203,slcp_distractors,10000,9,SNPE,4290063204,0.9678,0.9688,0.26732826,0.48174518,712.4508,0.9445,0.9485,0.26983428,0.49209833,710.4815,,7.873665364583333,,,10000.0,/home/aaiuser/results/benchmarking_sbi_023/multirun/2024-12-07/00-38-21/25,25
1204,slcp_distractors,100000,2,SNPE,963431568,0.735,0.72605,0.00017666817,0.0015238523,378.99954,0.646,0.572,-0.00026464462,0.00042521954,378.6078,,114.7595458984375,,,100000.0,/home/aaiuser/results/benchmarking_sbi_023/multirun/2024-12-07/00-38-21/5,5
1205,slcp_distractors,1000,1,SNPE,3011962786,0.99515,0.9932,0.20440888,0.67267764,894.7909,0.9875,0.9885,0.21439612,0.68947786,895.1223,,1.5714625040690104,,,1000.0,/home/aaiuser/results/benchmarking_sbi_023/multirun/2024-12-07/00-38-21/0,0
1206,slcp_distractors,100000,3,SNPE,2716730956,0.6802,0.6747,0.004583478,0.03329587,386.67685,0.629,0.6015,0.004271984,0.033688188,383.36615,,180.21189778645834,,,100000.0,/home/aaiuser/results/benchmarking_sbi_023/multirun/2024-12-07/00-38-21/8,8
1207,slcp_distractors,100000,6,SNPE,1303129125,0.8636,0.8628,0.09552193,0.24328136,344.6253,0.8105,0.799,0.096574426,0.24450326,346.39496,,100.384716796875,,,100000.0,/home/aaiuser/results/benchmarking_sbi_023/multirun/2024-12-07/00-38-21/17,17
1208,slcp_distractors,1000,6,SNPE,2207805204,0.96485,0.96565,0.14386249,0.32063305,345.74377,0.948,0.926,0.12331116,0.27436262,348.4666,,1.4539386749267578,,,1000.0,/home/aaiuser/results/benchmarking_sbi_023/multirun/2024-12-07/00-38-21/15,15
1209,slcp_distractors,100000,4,SNPE,3269457149,0.8662,0.86695,0.12008083,0.13936543,571.11414,0.8165,0.8475,0.13281614,0.15413588,567.61035,,128.75115559895832,,,100000.0,/home/aaiuser/results/benchmarking_sbi_023/multirun/2024-12-07/00-38-21/11,11
1210,slcp_distractors,10000,7,SNPE,1664156784,0.9926,0.9932,0.05884099,0.6121307,1077.1768,0.988,0.989,0.05586636,0.5847646,1077.9978,,12.267460123697917,,,10000.0,/home/aaiuser/results/benchmarking_sbi_023/multirun/2024-12-07/00-38-21/19,19
1211,slcp_distractors,1000,10,SNPE,1492160599,0.9644,0.96365,0.29866818,0.3793673,349.46695,0.9315,0.9305,0.28028458,0.3588027,341.2346,,1.5321009318033854,,,1000.0,/home/aaiuser/results/benchmarking_sbi_023/multirun/2024-12-07/00-38-21/27,27
1212,slcp_distractors,10000,1,SNPE,3332270783,0.97555,0.9739,0.10730541,0.43338463,894.874,0.961,0.954,0.1074518,0.4531384,892.9962,,9.170162963867188,,,10000.0,/home/aaiuser/results/benchmarking_sbi_023/multirun/2024-12-07/00-38-21/1,1
1213,slcp_distractors,1000,4,SNPE,2140907380,0.99005,0.9889,0.23618025,0.55488837,569.6109,0.983,0.9835,0.25474888,0.5598478,569.3318,,1.8152121225992839,,,1000.0,/home/aaiuser/results/benchmarking_sbi_023/multirun/2024-12-07/00-38-21/9,9
1214,slcp_distractors,100000,9,SNPE,1906110086,0.8858,0.8915,0.12739336,0.2637006,712.35803,0.8415,0.808,0.12450576,0.25647002,711.3298,,81.84147135416667,,,100000.0,/home/aaiuser/results/benchmarking_sbi_023/multirun/2024-12-07/00-38-21/26,26
1215,slcp_distractors,1000,2,SNPE,3862282794,0.9807,0.98085,0.18392062,0.45432997,380.8158,0.969,0.952,0.17465103,0.43676406,381.24286,,1.6996265411376954,,,1000.0,/home/aaiuser/results/benchmarking_sbi_023/multirun/2024-12-07/00-38-21/3,3
1216,two_moons,100000,10,SNPE,107304940,0.50275,0.54275,3.504753e-05,3.504753e-05,0.09144656,0.503,0.529,0.0009948015,0.0010077953,0.089897424,,80.14080403645833,inf,inf,100000.0,/home/aaiuser/results/benchmarking_sbi_023/multirun/2024-12-07/18-11-26/29,29
1217,two_moons,1000,7,SNPE,3600749862,0.58845,0.6932,0.002016902,0.0020064116,0.09507092,0.536,0.684,0.0020588636,0.002058506,0.09553258,,2.2413256327311197,inf,inf,1000.0,/home/aaiuser/results/benchmarking_sbi_023/multirun/2024-12-07/18-11-26/18,18
1218,two_moons,100000,8,SNPE,2715021976,0.5143,0.5382,0.0008351803,0.00083732605,0.09233206,0.5105,0.531,0.000111579895,0.00011122227,0.09360382,,71.74539388020834,inf,inf,100000.0,/home/aaiuser/results/benchmarking_sbi_023/multirun/2024-12-07/18-11-26/23,23
1219,two_moons,10000,10,SNPE,3946705899,0.60345,0.6316,0.0100005865,0.010007143,0.108648136,0.554,0.5955,0.008789778,0.008813977,0.106417656,,9.851139322916667,inf,inf,10000.0,/home/aaiuser/results/benchmarking_sbi_023/multirun/2024-12-07/18-11-26/28,28
1220,two_moons,10000,5,SNPE,3926295378,0.5672,0.562,0.0010439157,0.0010436773,0.10155119,0.566,0.5705,3.015995e-05,2.9087067e-05,0.10297105,,5.982551574707031,inf,inf,10000.0,/home/aaiuser/results/benchmarking_sbi_023/multirun/2024-12-07/18-11-26/13,13
1221,two_moons,10000,8,SNPE,913646290,0.524,0.5782,0.003227353,0.003221631,0.09355055,0.5145,0.5645,0.0021084547,0.0021111965,0.09347718,,6.010734049479167,inf,inf,10000.0,/home/aaiuser/results/benchmarking_sbi_023/multirun/2024-12-07/18-11-26/22,22
1222,two_moons,1000,3,SNPE,2611036420,0.62935,0.6438,0.002278924,0.0022784472,0.09502809,0.5125,0.648,-6.1392784e-05,-6.389618e-05,0.09399358,,2.3033762613932294,inf,inf,1000.0,/home/aaiuser/results/benchmarking_sbi_023/multirun/2024-12-07/18-11-26/6,6
1223,two_moons,10000,6,SNPE,2254958418,0.54975,0.5522,0.00017726421,0.00017738342,0.09730351,0.5035,0.5065,7.069111e-05,7.1287155e-05,0.09666848,,4.7497609456380205,inf,inf,10000.0,/home/aaiuser/results/benchmarking_sbi_023/multirun/2024-12-07/18-11-26/16,16
1224,two_moons,100000,5,SNPE,2600070236,0.5777,0.57055,0.0004504919,0.0004504919,0.098231465,0.518,0.5145,7.927418e-05,7.915497e-05,0.099237114,,71.83899739583333,inf,inf,100000.0,/home/aaiuser/results/benchmarking_sbi_023/multirun/2024-12-07/18-11-26/14,14
1225,two_moons,10000,2,SNPE,2196084089,0.5483,0.55555,0.00063943863,0.00063848495,0.09422704,0.5185,0.5485,0.001311779,0.0013101101,0.096165374,,5.530059814453125,inf,inf,10000.0,/home/aaiuser/results/benchmarking_sbi_023/multirun/2024-12-07/18-11-26/4,4
1226,two_moons,100000,7,SNPE,1827342348,0.52595,0.57235,0.0011234283,0.0011180639,0.09302154,0.5235,0.5745,0.0032781363,0.0032703876,0.096103534,,68.29189453125,inf,inf,100000.0,/home/aaiuser/results/benchmarking_sbi_023/multirun/2024-12-07/18-11-26/20,20
1227,two_moons,10000,4,SNPE,1284610529,0.54135,0.54125,0.00037193298,0.00037252903,0.092020795,0.4825,0.502,-0.00041258335,-0.00041234493,0.093420856,,4.3947397867838545,inf,inf,10000.0,/home/aaiuser/results/benchmarking_sbi_023/multirun/2024-12-07/18-11-26/10,10
1228,two_moons,1000,9,SNPE,1505380647,0.62835,0.6638,0.0070958734,0.0070961714,0.09825443,0.584,0.623,0.0066720843,0.0066723824,0.09766023,,1.7577128092447916,inf,inf,1000.0,/home/aaiuser/results/benchmarking_sbi_023/multirun/2024-12-07/18-11-26/24,24
1229,two_moons,1000,5,SNPE,3525970491,0.7153,0.723,0.010660052,0.010659218,0.10266343,0.6825,0.6855,0.006685734,0.0066816807,0.097634435,,1.6906712849934895,,,1000.0,/home/aaiuser/results/benchmarking_sbi_023/multirun/2024-12-07/18-11-26/12,12
1230,two_moons,1000,8,SNPE,3571083274,0.5772,0.64285,0.0020956993,0.0020953417,0.09371179,0.516,0.635,0.00080418587,0.0007929802,0.09605528,,2.334339396158854,inf,inf,1000.0,/home/aaiuser/results/benchmarking_sbi_023/multirun/2024-12-07/18-11-26/21,21
1231,two_moons,100000,1,SNPE,1357469606,0.4957,0.50185,2.4557114e-05,2.4557114e-05,0.08980861,0.508,0.504,0.00012981892,0.00012981892,0.08777732,,56.65652669270833,inf,inf,100000.0,/home/aaiuser/results/benchmarking_sbi_023/multirun/2024-12-07/18-11-26/2,2
1232,two_moons,10000,9,SNPE,4091888300,0.5362,0.53165,0.0014587045,0.001458466,0.09380117,0.5145,0.5255,0.0014208555,0.0014201403,0.091324665,,6.451568094889323,inf,inf,10000.0,/home/aaiuser/results/benchmarking_sbi_023/multirun/2024-12-07/18-11-26/25,25
1233,two_moons,100000,2,SNPE,260753049,0.50695,0.51245,-1.2516975e-05,-1.2636185e-05,0.092316024,0.498,0.495,-0.0001155138,-0.00011539459,0.08900589,,64.57477213541667,inf,inf,100000.0,/home/aaiuser/results/benchmarking_sbi_023/multirun/2024-12-07/18-11-26/5,5
1234,two_moons,10000,3,SNPE,25271556,0.5586,0.57095,0.00072312355,0.00072312355,0.09253529,0.52,0.556,0.00048696995,0.00048303604,0.09697685,,5.635779825846354,inf,inf,10000.0,/home/aaiuser/results/benchmarking_sbi_023/multirun/2024-12-07/18-11-26/7,7
1235,two_moons,1000,1,SNPE,541286746,0.616,0.63125,0.0047979355,0.0047974586,0.0957952,0.558,0.5545,0.0034393072,0.003437519,0.09693456,,2.559575653076172,inf,inf,1000.0,/home/aaiuser/results/benchmarking_sbi_023/multirun/2024-12-07/18-11-26/0,0
1236,two_moons,100000,3,SNPE,244055488,0.5111,0.5259,-5.841255e-06,-5.722046e-06,0.08934036,0.497,0.484,3.540516e-05,3.71933e-05,0.09207964,,62.2413330078125,inf,inf,100000.0,/home/aaiuser/results/benchmarking_sbi_023/multirun/2024-12-07/18-11-26/8,8
1237,two_moons,100000,6,SNPE,924724116,0.5071,0.51125,0.0001488924,0.0001487732,0.09056592,0.4955,0.4835,-0.00018382072,-0.0001835823,0.092876375,,67.0677978515625,inf,inf,100000.0,/home/aaiuser/results/benchmarking_sbi_023/multirun/2024-12-07/18-11-26/17,17
1238,two_moons,1000,6,SNPE,2895881109,0.5769,0.5937,0.002428174,0.0024288893,0.09271251,0.5845,0.6015,0.0061095953,0.0061103106,0.094103105,,1.8667115529378255,,,1000.0,/home/aaiuser/results/benchmarking_sbi_023/multirun/2024-12-07/18-11-26/15,15
1239,two_moons,100000,4,SNPE,2425789392,0.4918,0.50495,1.8954277e-05,1.8954277e-05,0.09257039,0.4945,0.477,-0.0003592968,-0.00035893917,0.090386614,,68.9267822265625,inf,inf,100000.0,/home/aaiuser/results/benchmarking_sbi_023/multirun/2024-12-07/18-11-26/11,11
1240,two_moons,10000,7,SNPE,1118526108,0.512,0.5744,0.0002449751,0.00024437904,0.09299429,0.468,0.5455,0.00012493134,0.00012683868,0.09412469,,5.513022867838542,inf,inf,10000.0,/home/aaiuser/results/benchmarking_sbi_023/multirun/2024-12-07/18-11-26/19,19
1241,two_moons,1000,10,SNPE,3383954239,0.62515,0.7549,0.012861609,0.012907863,0.092955306,0.595,0.7375,0.017920613,0.018089056,0.09603751,,2.8925247192382812,inf,inf,1000.0,/home/aaiuser/results/benchmarking_sbi_023/multirun/2024-12-07/18-11-26/27,27
1242,two_moons,10000,1,SNPE,1995910115,0.5159,0.52055,0.00027298927,0.0002733469,0.090146035,0.514,0.5125,0.0010105371,0.0010106564,0.09592856,,4.846136474609375,,,10000.0,/home/aaiuser/results/benchmarking_sbi_023/multirun/2024-12-07/18-11-26/1,1
1243,two_moons,1000,4,SNPE,2260681784,0.61035,0.6219,0.00278306,0.0027846694,0.09583625,0.571,0.599,-0.0003863573,-0.00038671494,0.10355046,,2.071295674641927,inf,inf,1000.0,/home/aaiuser/results/benchmarking_sbi_023/multirun/2024-12-07/18-11-26/9,9
1244,two_moons,100000,9,SNPE,373113808,0.5072,0.50295,0.00037646294,0.00037646294,0.08943178,0.528,0.5275,0.0046023726,0.004602194,0.087652445,,74.07295735677083,inf,inf,100000.0,/home/aaiuser/results/benchmarking_sbi_023/multirun/2024-12-07/18-11-26/26,26
1245,two_moons,1000,2,SNPE,1288813097,0.60535,0.57855,0.00022900105,0.00022900105,0.09110853,0.5135,0.562,0.0006006956,0.00060009956,0.09014551,,2.1299907684326174,inf,inf,1000.0,/home/aaiuser/results/benchmarking_sbi_023/multirun/2024-12-07/18-11-26/3,3
1246,gaussian_linear_uniform,100000,10,NRE,492325422,0.65375,0.62195,0.016511202,0.018009663,1.4134364,0.638,0.6215,0.01658845,0.017213464,1.4165595,,115.8633544921875,5.237879333572821,3.7908132853892087,100000.0,/home/aaiuser/results/benchmarking_sbi_023/multirun/2024-11-26/14-24-35-nre-glu/29,29
1247,gaussian_linear_uniform,1000,7,NRE,3188778106,0.81185,0.7955,0.07767743,0.076456845,1.6206256,0.8135,0.8055,0.081122816,0.081231534,1.6456407,,7.75811767578125,6.265282638420722,4.527473798551131,1000.0,/home/aaiuser/results/benchmarking_sbi_023/multirun/2024-11-26/14-24-35-nre-glu/18,18
1248,gaussian_linear_uniform,100000,8,NRE,2188607442,0.6486,0.63195,0.015364885,0.015166044,1.4547312,0.6055,0.611,0.013807893,0.01342845,1.4697561,,76.89025065104167,5.009542030034158,3.770281821646321,100000.0,/home/aaiuser/results/benchmarking_sbi_023/multirun/2024-11-26/14-24-35-nre-glu/23,23
1249,gaussian_linear_uniform,1000,3,NRE,2256272173,0.8702,0.83555,0.13551033,0.1367063,1.8801209,0.861,0.843,0.13772511,0.13993502,1.8930104,,7.4285730997721355,5.112401979675909,4.188285775115638,1000.0,/home/aaiuser/results/benchmarking_sbi_023/multirun/2024-11-26/14-24-35-nre-glu/6,6
1250,gaussian_linear_uniform,100000,5,NRE,2900257947,0.69325,0.6716,0.020494938,0.019877315,1.4416866,0.6685,0.661,0.020091057,0.019208908,1.4440918,,52.496256510416664,5.837686772742838,4.149585841385028,100000.0,/home/aaiuser/results/benchmarking_sbi_023/multirun/2024-11-26/14-24-35-nre-glu/14,14
1251,gaussian_linear_uniform,100000,7,NRE,358545480,0.61125,0.59155,0.004790902,0.0045523643,1.3576325,0.5655,0.56,0.0038366318,0.0039334297,1.3619429,,86.61826171875,5.385892159788918,3.8211496204768824,100000.0,/home/aaiuser/results/benchmarking_sbi_023/multirun/2024-11-26/14-24-35-nre-glu/20,20
1252,gaussian_linear_uniform,1000,9,NRE,3307575617,0.7515,0.73845,0.06987572,0.066857636,1.5566807,0.7555,0.7475,0.06832421,0.06683469,1.569513,,7.490303039550781,5.98380765780605,4.3678886628788955,1000.0,/home/aaiuser/results/benchmarking_sbi_023/multirun/2024-11-26/14-24-35-nre-glu/24,24
1253,gaussian_linear_uniform,1000,5,NRE,3034396645,0.91995,0.90905,0.22825229,0.23681349,2.0250337,0.91,0.904,0.21984941,0.23004013,2.0304844,,6.887511189778646,5.853192592898939,4.494785916830247,1000.0,/home/aaiuser/results/benchmarking_sbi_023/multirun/2024-11-26/14-24-35-nre-glu/12,12
1254,gaussian_linear_uniform,1000,8,NRE,2991173957,0.94985,0.94475,0.31663942,0.3307644,2.080536,0.9375,0.9435,0.31152928,0.32049936,2.0825777,,9.865399169921876,6.543228302650036,4.850439155026945,1000.0,/home/aaiuser/results/benchmarking_sbi_023/multirun/2024-11-26/14-24-35-nre-glu/21,21
1255,gaussian_linear_uniform,100000,1,NRE,825474997,0.6912,0.65195,0.023724556,0.02353251,1.4411399,0.6755,0.649,0.0246073,0.023638487,1.4328167,,100.6835693359375,5.469065416267442,3.974599283876149,100000.0,/home/aaiuser/results/benchmarking_sbi_023/multirun/2024-11-26/14-24-35-nre-glu/2,2
1256,gaussian_linear_uniform,100000,2,NRE,2633724116,0.64735,0.63015,0.015892267,0.013760328,1.514729,0.63,0.6225,0.01859653,0.016905427,1.5188886,,113.3919677734375,5.439517404802229,4.001144328249043,100000.0,/home/aaiuser/results/benchmarking_sbi_023/multirun/2024-11-26/14-24-35-nre-glu/5,5
1257,gaussian_linear_uniform,1000,1,NRE,4038385913,0.85615,0.8254,0.13054693,0.1296292,1.7097015,0.8475,0.817,0.13954937,0.13317782,1.730094,,11.693505859375,5.914914225614992,4.369857135787783,1000.0,/home/aaiuser/results/benchmarking_sbi_023/multirun/2024-11-26/14-24-35-nre-glu/0,0
1258,gaussian_linear_uniform,100000,3,NRE,2514929378,0.69795,0.6545,0.027492642,0.025932074,1.5632243,0.6865,0.6655,0.031706214,0.030061007,1.5419925,,114.02023111979166,4.869134861422178,3.7528026297152706,100000.0,/home/aaiuser/results/benchmarking_sbi_023/multirun/2024-11-26/14-24-35-nre-glu/8,8
1259,gaussian_linear_uniform,100000,6,NRE,2231484783,0.63195,0.60495,0.009674549,0.009091854,1.3466668,0.611,0.589,0.009104729,0.008569241,1.364625,,110.30501302083333,5.766189256501255,4.053298236986036,100000.0,/home/aaiuser/results/benchmarking_sbi_023/multirun/2024-11-26/14-24-35-nre-glu/17,17
1260,gaussian_linear_uniform,1000,6,NRE,734010135,0.83545,0.8051,0.09099966,0.09123069,1.7279694,0.822,0.806,0.09560186,0.097408116,1.7169323,,8.548743693033854,5.594481724980447,4.247574818589617,1000.0,/home/aaiuser/results/benchmarking_sbi_023/multirun/2024-11-26/14-24-35-nre-glu/15,15
1261,gaussian_linear_uniform,100000,4,NRE,2730520891,0.6209,0.6008,0.0069779158,0.010924697,1.3632668,0.5955,0.586,0.006706357,0.0106880665,1.3579321,,124.457568359375,5.609085933204012,3.9483863710184393,100000.0,/home/aaiuser/results/benchmarking_sbi_023/multirun/2024-11-26/14-24-35-nre-glu/11,11
1262,gaussian_linear_uniform,1000,10,NRE,251421693,0.89375,0.8703,0.16900432,0.16530842,1.8919848,0.8865,0.8845,0.16836417,0.16246712,1.8803674,,7.365538024902344,5.607172744134845,4.295656324884031,1000.0,/home/aaiuser/results/benchmarking_sbi_023/multirun/2024-11-26/14-24-35-nre-glu/27,27
1263,gaussian_linear_uniform,1000,4,NRE,2907053359,0.8718,0.85065,0.1284923,0.118415415,1.7294269,0.8475,0.84,0.12817866,0.116497755,1.7292106,,7.064491780598958,5.980797960805111,4.322405602842507,1000.0,/home/aaiuser/results/benchmarking_sbi_023/multirun/2024-11-26/14-24-35-nre-glu/9,9
1264,gaussian_linear_uniform,100000,9,NRE,1327905908,0.64975,0.63365,0.011303544,0.010237575,1.4029646,0.6045,0.6085,0.011487007,0.010689616,1.4056337,,59.33909912109375,5.137388936241461,3.850464785444532,100000.0,/home/aaiuser/results/benchmarking_sbi_023/multirun/2024-11-26/14-24-35-nre-glu/26,26
1265,gaussian_linear_uniform,1000,2,NRE,1626587418,0.8092,0.7778,0.08050066,0.080011785,1.7253914,0.7875,0.7685,0.082992435,0.08267534,1.7784047,,6.936055501302083,6.155491057134944,4.4820408467857655,1000.0,/home/aaiuser/results/benchmarking_sbi_023/multirun/2024-11-26/14-24-35-nre-glu/3,3
1266,bernoulli_glm,100000,10,NRE,595036001,0.79255,0.7584,0.08253521,0.082984746,15.867931,0.7895,0.743,0.086844444,0.08603871,15.523209,,97.35365397135416,12.021652087373349,9.748872364841793,100000.0,/home/aaiuser/results/benchmarking_sbi_023/multirun/2024-11-26/04-14-11/29,29
1267,bernoulli_glm,1000,7,NRE,4290529939,0.9323,0.91195,0.20256746,0.204368,20.110416,0.937,0.918,0.2068466,0.21021473,20.059006,,7.082404581705729,9.385401720457184,7.327093245785549,1000.0,/home/aaiuser/results/benchmarking_sbi_023/multirun/2024-11-26/04-14-11/18,18
1268,bernoulli_glm,100000,8,NRE,3609428929,0.73295,0.6943,0.042135477,0.035781026,11.221203,0.7245,0.696,0.042874813,0.03544712,11.154444,,122.05130208333334,10.970297722107954,8.69104363610666,100000.0,/home/aaiuser/results/benchmarking_sbi_023/multirun/2024-11-26/04-14-11/23,23
1269,bernoulli_glm,10000,10,NRE,3255895935,0.93305,0.91835,0.23438108,0.23018432,23.64212,0.929,0.924,0.24471349,0.24012524,23.875042,,19.858251953125,10.438227046727114,8.117667768401438,10000.0,/home/aaiuser/results/benchmarking_sbi_023/multirun/2024-11-26/04-14-11/28,28
1270,bernoulli_glm,10000,5,NRE,2664941196,0.9651,0.95635,0.33665752,0.33775964,21.569143,0.9585,0.9585,0.3255807,0.32486942,22.09282,,15.76129862467448,9.691941613176136,7.3912164479642115,10000.0,/home/aaiuser/results/benchmarking_sbi_023/multirun/2024-11-26/04-14-11/13,13
1271,bernoulli_glm,10000,8,NRE,2419278073,0.90695,0.87925,0.26174462,0.18722028,14.911999,0.899,0.878,0.24839675,0.17878407,14.845365,,16.104175821940103,9.603500483179682,7.30806612668244,10000.0,/home/aaiuser/results/benchmarking_sbi_023/multirun/2024-11-26/04-14-11/22,22
1272,bernoulli_glm,1000,3,NRE,763418603,0.93115,0.91715,0.25046957,0.22987229,17.150883,0.9325,0.926,0.23354566,0.21477991,17.02223,,6.295559692382812,10.2604157743973,8.089396212971636,1000.0,/home/aaiuser/results/benchmarking_sbi_023/multirun/2024-11-26/04-14-11/6,6
1273,bernoulli_glm,10000,6,NRE,665988226,0.931,0.90995,0.21073991,0.21581423,18.777515,0.9205,0.9195,0.21405637,0.21914613,18.866379,,15.983294677734374,8.797090390219104,6.564349903602424,10000.0,/home/aaiuser/results/benchmarking_sbi_023/multirun/2024-11-26/04-14-11/16,16
1274,bernoulli_glm,100000,5,NRE,2372221184,0.8736,0.8453,0.15390968,0.15884054,18.957424,0.8595,0.8495,0.14763111,0.15055966,18.979372,,84.0056640625,10.915013679600127,8.669902535875687,100000.0,/home/aaiuser/results/benchmarking_sbi_023/multirun/2024-11-26/04-14-11/14,14
1275,bernoulli_glm,10000,2,NRE,127883316,0.896,0.8829,0.1532324,0.16201246,16.551514,0.888,0.872,0.15386075,0.16043425,16.462711,,24.501631673177084,9.287208353226818,7.123257227478417,10000.0,/home/aaiuser/results/benchmarking_sbi_023/multirun/2024-11-26/04-14-11/4,4
1276,bernoulli_glm,100000,7,NRE,913955972,0.79425,0.75085,0.13406307,0.1352607,13.521301,0.7745,0.743,0.14169216,0.14301151,13.609831,,78.83338216145833,11.281210155884175,8.996314911735311,100000.0,/home/aaiuser/results/benchmarking_sbi_023/multirun/2024-11-26/04-14-11/20,20
1277,bernoulli_glm,10000,4,NRE,3131344903,0.9019,0.8869,0.22116911,0.17762959,14.704574,0.915,0.8965,0.23824424,0.19140893,14.924366,,15.100679524739583,9.559939712769715,7.21111331398477,10000.0,/home/aaiuser/results/benchmarking_sbi_023/multirun/2024-11-26/04-14-11/10,10
1278,bernoulli_glm,1000,9,NRE,1256463465,0.92485,0.91185,0.35142368,0.28465533,17.141775,0.932,0.911,0.35091138,0.28638983,17.284233,,7.163297017415364,9.748164844485371,7.421190335215962,1000.0,/home/aaiuser/results/benchmarking_sbi_023/multirun/2024-11-26/04-14-11/24,24
1279,bernoulli_glm,1000,5,NRE,383917670,0.9803,0.9759,0.35613585,0.3641192,25.193378,0.982,0.979,0.35917234,0.363562,25.12347,,6.831841023763021,8.269782894942248,6.159264359416388,1000.0,/home/aaiuser/results/benchmarking_sbi_023/multirun/2024-11-26/04-14-11/12,12
1280,bernoulli_glm,1000,8,NRE,2679046949,0.9132,0.8964,0.21441269,0.16242474,15.346053,0.8975,0.8915,0.18689364,0.14521414,15.363247,,7.062707010904948,10.273771324876947,7.899908819526221,1000.0,/home/aaiuser/results/benchmarking_sbi_023/multirun/2024-11-26/04-14-11/21,21
1281,bernoulli_glm,100000,1,NRE,3697626949,0.7784,0.7378,0.09001809,0.078944325,11.691248,0.7885,0.7645,0.09416181,0.08356786,11.6729965,,126.40137532552083,10.17828508718181,7.90511220689457,100000.0,/home/aaiuser/results/benchmarking_sbi_023/multirun/2024-11-26/04-14-11/2,2
1282,bernoulli_glm,10000,9,NRE,1647884210,0.92025,0.9001,0.23623896,0.20364517,16.63747,0.9205,0.8935,0.24562049,0.21250135,16.85778,,14.623837280273438,9.421893978604801,7.10561523711134,10000.0,/home/aaiuser/results/benchmarking_sbi_023/multirun/2024-11-26/04-14-11/25,25
1283,bernoulli_glm,100000,2,NRE,631188865,0.7543,0.71665,0.082523584,0.076020956,12.9911175,0.7345,0.7035,0.06678206,0.06129712,12.798843,,81.27486979166666,10.772646948623963,8.647534797075215,100000.0,/home/aaiuser/results/benchmarking_sbi_023/multirun/2024-11-26/04-14-11/5,5
1284,bernoulli_glm,10000,3,NRE,4233248889,0.92005,0.9047,0.21833563,0.19966131,16.601814,0.9225,0.8985,0.21616346,0.19758767,16.910782,,16.251814778645834,9.927810535846403,7.60185525548783,10000.0,/home/aaiuser/results/benchmarking_sbi_023/multirun/2024-11-26/04-14-11/7,7
1285,bernoulli_glm,1000,1,NRE,3406093264,0.8754,0.853,0.18239689,0.16824567,14.757982,0.879,0.8595,0.19611275,0.17983192,14.707094,,6.827157592773437,10.106368925376689,7.810033086835449,1000.0,/home/aaiuser/results/benchmarking_sbi_023/multirun/2024-11-26/04-14-11/0,0
1286,bernoulli_glm,100000,3,NRE,4048271958,0.85775,0.84095,0.1822393,0.17153162,13.675716,0.854,0.831,0.1768055,0.16435051,13.928522,,82.3612060546875,10.828781771108364,8.517898602555286,100000.0,/home/aaiuser/results/benchmarking_sbi_023/multirun/2024-11-26/04-14-11/8,8
1287,bernoulli_glm,100000,6,NRE,4163376625,0.7752,0.72945,0.059884906,0.056984603,14.708481,0.763,0.732,0.06638038,0.06130898,14.542752,,78.18219401041667,10.625673060108056,8.365176938744476,100000.0,/home/aaiuser/results/benchmarking_sbi_023/multirun/2024-11-26/04-14-11/17,17
1288,bernoulli_glm,1000,6,NRE,446183311,0.93435,0.913,0.20593488,0.212452,19.309555,0.931,0.919,0.2144531,0.22083223,19.176384,,6.461857096354167,8.923509883490494,6.7388392255669025,1000.0,/home/aaiuser/results/benchmarking_sbi_023/multirun/2024-11-26/04-14-11/15,15
1289,bernoulli_glm,100000,4,NRE,3725424863,0.8147,0.7817,0.18590242,0.15408927,12.216959,0.81,0.7875,0.22190177,0.17724228,12.110432,,84.43243815104167,10.83740843594189,8.503899014134825,100000.0,/home/aaiuser/results/benchmarking_sbi_023/multirun/2024-11-26/04-14-11/11,11
1290,bernoulli_glm,10000,7,NRE,2834585765,0.8983,0.87605,0.22956616,0.23208916,17.470913,0.8965,0.883,0.23601711,0.2367289,17.477577,,27.490142822265625,9.624789932085427,7.34945382225555,10000.0,/home/aaiuser/results/benchmarking_sbi_023/multirun/2024-11-26/04-14-11/19,19
1291,bernoulli_glm,1000,10,NRE,925140193,0.9879,0.98675,0.47178307,0.46986938,31.305069,0.984,0.9855,0.47965753,0.4781809,31.666067,,6.858882649739583,8.161010583403138,6.048786237895302,1000.0,/home/aaiuser/results/benchmarking_sbi_023/multirun/2024-11-26/04-14-11/27,27
1292,bernoulli_glm,10000,1,NRE,3567259206,0.88785,0.8612,0.23298019,0.20269185,14.864285,0.9055,0.8795,0.26033527,0.22708201,14.986471,,14.64984842936198,9.935649759094389,7.681288046887204,10000.0,/home/aaiuser/results/benchmarking_sbi_023/multirun/2024-11-26/04-14-11/1,1
1293,bernoulli_glm,1000,4,NRE,911884925,0.92615,0.9146,0.3180452,0.24726671,16.365688,0.931,0.9025,0.31794924,0.24632788,16.341038,,6.976182556152343,9.98864821801521,7.868555636100876,1000.0,/home/aaiuser/results/benchmarking_sbi_023/multirun/2024-11-26/04-14-11/9,9
1294,bernoulli_glm,100000,9,NRE,3465511271,0.74755,0.70115,0.053093255,0.042573214,11.065414,0.731,0.7145,0.04838586,0.03940463,11.023466,,115.99956868489583,10.98458755906404,8.60202190479441,100000.0,/home/aaiuser/results/benchmarking_sbi_023/multirun/2024-11-26/04-14-11/26,26
1295,bernoulli_glm,1000,2,NRE,2885671927,0.94595,0.9363,0.2581727,0.268346,18.15192,0.943,0.935,0.26026177,0.27236044,18.068699,,7.355547587076823,8.70269933868152,6.455008529561577,1000.0,/home/aaiuser/results/benchmarking_sbi_023/multirun/2024-11-26/04-14-11/3,3
1296,gaussian_mixture,100000,10,NRE,712919239,0.69365,0.75875,0.124580026,0.12540525,1.1576389,0.68,0.758,0.11895412,0.119307935,1.0988046,,39.36964111328125,7.9314461570528545,6.153762419674473,100000.0,/home/aaiuser/results/benchmarking_sbi_023/multirun/2024-11-26/18-29-23/29,29
1297,gaussian_mixture,1000,7,NRE,2870655938,0.71685,0.746,0.10081357,0.09897864,1.4041418,0.6995,0.7495,0.1022771,0.100886464,1.4164921,,1.5027765909830728,8.292020908617229,6.556635817590813,1000.0,/home/aaiuser/results/benchmarking_sbi_023/multirun/2024-11-26/18-29-23/18,18
1298,gaussian_mixture,100000,8,NRE,3829778617,0.68245,0.7293,0.027527094,0.02763611,1.1125689,0.666,0.7245,0.022022486,0.022010446,1.1003356,,72.38179524739583,7.269397923439057,6.472856365320017,100000.0,/home/aaiuser/results/benchmarking_sbi_023/multirun/2024-11-26/18-29-23/23,23
1299,gaussian_mixture,10000,10,NRE,428595885,0.76865,0.786,0.2562706,0.2527218,1.3727397,0.738,0.7875,0.2587914,0.25686496,1.3364959,,11.419028727213542,9.145710646679639,6.890088333493177,10000.0,/home/aaiuser/results/benchmarking_sbi_023/multirun/2024-11-26/18-29-23/28,28
1300,gaussian_mixture,10000,5,NRE,2678453408,0.7459,0.7703,0.15630466,0.15831089,1.3061256,0.7085,0.766,0.15000266,0.15084362,1.3339083,,16.734025065104166,8.431828900871059,6.511257751659711,10000.0,/home/aaiuser/results/benchmarking_sbi_023/multirun/2024-11-26/18-29-23/13,13
1301,gaussian_mixture,10000,8,NRE,3396646102,0.7204,0.7405,0.106767714,0.10674119,1.3850906,0.687,0.742,0.104302704,0.10450381,1.3728791,,15.641007486979166,9.87072078778063,8.115415376877941,10000.0,/home/aaiuser/results/benchmarking_sbi_023/multirun/2024-11-26/18-29-23/22,22
1302,gaussian_mixture,1000,3,NRE,1084358731,0.77685,0.77915,0.28352374,0.28191707,2.0940022,0.758,0.7715,0.27085286,0.26842546,2.0506773,,1.6264729817708334,11.357038448582736,9.280863884767157,1000.0,/home/aaiuser/results/benchmarking_sbi_023/multirun/2024-11-26/18-29-23/6,6
1303,gaussian_mixture,10000,6,NRE,1826693620,0.7168,0.728,0.057911098,0.0578537,1.330689,0.6705,0.712,0.053694725,0.05394435,1.3318112,,10.07066141764323,8.260508833694775,4.805532442978897,10000.0,/home/aaiuser/results/benchmarking_sbi_023/multirun/2024-11-26/18-29-23/16,16
1304,gaussian_mixture,100000,5,NRE,4163637983,0.713,0.7464,0.07810825,0.07686573,1.1833558,0.678,0.747,0.066927016,0.06564355,1.1782105,,49.565283203125,7.411486134293061,5.782021525949832,100000.0,/home/aaiuser/results/benchmarking_sbi_023/multirun/2024-11-26/18-29-23/14,14
1305,gaussian_mixture,10000,2,NRE,570814980,0.7343,0.7577,0.14690399,0.14184904,1.5293642,0.6925,0.7505,0.17324352,0.16812629,1.5723288,,9.985207112630208,9.685314316216422,7.401082291168089,10000.0,/home/aaiuser/results/benchmarking_sbi_023/multirun/2024-11-26/18-29-23/4,4
1306,gaussian_mixture,100000,7,NRE,1993433329,0.6726,0.72755,0.02829796,0.028286695,1.127146,0.51,0.705,0.020080566,0.020148635,1.0927582,,36.01750895182292,8.422713926306665,6.856934294091525,100000.0,/home/aaiuser/results/benchmarking_sbi_023/multirun/2024-11-26/18-29-23/20,20
1307,gaussian_mixture,10000,4,NRE,3116294984,0.70315,0.7312,0.0753721,0.075009644,1.3553941,0.691,0.729,0.07375604,0.07368088,1.3031383,,11.637916056315104,8.745427363505751,5.454897435874633,10000.0,/home/aaiuser/results/benchmarking_sbi_023/multirun/2024-11-26/18-29-23/10,10
1308,gaussian_mixture,1000,9,NRE,3181437766,0.7679,0.7768,0.2238347,0.22388345,1.8707798,0.759,0.7585,0.20517701,0.20534611,1.8444605,,1.5647532145182292,11.302310971189128,8.82961304616993,1000.0,/home/aaiuser/results/benchmarking_sbi_023/multirun/2024-11-26/18-29-23/24,24
1309,gaussian_mixture,1000,5,NRE,1238051188,0.7229,0.758,0.093782544,0.09301674,1.1907555,0.6825,0.7575,0.09631199,0.09516525,1.2224061,,1.6422843933105469,8.27329683252751,6.080612460909828,1000.0,/home/aaiuser/results/benchmarking_sbi_023/multirun/2024-11-26/18-29-23/12,12
1310,gaussian_mixture,1000,8,NRE,1602231411,0.73395,0.75855,0.14205813,0.14208394,1.4526968,0.7115,0.7545,0.13193792,0.13196701,1.487406,,1.5299725850423178,9.595958627810257,7.440322237770721,1000.0,/home/aaiuser/results/benchmarking_sbi_023/multirun/2024-11-26/18-29-23/21,21
1311,gaussian_mixture,100000,1,NRE,370893739,0.7506,0.7727,0.15563703,0.15077853,1.2596585,0.729,0.7685,0.1555348,0.1495685,1.2766986,,29.42625732421875,9.088019675441041,7.205216603297474,100000.0,/home/aaiuser/results/benchmarking_sbi_023/multirun/2024-11-26/18-29-23/2,2
1312,gaussian_mixture,10000,9,NRE,1118779699,0.71435,0.721,0.03295374,0.03298354,1.1763811,0.6345,0.6945,0.026959777,0.02714783,1.1896684,,12.3788818359375,8.59054011690454,6.727612618668223,10000.0,/home/aaiuser/results/benchmarking_sbi_023/multirun/2024-11-26/18-29-23/25,25
1313,gaussian_mixture,100000,2,NRE,2593250093,0.70265,0.7345,0.04272175,0.042456567,1.1286194,0.6505,0.729,0.038574696,0.037981153,1.0652125,,46.7815673828125,7.331334792756317,4.780134158687564,100000.0,/home/aaiuser/results/benchmarking_sbi_023/multirun/2024-11-26/18-29-23/5,5
1314,gaussian_mixture,10000,3,NRE,2999432396,0.69775,0.72545,0.05434531,0.05432433,1.3028924,0.6635,0.7185,0.04891461,0.048760056,1.3294212,,12.64149678548177,7.570111908509369,4.665226740602549,10000.0,/home/aaiuser/results/benchmarking_sbi_023/multirun/2024-11-26/18-29-23/7,7
1315,gaussian_mixture,1000,1,NRE,873494682,0.7951,0.81075,0.3162431,0.31370384,1.8891811,0.782,0.801,0.30704787,0.30213502,1.8872738,,1.5504282633463542,10.783267400351436,8.611788097291328,1000.0,/home/aaiuser/results/benchmarking_sbi_023/multirun/2024-11-26/18-29-23/0,0
1316,gaussian_mixture,100000,3,NRE,3644965874,0.6862,0.71555,0.022781849,0.022456646,1.124542,0.633,0.682,0.015977979,0.015605092,1.1120999,,44.196537272135416,9.30586461977541,7.177991859909186,100000.0,/home/aaiuser/results/benchmarking_sbi_023/multirun/2024-11-26/18-29-23/8,8
1317,gaussian_mixture,100000,6,NRE,3160370015,0.7152,0.72215,0.00784111,0.007933021,1.0530894,0.64,0.707,0.0068513155,0.0068147182,1.0981233,,55.3031494140625,7.448973958844881,5.765140505893558,100000.0,/home/aaiuser/results/benchmarking_sbi_023/multirun/2024-11-26/18-29-23/17,17
1318,gaussian_mixture,1000,6,NRE,72040117,0.7849,0.78805,0.2832454,0.28337625,2.2179215,0.791,0.789,0.28053114,0.28041103,2.1453457,,1.466068649291992,11.491558651772875,9.187376202267417,1000.0,/home/aaiuser/results/benchmarking_sbi_023/multirun/2024-11-26/18-29-23/15,15
1319,gaussian_mixture,100000,4,NRE,775590859,0.69045,0.7315,0.036578536,0.03642291,1.2022411,0.675,0.7295,0.043899477,0.04428351,1.2181003,,34.88370361328125,7.27587788765549,5.204443459809565,100000.0,/home/aaiuser/results/benchmarking_sbi_023/multirun/2024-11-26/18-29-23/11,11
1320,gaussian_mixture,10000,7,NRE,3325515057,0.7054,0.7422,0.115415335,0.11495745,1.4549923,0.6675,0.7255,0.09833509,0.09814465,1.4832466,,9.92695821126302,9.598759214530476,7.169135520996761,10000.0,/home/aaiuser/results/benchmarking_sbi_023/multirun/2024-11-26/18-29-23/19,19
1321,gaussian_mixture,1000,10,NRE,1474022494,0.8099,0.82615,0.33150205,0.33557758,1.6604779,0.7685,0.834,0.33184135,0.3354401,1.6291937,,2.6604075113932293,9.870865492306873,7.608910509348417,1000.0,/home/aaiuser/results/benchmarking_sbi_023/multirun/2024-11-26/18-29-23/27,27
1322,gaussian_mixture,10000,1,NRE,570400231,0.7746,0.78735,0.22434843,0.22414315,1.4684101,0.7405,0.7825,0.20628959,0.20561588,1.3324769,,11.35159912109375,9.126110033402792,7.007502690605483,10000.0,/home/aaiuser/results/benchmarking_sbi_023/multirun/2024-11-26/18-29-23/1,1
1323,gaussian_mixture,1000,4,NRE,3950469133,0.71355,0.74095,0.09406084,0.093473494,1.3868682,0.693,0.745,0.09805274,0.09815234,1.3250699,,1.640371068318685,10.857129982812362,8.686663473184334,1000.0,/home/aaiuser/results/benchmarking_sbi_023/multirun/2024-11-26/18-29-23/9,9
1324,gaussian_mixture,100000,9,NRE,520904155,0.6857,0.71035,0.021554112,0.021604776,1.1421691,0.6295,0.6955,0.0144559145,0.014649987,1.1211467,,40.0343994140625,8.567329363596029,6.5971618545529225,100000.0,/home/aaiuser/results/benchmarking_sbi_023/multirun/2024-11-26/18-29-23/26,26
1325,gaussian_mixture,1000,2,NRE,2029901956,0.7545,0.7665,0.21255708,0.20608407,1.7237885,0.7285,0.756,0.21609777,0.20951116,1.6854669,,2.753095499674479,10.189150099618624,7.9526815885127675,1000.0,/home/aaiuser/results/benchmarking_sbi_023/multirun/2024-11-26/18-29-23/3,3
1326,slcp,100000,10,NRE,901073169,0.91665,0.92255,0.39605612,0.38827538,2.6965137,0.8825,0.8855,0.3692605,0.35961068,2.8472137,,154.090283203125,32.86211032083002,30.94099513535942,100000.0,/home/aaiuser/results/benchmarking_sbi_023/multirun/2024-11-26/20-15-50/29,29
1327,slcp,1000,7,NRE,3215543381,0.9914,0.9908,0.09274578,0.50053906,27.978199,0.981,0.9815,0.1038636,0.5026528,28.149286,,3.5962427775065104,42.00157531117333,41.375223087492294,1000.0,/home/aaiuser/results/benchmarking_sbi_023/multirun/2024-11-26/20-15-50/18,18
1328,slcp,100000,8,NRE,3877331359,0.93005,0.93775,0.07488239,0.10782987,25.118118,0.897,0.906,0.08480716,0.10975045,25.010695,,173.19099934895834,33.68385553649573,35.82989519716445,100000.0,/home/aaiuser/results/benchmarking_sbi_023/multirun/2024-11-26/20-15-50/23,23
1329,slcp,10000,10,NRE,3913032051,0.9291,0.93545,0.06552249,0.08653015,2.7895074,0.897,0.8955,0.05124545,0.0712651,2.8546834,,18.675677490234374,32.609314193677754,32.733175534061644,10000.0,/home/aaiuser/results/benchmarking_sbi_023/multirun/2024-11-26/20-15-50/28,28
1330,slcp,10000,5,NRE,2836467452,0.9416,0.9458,0.09016633,0.17010927,20.623636,0.9215,0.906,0.083406806,0.16773587,20.612307,,30.05355021158854,38.646646868171494,37.42610296537087,10000.0,/home/aaiuser/results/benchmarking_sbi_023/multirun/2024-11-26/20-15-50/13,13
1331,slcp,10000,8,NRE,1422105321,0.95225,0.95615,0.071668744,0.30418438,23.33485,0.9245,0.9215,0.07124841,0.3121787,23.123936,,18.027557373046875,37.24455682202374,35.05336558755813,10000.0,/home/aaiuser/results/benchmarking_sbi_023/multirun/2024-11-26/20-15-50/22,22
1332,slcp,1000,3,NRE,337363425,0.97245,0.97345,0.13974106,0.29573613,20.990717,0.9575,0.9495,0.13907409,0.30352426,21.154772,,3.6956799825032554,40.048001398362466,39.112837987350844,1000.0,/home/aaiuser/results/benchmarking_sbi_023/multirun/2024-11-26/20-15-50/6,6
1333,slcp,10000,6,NRE,2443010248,0.9433,0.9419,0.044833064,0.10528678,9.619328,0.9155,0.9045,0.044353724,0.09648323,9.311259,,27.520933024088542,35.91402307956388,35.73793377366278,10000.0,/home/aaiuser/results/benchmarking_sbi_023/multirun/2024-11-26/20-15-50/16,16
1334,slcp,100000,5,NRE,1830881194,0.9533,0.95325,0.3028866,0.5445646,20.344479,0.956,0.95,0.34163737,0.6181859,20.330864,,188.23181966145833,37.777526021012726,39.40659865010036,100000.0,/home/aaiuser/results/benchmarking_sbi_023/multirun/2024-11-26/20-15-50/14,14
1335,slcp,10000,2,NRE,514246612,0.9698,0.9695,0.1818937,0.46139303,22.426907,0.959,0.9465,0.18118083,0.4482231,22.781654,,16.82008565266927,37.043384931626605,37.39580868451201,10000.0,/home/aaiuser/results/benchmarking_sbi_023/multirun/2024-11-26/20-15-50/4,4
1336,slcp,100000,7,NRE,1646609323,0.95545,0.9578,0.058030844,0.37160438,30.118675,0.928,0.937,0.058410525,0.37022364,30.163818,,201.44850260416666,31.716759669125178,28.922380564322616,100000.0,/home/aaiuser/results/benchmarking_sbi_023/multirun/2024-11-26/20-15-50/20,20
1337,slcp,10000,4,NRE,2123610811,0.9818,0.98195,0.07042301,0.43209067,3.2837272,0.974,0.969,0.072853625,0.43343204,3.1495054,,17.845784505208332,32.89475785545384,32.50970107001473,10000.0,/home/aaiuser/results/benchmarking_sbi_023/multirun/2024-11-26/20-15-50/10,10
1338,slcp,1000,9,NRE,2920993812,0.95845,0.96045,0.100085616,0.20185095,9.07939,0.927,0.91,0.100305796,0.20280564,9.033939,,6.568908182779948,36.04099882786041,35.92895537611449,1000.0,/home/aaiuser/results/benchmarking_sbi_023/multirun/2024-11-26/20-15-50/24,24
1339,slcp,1000,5,NRE,3520700323,0.971,0.9705,0.123297095,0.2501043,18.023827,0.9545,0.948,0.12208974,0.25966263,18.14124,,3.668904113769531,39.519669337921336,38.91761996901807,1000.0,/home/aaiuser/results/benchmarking_sbi_023/multirun/2024-11-26/20-15-50/12,12
1340,slcp,1000,8,NRE,2910461777,0.99255,0.9925,0.1375711,0.37802896,19.608603,0.9875,0.9825,0.13001835,0.3545755,19.533848,,6.772413635253907,39.94764394745191,41.024480311211676,1000.0,/home/aaiuser/results/benchmarking_sbi_023/multirun/2024-11-26/20-15-50/21,21
1341,slcp,100000,1,NRE,2178052578,0.9486,0.9484,0.050620317,0.11060488,19.576914,0.9315,0.9005,0.041799784,0.11885345,19.834145,,194.31072591145832,35.43948149943266,31.739086679859707,100000.0,/home/aaiuser/results/benchmarking_sbi_023/multirun/2024-11-26/20-15-50/2,2
1342,slcp,10000,9,NRE,4216131161,0.94895,0.9516,0.053376794,0.080782115,8.066371,0.934,0.9255,0.050456762,0.08103818,8.039974,,20.071728515625,36.03600044998611,34.852483167939305,10000.0,/home/aaiuser/results/benchmarking_sbi_023/multirun/2024-11-26/20-15-50/25,25
1343,slcp,100000,2,NRE,669050965,0.88605,0.88065,0.034742832,0.09632456,24.013863,0.8255,0.8215,0.039595723,0.092334926,24.204369,,162.97584635416666,28.72483176180538,22.322512797580444,100000.0,/home/aaiuser/results/benchmarking_sbi_023/multirun/2024-11-26/20-15-50/5,5
1344,slcp,10000,3,NRE,3798226854,0.9315,0.93345,0.06960273,0.12661403,24.170277,0.917,0.914,0.06293392,0.12523407,24.2141,,21.20616455078125,37.07685202056206,37.89629388270137,10000.0,/home/aaiuser/results/benchmarking_sbi_023/multirun/2024-11-26/20-15-50/7,7
1345,slcp,1000,1,NRE,778851277,0.98735,0.98715,0.13270712,0.43095335,17.100697,0.971,0.97,0.12872243,0.4171164,17.21155,,3.725152079264323,39.68339301373017,38.464440870942305,1000.0,/home/aaiuser/results/benchmarking_sbi_023/multirun/2024-11-26/20-15-50/0,0
1346,slcp,100000,3,NRE,2615382001,0.8909,0.89155,0.04280889,0.14102113,27.435417,0.8645,0.8435,0.04141426,0.13896072,27.13723,,104.28150227864583,34.24451714013814,34.08287210124437,100000.0,/home/aaiuser/results/benchmarking_sbi_023/multirun/2024-11-26/20-15-50/8,8
1347,slcp,100000,6,NRE,1906984674,0.86315,0.8644,0.023991823,0.06676465,12.146317,0.839,0.8025,0.0204252,0.052927256,12.236117,,135.24164225260418,29.561322740415587,30.57295306037116,100000.0,/home/aaiuser/results/benchmarking_sbi_023/multirun/2024-11-26/20-15-50/17,17
1348,slcp,1000,6,NRE,2263087970,0.95955,0.95985,0.09146631,0.21223623,10.979217,0.9465,0.9365,0.09351003,0.20640755,10.806493,,3.424058278401693,37.00977637702262,36.224468135501795,1000.0,/home/aaiuser/results/benchmarking_sbi_023/multirun/2024-11-26/20-15-50/15,15
1349,slcp,100000,4,NRE,2401847183,0.925,0.92675,0.086459935,0.1630038,3.3584552,0.8725,0.908,0.09346008,0.1716603,3.3343115,,213.37132161458334,29.60182302150683,29.631228008784007,100000.0,/home/aaiuser/results/benchmarking_sbi_023/multirun/2024-11-26/20-15-50/11,11
1350,slcp,10000,7,NRE,3830899837,0.97695,0.9785,0.19545448,0.4499267,30.585918,0.9595,0.9605,0.1925025,0.43102968,30.19657,,22.880265299479166,30.730448904796265,32.762286293266165,10000.0,/home/aaiuser/results/benchmarking_sbi_023/multirun/2024-11-26/20-15-50/19,19
1351,slcp,1000,10,NRE,1983483143,0.9416,0.9449,0.15983099,0.20256722,5.9268026,0.906,0.8955,0.14846891,0.188245,6.0370226,,3.354320780436198,34.282816427086544,33.8908510003774,1000.0,/home/aaiuser/results/benchmarking_sbi_023/multirun/2024-11-26/20-15-50/27,27
1352,slcp,10000,1,NRE,4186462559,0.96915,0.96795,0.08159053,0.2634099,20.30087,0.9615,0.9475,0.083424926,0.2691123,20.258999,,19.95772705078125,34.903304501885586,31.988805902027693,10000.0,/home/aaiuser/results/benchmarking_sbi_023/multirun/2024-11-26/20-15-50/1,1
1353,slcp,1000,4,NRE,3158918663,0.9875,0.9878,0.16468823,0.53756064,6.925837,0.984,0.9875,0.17138046,0.5501616,6.7457047,,6.363128153483073,34.27719446434021,33.70571665963411,1000.0,/home/aaiuser/results/benchmarking_sbi_023/multirun/2024-11-26/20-15-50/9,9
1354,slcp,100000,9,NRE,2601505282,0.8879,0.88205,0.028951287,0.07476169,10.495207,0.842,0.826,0.025550485,0.06439358,10.3259735,,201.44869791666667,29.901356946637094,30.28290610392128,100000.0,/home/aaiuser/results/benchmarking_sbi_023/multirun/2024-11-26/20-15-50/26,26
1355,slcp,1000,2,NRE,199301216,0.9819,0.98235,0.24050403,0.5316677,19.70869,0.97,0.9595,0.23993456,0.5406748,19.532139,,3.661890411376953,39.442437946872815,38.900394178571915,1000.0,/home/aaiuser/results/benchmarking_sbi_023/multirun/2024-11-26/20-15-50/3,3
1356,bernoulli_glm_raw,100000,10,NRE,3130314526,0.78505,0.7455,0.06183064,0.061359763,5.3851647,0.768,0.7525,0.057492256,0.0565629,5.3851647,,127.05579427083333,12.377119885388069,10.1031871903107,100000.0,/home/aaiuser/results/benchmarking_sbi_023/multirun/2024-11-26/07-59-07/29,29
1357,bernoulli_glm_raw,1000,7,NRE,429312659,0.9748,0.96725,0.3337711,0.32821372,5.5677643,0.9705,0.9625,0.3337041,0.32915083,5.5677643,,12.08715108235677,7.648818575175691,5.631812891441353,1000.0,/home/aaiuser/results/benchmarking_sbi_023/multirun/2024-11-26/07-59-07/18,18
1358,bernoulli_glm_raw,100000,8,NRE,648764129,0.8658,0.83765,0.2959594,0.21586919,4.1231055,0.852,0.824,0.27748394,0.20337057,4.1231055,,95.3937744140625,10.723937159679643,8.523835283800778,100000.0,/home/aaiuser/results/benchmarking_sbi_023/multirun/2024-11-26/07-59-07/23,23
1359,bernoulli_glm_raw,10000,10,NRE,1342113198,0.9512,0.9454,0.29480287,0.29545262,5.656854,0.9425,0.939,0.29254004,0.29083657,5.656854,,18.85104777018229,10.069008177435244,7.795383950421601,10000.0,/home/aaiuser/results/benchmarking_sbi_023/multirun/2024-11-26/07-59-07/28,28
1360,bernoulli_glm_raw,10000,5,NRE,2776076608,0.96045,0.95205,0.27691048,0.27900302,5.656854,0.962,0.951,0.28166372,0.28185317,5.656854,,24.849884033203125,10.137727352146678,7.775123671952165,10000.0,/home/aaiuser/results/benchmarking_sbi_023/multirun/2024-11-26/07-59-07/13,13
1361,bernoulli_glm_raw,10000,8,NRE,4114808410,0.82145,0.79455,0.073361635,0.06579828,4.0,0.825,0.7805,0.069666326,0.06124705,4.0,,23.798726399739582,9.770353509529217,7.507699188645579,10000.0,/home/aaiuser/results/benchmarking_sbi_023/multirun/2024-11-26/07-59-07/22,22
1362,bernoulli_glm_raw,1000,3,NRE,1616939619,0.93915,0.9239,0.19712645,0.19140226,4.358899,0.935,0.927,0.1953494,0.19128412,4.358899,,6.98163808186849,9.393472350289887,7.07443429331522,1000.0,/home/aaiuser/results/benchmarking_sbi_023/multirun/2024-11-26/07-59-07/6,6
1363,bernoulli_glm_raw,10000,6,NRE,53308816,0.94375,0.92645,0.23476774,0.2495076,5.196152,0.9335,0.931,0.2403956,0.25522912,5.147586,,15.027766927083333,9.345456845196447,7.131697791042192,10000.0,/home/aaiuser/results/benchmarking_sbi_023/multirun/2024-11-26/07-59-07/16,16
1364,bernoulli_glm_raw,100000,5,NRE,2893472159,0.8695,0.84645,0.13074023,0.13504565,5.5677643,0.877,0.863,0.13163513,0.13458312,5.5677643,,79.52406412760416,10.748300757292881,8.42229801148755,100000.0,/home/aaiuser/results/benchmarking_sbi_023/multirun/2024-11-26/07-59-07/14,14
1365,bernoulli_glm_raw,10000,2,NRE,3320950359,0.92205,0.89885,0.17664236,0.17744195,4.690416,0.908,0.8915,0.17566615,0.17866552,4.690416,,14.614832560221354,9.832343637069135,7.578266436969968,10000.0,/home/aaiuser/results/benchmarking_sbi_023/multirun/2024-11-26/07-59-07/4,4
1366,bernoulli_glm_raw,100000,7,NRE,2510259896,0.90875,0.88135,0.33079022,0.32442117,4.690416,0.9205,0.8945,0.3555783,0.34926778,4.690416,,59.68336588541667,9.975263554187555,7.790492040146658,100000.0,/home/aaiuser/results/benchmarking_sbi_023/multirun/2024-11-26/07-59-07/20,20
1367,bernoulli_glm_raw,10000,4,NRE,1587711731,0.8691,0.8453,0.105577886,0.09894568,3.8729835,0.865,0.8395,0.11103219,0.099004865,3.8729835,,16.086916097005208,10.209677554230034,7.913656121543882,10000.0,/home/aaiuser/results/benchmarking_sbi_023/multirun/2024-11-26/07-59-07/10,10
1368,bernoulli_glm_raw,1000,9,NRE,749426771,0.9239,0.90755,0.26841336,0.21465021,4.1231055,0.9305,0.9105,0.2753889,0.2221576,4.1231055,,6.582751973470052,9.725909686628544,7.463619409672561,1000.0,/home/aaiuser/results/benchmarking_sbi_023/multirun/2024-11-26/07-59-07/24,24
1369,bernoulli_glm_raw,1000,5,NRE,333663078,0.97655,0.9713,0.35060552,0.35406068,5.7445626,0.974,0.968,0.35591352,0.35759616,5.787757,,6.244568888346354,8.904720644086602,6.5907654046522515,1000.0,/home/aaiuser/results/benchmarking_sbi_023/multirun/2024-11-26/07-59-07/12,12
1370,bernoulli_glm_raw,1000,8,NRE,2822182398,0.904,0.8835,0.13343334,0.13578081,4.2426405,0.8965,0.871,0.12869024,0.12963063,4.2426405,,12.060349527994791,9.636407461014882,7.319524871995865,1000.0,/home/aaiuser/results/benchmarking_sbi_023/multirun/2024-11-26/07-59-07/21,21
1371,bernoulli_glm_raw,100000,1,NRE,2897285824,0.83535,0.7981,0.11411542,0.110810876,3.8729835,0.8355,0.816,0.12695944,0.12147194,3.8729835,,63.4572509765625,11.559198024535847,9.310287873672403,100000.0,/home/aaiuser/results/benchmarking_sbi_023/multirun/2024-11-26/07-59-07/2,2
1372,bernoulli_glm_raw,10000,9,NRE,522886556,0.8725,0.8437,0.13026321,0.116322756,3.7416575,0.861,0.837,0.1350035,0.118894875,3.7416575,,18.535406494140624,11.251989310268375,8.928181100743476,10000.0,/home/aaiuser/results/benchmarking_sbi_023/multirun/2024-11-26/07-59-07/25,25
1373,bernoulli_glm_raw,100000,2,NRE,1643456563,0.8008,0.7591,0.068704784,0.066366255,4.472136,0.7865,0.7645,0.07386863,0.07170308,4.472136,,55.088863118489584,11.04671638729897,8.752245012994408,100000.0,/home/aaiuser/results/benchmarking_sbi_023/multirun/2024-11-26/07-59-07/5,5
1374,bernoulli_glm_raw,10000,3,NRE,605517042,0.894,0.8794,0.20060271,0.18825525,4.2426405,0.89,0.877,0.19486159,0.1826644,4.2426405,,16.658622233072915,10.864562970686304,8.549930432211656,10000.0,/home/aaiuser/results/benchmarking_sbi_023/multirun/2024-11-26/07-59-07/7,7
1375,bernoulli_glm_raw,1000,1,NRE,784466212,0.88875,0.86185,0.09509438,0.10424173,4.0,0.898,0.8735,0.102449596,0.11206901,4.0,,6.329985046386719,9.555962548501812,7.323616823044253,1000.0,/home/aaiuser/results/benchmarking_sbi_023/multirun/2024-11-26/07-59-07/0,0
1376,bernoulli_glm_raw,100000,3,NRE,843999520,0.83505,0.7955,0.119947076,0.11641312,4.1231055,0.837,0.7945,0.1134969,0.10999668,4.0,,61.26739501953125,10.435307534381469,8.197968713348569,100000.0,/home/aaiuser/results/benchmarking_sbi_023/multirun/2024-11-26/07-59-07/8,8
1377,bernoulli_glm_raw,100000,6,NRE,886052324,0.76475,0.71445,0.057136416,0.053842247,5.0,0.763,0.719,0.05842471,0.054225802,5.0,,119.057373046875,11.431893810116257,9.14279926759379,100000.0,/home/aaiuser/results/benchmarking_sbi_023/multirun/2024-11-26/07-59-07/17,17
1378,bernoulli_glm_raw,1000,6,NRE,4264796666,0.9775,0.9728,0.4593294,0.4596449,5.0,0.9715,0.968,0.4610897,0.46137646,5.0,,6.3066767374674475,9.126700903707315,6.89692332461314,1000.0,/home/aaiuser/results/benchmarking_sbi_023/multirun/2024-11-26/07-59-07/15,15
1379,bernoulli_glm_raw,100000,4,NRE,2087802307,0.8449,0.81855,0.24713457,0.18210852,3.8729835,0.8485,0.8355,0.2638644,0.19579178,3.8729835,,61.55391845703125,10.705859540252792,8.433506883887372,100000.0,/home/aaiuser/results/benchmarking_sbi_023/multirun/2024-11-26/07-59-07/11,11
1380,bernoulli_glm_raw,10000,7,NRE,742817216,0.9147,0.88515,0.20037109,0.19548482,4.8989797,0.9145,0.88,0.20304006,0.19954133,4.8989797,,15.251101684570312,10.027139554291182,7.773726137277784,10000.0,/home/aaiuser/results/benchmarking_sbi_023/multirun/2024-11-26/07-59-07/19,19
1381,bernoulli_glm_raw,1000,10,NRE,3755431509,0.9832,0.9798,0.4285706,0.426161,5.8309517,0.9815,0.98,0.4412214,0.4382937,5.8309517,,6.489423624674479,8.523265915048391,6.3725256176506635,1000.0,/home/aaiuser/results/benchmarking_sbi_023/multirun/2024-11-26/07-59-07/27,27
1382,bernoulli_glm_raw,10000,1,NRE,796423080,0.8889,0.8684,0.22758818,0.21169925,4.2426405,0.887,0.872,0.23718053,0.2222721,4.1231055,,25.665594482421874,9.741812384618472,7.583202383335414,10000.0,/home/aaiuser/results/benchmarking_sbi_023/multirun/2024-11-26/07-59-07/1,1
1383,bernoulli_glm_raw,1000,4,NRE,3235832669,0.9085,0.8863,0.08907235,0.11903417,3.8729835,0.9055,0.893,0.10009682,0.12591183,3.8729835,,6.645308430989584,9.974289433445087,7.72180249895766,1000.0,/home/aaiuser/results/benchmarking_sbi_023/multirun/2024-11-26/07-59-07/9,9
1384,bernoulli_glm_raw,100000,9,NRE,1290879188,0.79545,0.75695,0.10456288,0.093067825,3.7416575,0.791,0.7505,0.11151773,0.09812659,3.7416575,,91.17469889322916,10.869967773829211,8.572483138536704,100000.0,/home/aaiuser/results/benchmarking_sbi_023/multirun/2024-11-26/07-59-07/26,26
1385,bernoulli_glm_raw,1000,2,NRE,3764716733,0.96075,0.94755,0.3567091,0.34423715,4.582576,0.957,0.944,0.36548337,0.35421082,4.582576,,6.749248758951823,9.11200059758115,6.825115677296298,1000.0,/home/aaiuser/results/benchmarking_sbi_023/multirun/2024-11-26/07-59-07/3,3
1386,gaussian_linear,100000,10,NRE,468921284,0.5394,0.5381,0.0033909082,0.0034011602,1.5018053,0.5265,0.5285,0.0029598475,0.0029642582,1.481397,,48.08712565104167,9.671643574537987,7.441744405382116,100000.0,/home/aaiuser/results/benchmarking_sbi_023/multirun/2024-11-26/11-47-18/29,29
1387,gaussian_linear,1000,7,NRE,3479996494,0.69365,0.6653,0.032478333,0.03250742,1.4318907,0.68,0.6715,0.03144014,0.030830503,1.4327694,,6.573248799641927,11.851900923059556,9.582319635094116,1000.0,/home/aaiuser/results/benchmarking_sbi_023/multirun/2024-11-26/11-47-18/18,18
1388,gaussian_linear,100000,8,NRE,1704427181,0.57675,0.56185,0.01140213,0.011489868,1.6140361,0.558,0.5465,0.009913921,0.01039207,1.598831,,43.0438720703125,10.743870459647024,8.411343511692731,100000.0,/home/aaiuser/results/benchmarking_sbi_023/multirun/2024-11-26/11-47-18/23,23
1389,gaussian_linear,10000,10,NRE,1786764348,0.58455,0.55955,0.0068929195,0.0069289207,1.5119286,0.5815,0.556,0.0070590973,0.006639838,1.5054655,,15.768923950195312,10.233074101413166,8.000673319480873,10000.0,/home/aaiuser/results/benchmarking_sbi_023/multirun/2024-11-26/11-47-18/28,28
1390,gaussian_linear,10000,5,NRE,3521080245,0.59385,0.57195,0.0066081285,0.006677747,1.2682247,0.5835,0.59,0.0062395334,0.0065084696,1.2734863,,16.751274617513022,10.105147985319396,7.774372876983819,10000.0,/home/aaiuser/results/benchmarking_sbi_023/multirun/2024-11-26/11-47-18/13,13
1391,gaussian_linear,10000,8,NRE,2383570167,0.59985,0.58105,0.013093829,0.013090849,1.5939232,0.577,0.598,0.013046503,0.012785673,1.579112,,16.12825215657552,10.917014426539742,8.637791106025386,10000.0,/home/aaiuser/results/benchmarking_sbi_023/multirun/2024-11-26/11-47-18/22,22
1392,gaussian_linear,1000,3,NRE,3672528657,0.72805,0.69615,0.052140355,0.052341104,1.54405,0.686,0.6975,0.04978597,0.049762607,1.5301092,,6.5315806070963545,12.244229235012329,9.914654469780546,1000.0,/home/aaiuser/results/benchmarking_sbi_023/multirun/2024-11-26/11-47-18/6,6
1393,gaussian_linear,10000,6,NRE,1094901472,0.6043,0.58355,0.0058538914,0.0058407784,1.2846782,0.5815,0.592,0.005334258,0.005302787,1.2841377,,12.904173787434896,10.160431383731538,7.777727186409666,10000.0,/home/aaiuser/results/benchmarking_sbi_023/multirun/2024-11-26/11-47-18/16,16
1394,gaussian_linear,100000,5,NRE,3347373355,0.51705,0.5098,0.0013107061,0.0013170242,1.2879093,0.5345,0.525,0.0012347698,0.0011944771,1.283665,,55.25082194010417,8.475572127725231,6.428974523209824,100000.0,/home/aaiuser/results/benchmarking_sbi_023/multirun/2024-11-26/11-47-18/14,14
1395,gaussian_linear,10000,2,NRE,3370097913,0.5635,0.55605,0.0018151999,0.001814723,1.3987212,0.591,0.568,0.0025066137,0.0025713444,1.392884,,14.159532674153645,9.213723442932869,7.042867995654488,10000.0,/home/aaiuser/results/benchmarking_sbi_023/multirun/2024-11-26/11-47-18/4,4
1396,gaussian_linear,100000,7,NRE,707160611,0.5265,0.5208,0.0010694265,0.0010671616,1.3596144,0.512,0.521,0.0017830133,0.0017523766,1.3621176,,46.98930257161458,8.390886540239176,6.662829265541538,100000.0,/home/aaiuser/results/benchmarking_sbi_023/multirun/2024-11-26/11-47-18/20,20
1397,gaussian_linear,10000,4,NRE,2196437704,0.73515,0.7023,0.052495956,0.052161217,1.7809311,0.6825,0.6935,0.051657796,0.050688386,1.7573074,,13.038211059570312,12.189714172320237,9.91365657234641,10000.0,/home/aaiuser/results/benchmarking_sbi_023/multirun/2024-11-26/11-47-18/10,10
1398,gaussian_linear,1000,9,NRE,3396654818,0.6853,0.6621,0.020694613,0.020639181,1.4248583,0.658,0.654,0.01919651,0.018832088,1.418048,,11.57313944498698,11.455363087194893,9.125854784311588,1000.0,/home/aaiuser/results/benchmarking_sbi_023/multirun/2024-11-26/11-47-18/24,24
1399,gaussian_linear,1000,5,NRE,352817152,0.6556,0.62975,0.020418882,0.020434618,1.3691363,0.631,0.6515,0.021329999,0.021746755,1.4010985,,9.94172871907552,11.262161777860701,8.998965793811971,1000.0,/home/aaiuser/results/benchmarking_sbi_023/multirun/2024-11-26/11-47-18/12,12
1400,gaussian_linear,1000,8,NRE,3242226370,0.7774,0.74785,0.08044553,0.080833316,1.7532779,0.7675,0.757,0.08261514,0.08299041,1.7586033,,6.56947987874349,12.728655471723766,10.462322578613463,1000.0,/home/aaiuser/results/benchmarking_sbi_023/multirun/2024-11-26/11-47-18/21,21
1401,gaussian_linear,100000,1,NRE,2672576899,0.52535,0.5208,0.0016835928,0.0016863346,1.4593232,0.504,0.5165,0.0027290583,0.002747178,1.460142,,47.362101236979164,9.029233876695915,7.2202542245963075,100000.0,/home/aaiuser/results/benchmarking_sbi_023/multirun/2024-11-26/11-47-18/2,2
1402,gaussian_linear,10000,9,NRE,711407078,0.5659,0.5533,0.005980015,0.006002784,1.436573,0.559,0.5495,0.0073987246,0.0074318647,1.4365298,,23.6621337890625,10.108265442823425,7.963955942280531,10000.0,/home/aaiuser/results/benchmarking_sbi_023/multirun/2024-11-26/11-47-18/25,25
1403,gaussian_linear,100000,2,NRE,2488363749,0.5339,0.5238,0.0023870468,0.002380371,1.4168046,0.5145,0.526,0.0032314062,0.0032219887,1.4148647,,59.79059651692708,9.23306030841243,7.1585472263492145,100000.0,/home/aaiuser/results/benchmarking_sbi_023/multirun/2024-11-26/11-47-18/5,5
1404,gaussian_linear,10000,3,NRE,3650910186,0.5617,0.5476,0.00231421,0.002298236,1.4241195,0.558,0.5485,0.0017937422,0.0017666817,1.4296458,,21.84730224609375,9.338820566251112,7.075867695721984,10000.0,/home/aaiuser/results/benchmarking_sbi_023/multirun/2024-11-26/11-47-18/7,7
1405,gaussian_linear,1000,1,NRE,2293707715,0.68565,0.6495,0.028810382,0.028834939,1.5394155,0.65,0.656,0.027733088,0.027477384,1.5309695,,6.980258178710938,11.635051412075551,9.317373388224834,1000.0,/home/aaiuser/results/benchmarking_sbi_023/multirun/2024-11-26/11-47-18/0,0
1406,gaussian_linear,100000,3,NRE,2518966588,0.51735,0.50635,0.0012732744,0.0012799501,1.3878319,0.528,0.4985,0.00071561337,0.0007029772,1.3814627,,52.100537109375,8.518553405904926,6.258088667798422,100000.0,/home/aaiuser/results/benchmarking_sbi_023/multirun/2024-11-26/11-47-18/8,8
1407,gaussian_linear,100000,6,NRE,36579166,0.52685,0.52565,0.0007202625,0.00071537495,1.2990382,0.523,0.51,0.00055134296,0.00053584576,1.317705,,41.07581787109375,7.932115892864104,5.990952015786241,100000.0,/home/aaiuser/results/benchmarking_sbi_023/multirun/2024-11-26/11-47-18/17,17
1408,gaussian_linear,1000,6,NRE,2516991624,0.66185,0.63615,0.022207499,0.02227521,1.3486186,0.6475,0.645,0.019509912,0.019837499,1.353127,,8.739188639322917,11.445309627080027,9.172561970191614,1000.0,/home/aaiuser/results/benchmarking_sbi_023/multirun/2024-11-26/11-47-18/15,15
1409,gaussian_linear,100000,4,NRE,1511690739,0.54965,0.5406,0.005752325,0.005765915,1.5908904,0.5535,0.5725,0.0047683716,0.004734516,1.5923653,,62.84858805338542,10.125444840518131,7.8270012398623505,100000.0,/home/aaiuser/results/benchmarking_sbi_023/multirun/2024-11-26/11-47-18/11,11
1410,gaussian_linear,10000,7,NRE,573203416,0.57255,0.5558,0.0041594505,0.0041487217,1.3298696,0.5705,0.5665,0.005294919,0.0052291155,1.3373597,,15.550126139322916,9.783183378980691,7.6787721617947025,10000.0,/home/aaiuser/results/benchmarking_sbi_023/multirun/2024-11-26/11-47-18/19,19
1411,gaussian_linear,1000,10,NRE,3197371689,0.6609,0.6247,0.026313424,0.02645433,1.5761619,0.626,0.62,0.023015141,0.022959828,1.5835752,,6.2237299601236975,11.614476005883043,9.282548562114854,1000.0,/home/aaiuser/results/benchmarking_sbi_023/multirun/2024-11-26/11-47-18/27,27
1412,gaussian_linear,10000,1,NRE,2346118494,0.5716,0.5629,0.009267807,0.009327173,1.5126641,0.5515,0.5575,0.008919239,0.008928895,1.5064945,,13.265415445963542,10.546132231212852,8.190800505021782,10000.0,/home/aaiuser/results/benchmarking_sbi_023/multirun/2024-11-26/11-47-18/1,1
1413,gaussian_linear,1000,4,NRE,3764616499,0.7278,0.70645,0.06346071,0.06295502,1.7752309,0.7015,0.6905,0.06412232,0.06298041,1.7930149,,11.778989664713542,12.476089057494878,10.18550616784736,1000.0,/home/aaiuser/results/benchmarking_sbi_023/multirun/2024-11-26/11-47-18/9,9
1414,gaussian_linear,100000,9,NRE,233734680,0.54785,0.5342,0.0023983717,0.0023936033,1.3872194,0.519,0.5135,0.0012871027,0.0012476444,1.3910642,,39.91317138671875,9.10752461566997,6.597148157545301,100000.0,/home/aaiuser/results/benchmarking_sbi_023/multirun/2024-11-26/11-47-18/26,26
1415,gaussian_linear,1000,2,NRE,3980747518,0.73535,0.69215,0.038876772,0.038787007,1.3923955,0.698,0.7065,0.04155314,0.04218304,1.391834,,6.625300598144531,12.056649821757311,9.888005522004716,1000.0,/home/aaiuser/results/benchmarking_sbi_023/multirun/2024-11-26/11-47-18/3,3
1416,two_moons,100000,10,NLE,2049392300,0.50535,0.67445,0.00071167946,0.0007122755,0.09195252,0.5055,0.6565,-0.00033032894,-0.00033473969,0.09262096,,13.50853271484375,inf,inf,100000.0,/home/aaiuser/results/benchmarking_sbi_023/multirun/2024-11-26/03-21-15/29,29
1417,two_moons,1000,7,NLE,241127235,0.6432,0.72245,0.0008454323,0.00084245205,0.09984605,0.495,0.7055,0.0016890764,0.0016880035,0.10619641,,2.482996622721354,inf,inf,1000.0,/home/aaiuser/results/benchmarking_sbi_023/multirun/2024-11-26/03-21-15/18,18
1418,two_moons,100000,8,NLE,2540606784,0.61005,0.6348,0.000569582,0.0005675554,0.092872545,0.519,0.6375,0.0033245087,0.003320694,0.09322914,,15.563365681966145,inf,inf,100000.0,/home/aaiuser/results/benchmarking_sbi_023/multirun/2024-11-26/03-21-15/23,23
1419,two_moons,10000,10,NLE,505154214,0.568,0.6348,0.003729105,0.0037213564,0.10105866,0.5765,0.648,0.023296356,0.023111582,0.10620136,,6.750992838541666,,,10000.0,/home/aaiuser/results/benchmarking_sbi_023/multirun/2024-11-26/03-21-15/28,28
1420,two_moons,10000,5,NLE,2847409015,0.63975,0.63525,0.0019106865,0.0019105673,0.09079637,0.5555,0.555,0.00998652,0.009985447,0.08968376,,14.441520182291667,inf,inf,10000.0,/home/aaiuser/results/benchmarking_sbi_023/multirun/2024-11-26/03-21-15/13,13
1421,two_moons,10000,8,NLE,1995028399,0.66155,0.72605,0.0014345646,0.0014327765,0.10068196,0.519,0.694,0.001990676,0.0020176172,0.102578446,,7.987355041503906,inf,inf,10000.0,/home/aaiuser/results/benchmarking_sbi_023/multirun/2024-11-26/03-21-15/22,22
1422,two_moons,1000,3,NLE,55393102,0.54675,0.61845,0.0009818077,0.000982523,0.087347835,0.546,0.605,0.009336233,0.009292364,0.09020379,,3.664536539713542,inf,inf,1000.0,/home/aaiuser/results/benchmarking_sbi_023/multirun/2024-11-26/03-21-15/6,6
1423,two_moons,10000,6,NLE,2715126645,0.61735,0.6718,0.0044196844,0.0044186115,0.089408144,0.549,0.5985,0.009584427,0.009583712,0.08603829,,7.625643920898438,inf,inf,10000.0,/home/aaiuser/results/benchmarking_sbi_023/multirun/2024-11-26/03-21-15/16,16
1424,two_moons,100000,5,NLE,3608355039,0.54355,0.5747,0.005283594,0.005283475,0.096326806,0.5445,0.5445,0.006376624,0.0063762665,0.100462936,,31.65,inf,inf,100000.0,/home/aaiuser/results/benchmarking_sbi_023/multirun/2024-11-26/03-21-15/14,14
1425,two_moons,10000,2,NLE,2755633647,0.66525,0.66845,0.00038290024,0.00038266182,0.08900301,0.552,0.5975,0.008960009,0.008960366,0.088269204,,8.653468831380208,,,10000.0,/home/aaiuser/results/benchmarking_sbi_023/multirun/2024-11-26/03-21-15/4,4
1426,two_moons,100000,7,NLE,4019729668,0.7927,0.89875,0.070284784,0.070295095,0.1410268,0.75,0.8955,0.07171714,0.07171595,0.14182964,,22.195697021484374,inf,inf,100000.0,/home/aaiuser/results/benchmarking_sbi_023/multirun/2024-11-26/03-21-15/20,20
1427,two_moons,10000,4,NLE,2878980382,0.61395,0.64695,0.009480298,0.009483159,0.08920739,0.6005,0.609,0.037190437,0.037195563,0.09005633,,7.1642908732096355,inf,inf,10000.0,/home/aaiuser/results/benchmarking_sbi_023/multirun/2024-11-26/03-21-15/10,10
1428,two_moons,1000,9,NLE,354639406,0.60375,0.6269,0.0019872785,0.001987815,0.08772087,0.506,0.5725,0.0006583333,0.0006572604,0.08634657,,2.54438959757487,inf,inf,1000.0,/home/aaiuser/results/benchmarking_sbi_023/multirun/2024-11-26/03-21-15/24,24
1429,two_moons,1000,5,NLE,3780596444,0.67275,0.6748,0.0024569035,0.0024570227,0.09681714,0.5945,0.5945,0.031306863,0.03130603,0.09454816,,2.764124552408854,,,1000.0,/home/aaiuser/results/benchmarking_sbi_023/multirun/2024-11-26/03-21-15/12,12
1430,two_moons,1000,8,NLE,2407568699,0.68935,0.7381,0.0076738596,0.007678151,0.112522274,0.6755,0.7325,0.0063984394,0.006421089,0.10859603,,2.464874521891276,inf,inf,1000.0,/home/aaiuser/results/benchmarking_sbi_023/multirun/2024-11-26/03-21-15/21,21
1431,two_moons,100000,1,NLE,3409032585,0.54865,0.551,5.4955482e-05,5.4955482e-05,0.091698386,0.5485,0.5485,0.007723093,0.007722378,0.08793961,,14.698904418945313,inf,inf,100000.0,/home/aaiuser/results/benchmarking_sbi_023/multirun/2024-11-26/03-21-15/2,2
1432,two_moons,10000,9,NLE,2933340979,0.6301,0.6581,0.011514962,0.011513054,0.090335876,0.572,0.6295,0.02246368,0.02246058,0.08735937,,5.233602905273438,inf,inf,10000.0,/home/aaiuser/results/benchmarking_sbi_023/multirun/2024-11-26/03-21-15/25,25
1433,two_moons,100000,2,NLE,4105712714,0.93975,0.9402,0.011547327,0.011546373,0.37294817,0.936,0.9355,0.012517929,0.012520194,0.3838873,,33.20587361653646,,,100000.0,/home/aaiuser/results/benchmarking_sbi_023/multirun/2024-11-26/03-21-15/5,5
1434,two_moons,10000,3,NLE,1997948723,0.7594,0.78215,0.0009226799,0.0009227991,0.123242214,0.7525,0.765,0.01116097,0.011198282,0.1189261,,5.294258117675781,inf,inf,10000.0,/home/aaiuser/results/benchmarking_sbi_023/multirun/2024-11-26/03-21-15/7,7
1435,two_moons,1000,1,NLE,3156241583,0.5734,0.6149,0.0004159212,0.0004156828,0.092961475,0.661,0.661,0.078851104,0.07886505,0.09378089,,5.466901143391927,inf,inf,1000.0,/home/aaiuser/results/benchmarking_sbi_023/multirun/2024-11-26/03-21-15/0,0
1436,two_moons,100000,3,NLE,3008097490,0.63355,0.6471,0.0017350912,0.0017354488,0.090822615,0.5705,0.6675,0.022330284,0.022323966,0.089538895,,18.064158121744793,inf,inf,100000.0,/home/aaiuser/results/benchmarking_sbi_023/multirun/2024-11-26/03-21-15/8,8
1437,two_moons,100000,6,NLE,3148770819,0.5723,0.5837,0.00014960766,0.00014984608,0.08650716,0.549,0.5645,0.008828163,0.008828282,0.08323002,,13.537929280598958,inf,inf,100000.0,/home/aaiuser/results/benchmarking_sbi_023/multirun/2024-11-26/03-21-15/17,17
1438,two_moons,1000,6,NLE,215633331,0.6116,0.62795,-5.4836273e-06,-5.364418e-06,0.0857878,0.5485,0.5825,0.0086045265,0.008601069,0.08539691,,2.824971008300781,inf,inf,1000.0,/home/aaiuser/results/benchmarking_sbi_023/multirun/2024-11-26/03-21-15/15,15
1439,two_moons,100000,4,NLE,3977506655,0.55115,0.5648,0.000349164,0.00034976006,0.087384894,0.6505,0.6505,0.0844028,0.08439529,0.08688912,,27.663407389322916,,,100000.0,/home/aaiuser/results/benchmarking_sbi_023/multirun/2024-11-26/03-21-15/11,11
1440,two_moons,10000,7,NLE,4248898968,0.7048,0.82085,0.012297511,0.012300253,0.10856038,0.583,0.808,0.010215163,0.010210276,0.11069235,,4.060207112630208,,,10000.0,/home/aaiuser/results/benchmarking_sbi_023/multirun/2024-11-26/03-21-15/19,19
1441,two_moons,1000,10,NLE,3090882633,0.6032,0.6906,0.0052506924,0.0052490234,0.10488454,0.5315,0.6705,0.0076423883,0.007569194,0.10496198,,2.9174212137858073,inf,inf,1000.0,/home/aaiuser/results/benchmarking_sbi_023/multirun/2024-11-26/03-21-15/27,27
1442,two_moons,10000,1,NLE,26920575,0.73595,0.72475,-2.8371811e-05,-2.8252602e-05,0.0912275,0.4995,0.5595,-0.0004028082,-0.0004030466,0.08952032,,4.302517700195312,,,10000.0,/home/aaiuser/results/benchmarking_sbi_023/multirun/2024-11-26/03-21-15/1,1
1443,two_moons,1000,4,NLE,2661122616,0.67285,0.7242,0.00712955,0.0071176887,0.10330325,0.6545,0.6815,0.037733912,0.037719846,0.106614664,,2.807800801595052,,,1000.0,/home/aaiuser/results/benchmarking_sbi_023/multirun/2024-11-26/03-21-15/9,9
1444,two_moons,100000,9,NLE,2314362967,0.5179,0.5212,0.0029946566,0.0029948354,0.08764471,0.5905,0.5905,0.058113217,0.05811143,0.08577138,,23.079707845052084,inf,inf,100000.0,/home/aaiuser/results/benchmarking_sbi_023/multirun/2024-11-26/03-21-15/26,26
1445,two_moons,1000,2,NLE,3922800089,0.67075,0.66525,0.000114917755,0.000115156174,0.09543378,0.6275,0.6475,0.036440015,0.036444545,0.0894552,,2.862140401204427,inf,inf,1000.0,/home/aaiuser/results/benchmarking_sbi_023/multirun/2024-11-26/03-21-15/3,3
1446,gaussian_linear_uniform,10000,7,NRE,2058250053,0.7316,0.7049,0.025452435,0.023545384,1.5253915,0.6975,0.6965,0.025595069,0.023700476,1.5312626,,28.992982991536458,5.656230593497811,4.069607132794136,10000.0,/home/aaiuser/results/benchmarking_sbi_023/multirun/2024-11-28/12-56-45/6,6
1447,gaussian_linear_uniform,10000,5,NRE,539095081,0.75415,0.7258,0.033625603,0.030725598,1.5188761,0.7265,0.6965,0.034103274,0.0315392,1.522526,,31.465511067708334,5.7379500576090905,4.163493377104804,10000.0,/home/aaiuser/results/benchmarking_sbi_023/multirun/2024-11-28/12-56-45/4,4
1448,gaussian_linear_uniform,10000,3,NRE,104006713,0.8569,0.82545,0.13702685,0.12672073,1.8255941,0.849,0.8335,0.13512182,0.12687701,1.837868,,39.03649088541667,5.517200374623912,4.251319250780461,10000.0,/home/aaiuser/results/benchmarking_sbi_023/multirun/2024-11-28/12-56-45/2,2
1449,gaussian_linear_uniform,10000,6,NRE,93978142,0.73665,0.7131,0.03647721,0.03742093,1.5180898,0.708,0.6885,0.035853684,0.037784398,1.524786,,28.16446533203125,5.799715490760753,4.1764564507405755,10000.0,/home/aaiuser/results/benchmarking_sbi_023/multirun/2024-11-28/12-56-45/5,5
1450,gaussian_linear_uniform,10000,8,NRE,4150410860,0.7854,0.75125,0.060016394,0.0562371,1.5904684,0.768,0.741,0.05876106,0.054176807,1.5830975,,36.1788330078125,5.337285115016142,4.053569024956024,10000.0,/home/aaiuser/results/benchmarking_sbi_023/multirun/2024-11-28/12-56-45/7,7
1451,gaussian_linear_uniform,10000,1,NRE,4146060695,0.7869,0.7537,0.07309008,0.07581657,1.6455002,0.7945,0.7515,0.0756796,0.07806933,1.6414559,,36.079585774739584,5.737388415976779,4.225195323495994,10000.0,/home/aaiuser/results/benchmarking_sbi_023/multirun/2024-11-28/12-56-45/0,0
1452,gaussian_linear_uniform,10000,9,NRE,1650675470,0.8026,0.7847,0.08010119,0.08135307,1.658241,0.8165,0.793,0.081935406,0.08239347,1.657141,,38.02688802083333,5.35293968109395,4.120466510548863,10000.0,/home/aaiuser/results/benchmarking_sbi_023/multirun/2024-11-28/12-56-45/8,8
1453,gaussian_linear_uniform,10000,2,NRE,3023202491,0.85535,0.8369,0.14298266,0.14884329,1.8700724,0.83,0.8235,0.13925785,0.14417249,1.8762816,,26.684478759765625,6.3740327947140925,4.676473586146674,10000.0,/home/aaiuser/results/benchmarking_sbi_023/multirun/2024-11-28/12-56-45/1,1
1454,gaussian_linear_uniform,10000,10,NRE,2196876295,0.81485,0.8009,0.11170894,0.115238845,1.7112923,0.81,0.801,0.10896504,0.11334759,1.6956372,,24.568900553385415,6.481952862661425,4.633854431158779,10000.0,/home/aaiuser/results/benchmarking_sbi_023/multirun/2024-11-28/12-56-45/9,9
1455,gaussian_linear_uniform,10000,4,NRE,1590526994,0.7944,0.7729,0.051701486,0.055244863,1.6423436,0.7945,0.775,0.05721867,0.06315708,1.6435963,,35.71759033203125,5.724683028422237,4.242920963155888,10000.0,/home/aaiuser/results/benchmarking_sbi_023/multirun/2024-11-28/12-56-45/3,3
1456,bernoulli_glm,1000,7,SNPE,2782444224,0.7314,0.69225,0.019487262,0.01896143,13.819067,0.708,0.6695,0.018566847,0.018158555,14.009464,,3.8463892618815105,11.969582992378223,9.679412598851366,1000.0,/home/aaiuser/results/benchmarking_sbi_023/multirun/2024-11-28/12-58-07/18,18
1457,bernoulli_glm,10000,10,SNPE,1330645066,0.5619,0.5523,0.0069363117,0.0068120956,14.665169,0.561,0.545,0.0053908825,0.005231738,14.606718,,58.49452311197917,12.123591174823382,9.81414637275334,10000.0,/home/aaiuser/results/benchmarking_sbi_023/multirun/2024-11-28/12-58-07/28,28
1458,bernoulli_glm,10000,5,SNPE,735319155,0.62995,0.6004,0.014141679,0.014554977,16.730858,0.6105,0.5775,0.0130364895,0.013183713,16.693031,,59.680948893229164,12.175122647524406,9.852111412611718,10000.0,/home/aaiuser/results/benchmarking_sbi_023/multirun/2024-11-28/12-58-07/13,13
1459,bernoulli_glm,10000,8,SNPE,4092762837,0.6961,0.67265,0.1110028,0.08274138,10.548115,0.694,0.668,0.10618603,0.080088496,10.6445675,,53.26663411458333,12.009088800829128,9.71935657973592,10000.0,/home/aaiuser/results/benchmarking_sbi_023/multirun/2024-11-28/12-58-07/22,22
1460,bernoulli_glm,1000,3,SNPE,1682580048,0.98735,0.9842,0.91115946,0.8701854,19.34157,0.982,0.9745,0.9044802,0.85942996,19.370716,,12.532381184895833,12.7691796463692,10.448899368557944,1000.0,/home/aaiuser/results/benchmarking_sbi_023/multirun/2024-11-28/12-58-07/6,6
1461,bernoulli_glm,10000,6,SNPE,265414236,0.60435,0.58035,0.017721176,0.01646328,13.581178,0.595,0.594,0.023406863,0.02057743,13.587243,,55.8141845703125,12.001932505165001,9.745131241426337,10000.0,/home/aaiuser/results/benchmarking_sbi_023/multirun/2024-11-28/12-58-07/16,16
1462,bernoulli_glm,10000,2,SNPE,2196120481,0.57325,0.54965,0.0049669743,0.0053875446,11.77178,0.551,0.5475,0.005570531,0.0062190294,11.935295,,87.82802734375,12.00909586360552,9.705646184084136,10000.0,/home/aaiuser/results/benchmarking_sbi_023/multirun/2024-11-28/12-58-07/4,4
1463,bernoulli_glm,10000,4,SNPE,2735294429,0.7033,0.67275,0.13986552,0.100749135,10.901407,0.7345,0.687,0.14818358,0.10490632,10.835045,,54.89981689453125,12.3227432404315,9.960464352663083,10000.0,/home/aaiuser/results/benchmarking_sbi_023/multirun/2024-11-28/12-58-07/10,10
1464,bernoulli_glm,1000,9,SNPE,1143399264,0.954,0.9386,0.5423447,0.4441383,13.215828,0.9395,0.93,0.5775045,0.478651,13.323156,,5.284135437011718,11.579022520961153,9.350178572313194,1000.0,/home/aaiuser/results/benchmarking_sbi_023/multirun/2024-11-28/12-58-07/24,24
1465,bernoulli_glm,1000,5,SNPE,4169703734,0.71115,0.6718,0.014434814,0.014269829,15.729656,0.667,0.644,0.014375448,0.014118552,15.805262,,8.863531494140625,12.97992454535485,10.67937961736899,1000.0,/home/aaiuser/results/benchmarking_sbi_023/multirun/2024-11-28/12-58-07/12,12
1466,bernoulli_glm,1000,8,SNPE,1324833001,0.9298,0.91785,0.45490092,0.32520944,12.459448,0.8995,0.9025,0.44980824,0.32175136,12.349818,,3.6119361877441407,11.06111454033934,8.713974483856147,1000.0,/home/aaiuser/results/benchmarking_sbi_023/multirun/2024-11-28/12-58-07/21,21
1467,bernoulli_glm,10000,9,SNPE,451852976,0.6902,0.6555,0.10544574,0.085959196,10.3914585,0.6835,0.6515,0.106369734,0.088478446,10.348845,,41.58159586588542,11.544140128526127,9.306353304791756,10000.0,/home/aaiuser/results/benchmarking_sbi_023/multirun/2024-11-28/12-58-07/25,25
1468,bernoulli_glm,10000,3,SNPE,3586306009,0.6445,0.617,0.050967574,0.048211932,10.974691,0.664,0.635,0.049616694,0.046610713,11.025785,,87.98672688802084,12.101720288176608,9.816444465952845,10000.0,/home/aaiuser/results/benchmarking_sbi_023/multirun/2024-11-28/12-58-07/7,7
1469,bernoulli_glm,1000,1,SNPE,2649132600,0.86465,0.83245,0.32220972,0.271178,11.252056,0.8565,0.842,0.35805196,0.3037297,11.12257,,8.549636840820312,10.72174684533627,8.476518581867618,1000.0,/home/aaiuser/results/benchmarking_sbi_023/multirun/2024-11-28/12-58-07/0,0
1470,bernoulli_glm,1000,6,SNPE,594710514,0.746,0.70835,0.040808797,0.03421259,13.7895775,0.741,0.708,0.046408057,0.038669467,13.797102,,5.530345153808594,12.18374891492203,9.881315151542987,1000.0,/home/aaiuser/results/benchmarking_sbi_023/multirun/2024-11-28/12-58-07/15,15
1471,bernoulli_glm,10000,7,SNPE,3868484167,0.588,0.5728,0.004097104,0.0042517185,13.404314,0.5565,0.552,0.0043114424,0.004445195,13.342098,,54.49809977213542,11.974588911378461,9.6552211742276,10000.0,/home/aaiuser/results/benchmarking_sbi_023/multirun/2024-11-28/12-58-07/19,19
1472,bernoulli_glm,1000,10,SNPE,3078495125,0.73575,0.7034,0.029451013,0.028209567,15.483397,0.7075,0.7015,0.030254602,0.02934289,15.419556,,6.179130045572917,12.24215324136376,9.930975765985544,1000.0,/home/aaiuser/results/benchmarking_sbi_023/multirun/2024-11-28/12-58-07/27,27
1473,bernoulli_glm,10000,1,SNPE,584307294,0.5855,0.57465,0.03225839,0.026628017,9.837907,0.591,0.567,0.036825657,0.03006363,9.701208,,79.92676595052083,10.685749442364024,8.397227199844382,10000.0,/home/aaiuser/results/benchmarking_sbi_023/multirun/2024-11-28/12-58-07/1,1
1474,bernoulli_glm,1000,4,SNPE,3920798646,0.8426,0.81465,0.3041759,0.22547644,12.259432,0.838,0.813,0.3130988,0.23524898,12.238477,,11.620382690429688,12.30965722514671,9.97329608461485,1000.0,/home/aaiuser/results/benchmarking_sbi_023/multirun/2024-11-28/12-58-07/9,9
1475,bernoulli_glm,1000,2,SNPE,3889598550,0.78525,0.74255,0.105495214,0.089583516,13.444496,0.766,0.74,0.11378682,0.09798825,13.762765,,14.847054036458333,12.022352971826104,9.64113489800124,1000.0,/home/aaiuser/results/benchmarking_sbi_023/multirun/2024-11-28/12-58-07/3,3
1476,two_moons,100000,10,NRE,2782409729,0.63005,0.6957,0.002123952,0.0021334887,0.08172216,0.5425,0.682,0.012544751,0.012548447,0.08166674,,159.81134440104168,inf,inf,100000.0,/home/aaiuser/results/benchmarking_sbi_023/multirun/2024-11-28/07-36-21/29,29
1477,two_moons,1000,7,NRE,1320965433,0.71225,0.84795,0.004462123,0.0044579506,0.1058551,0.5225,0.8485,0.0049062967,0.0049067736,0.1040582,,3.345196533203125,inf,inf,1000.0,/home/aaiuser/results/benchmarking_sbi_023/multirun/2024-11-28/07-36-21/18,18
1478,two_moons,100000,8,NRE,3700679956,0.68045,0.7393,0.00087964535,0.0008736849,0.086092055,0.5395,0.735,0.008030057,0.008027196,0.08412722,,72.68063151041666,inf,inf,100000.0,/home/aaiuser/results/benchmarking_sbi_023/multirun/2024-11-28/07-36-21/23,23
1479,two_moons,10000,10,NRE,2131854992,0.6919,0.84,0.013957143,0.013949275,0.10379948,0.642,0.817,0.014689803,0.014695048,0.103337795,,12.397078450520834,inf,inf,10000.0,/home/aaiuser/results/benchmarking_sbi_023/multirun/2024-11-28/07-36-21/28,28
1480,two_moons,10000,5,NRE,3544570251,0.83335,0.8261,0.0053247213,0.0053237677,0.09492557,0.797,0.7745,0.010026813,0.010019541,0.093560606,,27.997233072916668,,,10000.0,/home/aaiuser/results/benchmarking_sbi_023/multirun/2024-11-28/07-36-21/13,13
1481,two_moons,10000,8,NRE,1151529371,0.71085,0.8516,0.0036138296,0.0036165714,0.11130567,0.6175,0.848,0.0028098822,0.002804637,0.108531825,,17.65883585611979,,,10000.0,/home/aaiuser/results/benchmarking_sbi_023/multirun/2024-11-28/07-36-21/22,22
1482,two_moons,1000,3,NRE,700827877,0.828,0.8441,0.011650562,0.011650801,0.10954423,0.716,0.8355,0.013578057,0.0135781765,0.11153671,,5.485212198893229,,,1000.0,/home/aaiuser/results/benchmarking_sbi_023/multirun/2024-11-28/07-36-21/6,6
1483,two_moons,10000,6,NRE,1433244663,0.75145,0.8113,0.00916338,0.009165049,0.09671881,0.6415,0.796,0.057875752,0.057873845,0.09782201,,15.507260131835938,inf,inf,10000.0,/home/aaiuser/results/benchmarking_sbi_023/multirun/2024-11-28/07-36-21/16,16
1484,two_moons,100000,5,NRE,76199508,0.77195,0.77175,0.042032957,0.04203558,0.085030146,0.742,0.7465,0.030313134,0.030330777,0.08627376,,76.17303059895833,inf,inf,100000.0,/home/aaiuser/results/benchmarking_sbi_023/multirun/2024-11-28/07-36-21/14,14
1485,two_moons,10000,2,NRE,1778663455,0.70235,0.78705,0.00338161,0.0033824444,0.09400764,0.598,0.7525,0.033753514,0.033762336,0.09499265,,24.47496337890625,inf,inf,10000.0,/home/aaiuser/results/benchmarking_sbi_023/multirun/2024-11-28/07-36-21/4,4
1486,two_moons,100000,7,NRE,2030905494,0.51095,0.6468,0.0007699728,0.00077068806,0.08975296,0.48,0.6345,-0.00046646595,-0.0004669428,0.08887836,,114.50528971354167,inf,inf,100000.0,/home/aaiuser/results/benchmarking_sbi_023/multirun/2024-11-28/07-36-21/20,20
1487,two_moons,10000,4,NRE,637137885,0.81015,0.83955,0.003906548,0.0039049983,0.10763195,0.6635,0.845,0.00021111965,0.00020945072,0.10874833,,24.055839029947915,inf,inf,10000.0,/home/aaiuser/results/benchmarking_sbi_023/multirun/2024-11-28/07-36-21/10,10
1488,two_moons,1000,9,NRE,4226946549,0.87945,0.8969,0.115995705,0.11599624,0.13665217,0.84,0.8575,0.15513861,0.155132,0.13555127,,1.552069600423177,inf,inf,1000.0,/home/aaiuser/results/benchmarking_sbi_023/multirun/2024-11-28/07-36-21/24,24
1489,two_moons,1000,5,NRE,2781961105,0.8888,0.8874,0.029741526,0.029739022,0.1126715,0.8695,0.864,0.079155564,0.07913041,0.10800949,,3.6121495564778647,inf,inf,1000.0,/home/aaiuser/results/benchmarking_sbi_023/multirun/2024-11-28/07-36-21/12,12
1490,two_moons,1000,8,NRE,2788429114,0.7742,0.8716,0.008252144,0.0082618,0.11833705,0.7235,0.872,0.00765419,0.0076116323,0.11895667,,3.14243901570638,,,1000.0,/home/aaiuser/results/benchmarking_sbi_023/multirun/2024-11-28/07-36-21/21,21
1491,two_moons,100000,1,NRE,1754406575,0.6368,0.63355,0.045637727,0.04563546,0.086370476,0.6985,0.6985,0.1355685,0.13555169,0.081623785,,165.47073567708333,inf,inf,100000.0,/home/aaiuser/results/benchmarking_sbi_023/multirun/2024-11-28/07-36-21/2,2
1492,two_moons,10000,9,NRE,3468465268,0.7932,0.81685,0.015752971,0.015752316,0.101213135,0.664,0.804,0.06352204,0.06352377,0.10313082,,10.329641723632813,,,10000.0,/home/aaiuser/results/benchmarking_sbi_023/multirun/2024-11-28/07-36-21/25,25
1493,two_moons,100000,2,NRE,3932216127,0.6461,0.70555,0.034532905,0.03453529,0.084837124,0.598,0.633,0.03280413,0.032812595,0.08469351,,104.95576171875,inf,inf,100000.0,/home/aaiuser/results/benchmarking_sbi_023/multirun/2024-11-28/07-36-21/5,5
1494,two_moons,10000,3,NRE,1065599802,0.73725,0.8496,0.003087163,0.0030879974,0.11021261,0.6955,0.833,0.0044457912,0.004459381,0.11208229,,31.903322347005208,inf,inf,10000.0,/home/aaiuser/results/benchmarking_sbi_023/multirun/2024-11-28/07-36-21/7,7
1495,two_moons,1000,1,NRE,367230818,0.85035,0.88355,0.00018155575,0.00018167496,0.15166542,0.832,0.8405,-0.00027024746,-0.00027012825,0.1519072,,4.333117167154948,inf,inf,1000.0,/home/aaiuser/results/benchmarking_sbi_023/multirun/2024-11-28/07-36-21/0,0
1496,two_moons,100000,3,NRE,2079436767,0.59435,0.6336,0.014248848,0.014249563,0.08454589,0.5625,0.589,0.0092487335,0.009251833,0.08343725,,174.98805338541666,inf,inf,100000.0,/home/aaiuser/results/benchmarking_sbi_023/multirun/2024-11-28/07-36-21/8,8
1497,two_moons,100000,6,NRE,4230913517,0.64985,0.6747,0.0062431097,0.006241441,0.08314408,0.549,0.621,0.008961201,0.008962274,0.08331156,,114.76435546875,inf,inf,100000.0,/home/aaiuser/results/benchmarking_sbi_023/multirun/2024-11-28/07-36-21/17,17
1498,two_moons,1000,6,NRE,4160186107,0.81745,0.8869,0.009620309,0.0096235275,0.13000357,0.792,0.882,0.023408413,0.023404121,0.13277623,,3.1730305989583334,inf,inf,1000.0,/home/aaiuser/results/benchmarking_sbi_023/multirun/2024-11-28/07-36-21/15,15
1499,two_moons,100000,4,NRE,365367971,0.6922,0.72445,0.014044106,0.014045596,0.08291753,0.5505,0.6705,0.008968234,0.008965611,0.08538288,,87.86656901041667,inf,inf,100000.0,/home/aaiuser/results/benchmarking_sbi_023/multirun/2024-11-28/07-36-21/11,11
1500,two_moons,10000,7,NRE,1378254873,0.6575,0.8355,0.0040575266,0.0040638447,0.10443423,0.54,0.8325,0.0064311028,0.006426573,0.099745125,,15.879506429036459,inf,inf,10000.0,/home/aaiuser/results/benchmarking_sbi_023/multirun/2024-11-28/07-36-21/19,19
1501,two_moons,1000,10,NRE,1955609895,0.7983,0.8626,0.019475937,0.019404411,0.11744766,0.734,0.863,0.028804898,0.028540969,0.114917874,,2.9592269897460937,inf,inf,1000.0,/home/aaiuser/results/benchmarking_sbi_023/multirun/2024-11-28/07-36-21/27,27
1502,two_moons,10000,1,NRE,3150522853,0.8002,0.8071,5.7697296e-05,5.7697296e-05,0.10401042,0.7665,0.764,-0.00042521954,-0.00042557716,0.10373251,,33.97903035481771,,,10000.0,/home/aaiuser/results/benchmarking_sbi_023/multirun/2024-11-28/07-36-21/1,1
1503,two_moons,1000,4,NRE,2670063257,0.6562,0.8185,0.0071374774,0.0071513057,0.10568626,0.682,0.797,-0.0002914667,-0.00029110909,0.10718451,,3.5101900736490887,inf,inf,1000.0,/home/aaiuser/results/benchmarking_sbi_023/multirun/2024-11-28/07-36-21/9,9
1504,two_moons,100000,9,NRE,15010096,0.7012,0.73245,0.00092959404,0.0009292364,0.085323706,0.5595,0.708,0.026722133,0.026722014,0.08482111,,61.3911376953125,inf,inf,100000.0,/home/aaiuser/results/benchmarking_sbi_023/multirun/2024-11-28/07-36-21/26,26
1505,two_moons,1000,2,NRE,3176520635,0.7973,0.8468,6.41346e-05,6.41346e-05,0.12676504,0.765,0.84,0.022774458,0.022773027,0.12227143,,3.1585344950358074,,,1000.0,/home/aaiuser/results/benchmarking_sbi_023/multirun/2024-11-28/07-36-21/3,3
1506,slcp_distractors,100000,10,NRE,3741502894,0.99995,1.0,1.5826029,1.5761415,350.1564,1.0,1.0,1.579247,1.5764502,350.61108,,119.84962565104166,,,100000.0,/home/aaiuser/results/benchmarking_sbi_023/multirun/2024-11-27/01-01-51/29,29
1507,slcp_distractors,1000,7,NRE,3027311715,0.9925,0.99285,0.11125684,0.5411065,1076.9327,0.987,0.9875,0.10774696,0.5374134,1076.7119,,3.2942380269368488,,,1000.0,/home/aaiuser/results/benchmarking_sbi_023/multirun/2024-11-27/01-01-51/18,18
1508,slcp_distractors,100000,8,NRE,4138781511,0.9213,0.9298,0.07651377,0.27047068,427.59283,0.857,0.895,0.07548761,0.27762675,428.1693,,147.02980143229166,,,100000.0,/home/aaiuser/results/benchmarking_sbi_023/multirun/2024-11-27/01-01-51/23,23
1509,slcp_distractors,10000,10,NRE,3196107962,0.94245,0.9474,0.17621863,0.19755477,350.21674,0.9055,0.9055,0.1709013,0.19206989,347.79395,,14.009834798177083,,,10000.0,/home/aaiuser/results/benchmarking_sbi_023/multirun/2024-11-27/01-01-51/28,28
1510,slcp_distractors,10000,5,NRE,3633123951,0.97095,0.971,0.024802089,0.12411833,897.9509,0.94,0.9305,0.02258718,0.12324679,897.99994,,21.17782999674479,,,10000.0,/home/aaiuser/results/benchmarking_sbi_023/multirun/2024-11-27/01-01-51/13,13
1511,slcp_distractors,10000,8,NRE,1204855779,0.98645,0.9858,0.14598525,0.4650668,426.02222,0.972,0.9715,0.142838,0.4504771,422.43256,,19.78415323893229,,,10000.0,/home/aaiuser/results/benchmarking_sbi_023/multirun/2024-11-27/01-01-51/22,22
1512,slcp_distractors,1000,3,NRE,498737069,0.9764,0.9766,0.13521624,0.33988857,385.52338,0.9615,0.9565,0.13531315,0.3413543,386.78906,,3.348677571614583,,,1000.0,/home/aaiuser/results/benchmarking_sbi_023/multirun/2024-11-27/01-01-51/6,6
1513,slcp_distractors,10000,6,NRE,1765941416,0.96975,0.97175,0.16801727,0.36254245,348.2141,0.9545,0.9385,0.16260672,0.34204328,345.7483,,13.551331583658854,,,10000.0,/home/aaiuser/results/benchmarking_sbi_023/multirun/2024-11-27/01-01-51/16,16
1514,slcp_distractors,100000,5,NRE,2808200943,0.8573,0.8556,0.05275166,0.10387123,897.6276,0.8185,0.806,0.048338175,0.09864175,897.39795,,126.08080240885417,,,100000.0,/home/aaiuser/results/benchmarking_sbi_023/multirun/2024-11-27/01-01-51/14,14
1515,slcp_distractors,10000,2,NRE,1284644536,0.9743,0.97535,0.14754689,0.39497223,380.31876,0.953,0.94,0.15201306,0.3920555,380.66626,,19.738238525390624,,,10000.0,/home/aaiuser/results/benchmarking_sbi_023/multirun/2024-11-27/01-01-51/4,4
1516,slcp_distractors,100000,7,NRE,1507364215,0.9537,0.9556,0.06831801,0.23000216,1076.7598,0.917,0.929,0.05560863,0.22069705,1074.9131,,139.95872395833334,,,100000.0,/home/aaiuser/results/benchmarking_sbi_023/multirun/2024-11-27/01-01-51/20,20
1517,slcp_distractors,10000,4,NRE,2490000740,0.9837,0.9853,0.22217184,0.50771034,570.8042,0.974,0.9755,0.21929675,0.51723343,569.34644,,18.799192301432292,,,10000.0,/home/aaiuser/results/benchmarking_sbi_023/multirun/2024-11-27/01-01-51/10,10
1518,slcp_distractors,1000,9,NRE,2370946429,0.9673,0.96955,0.2137748,0.3597835,711.6969,0.942,0.932,0.22151089,0.36281487,710.90625,,3.4570289611816407,,,1000.0,/home/aaiuser/results/benchmarking_sbi_023/multirun/2024-11-27/01-01-51/24,24
1519,slcp_distractors,1000,5,NRE,1090724574,0.97015,0.9717,0.07610917,0.27300394,897.1176,0.9585,0.952,0.073958755,0.28585714,894.8533,,3.575330861409505,,,1000.0,/home/aaiuser/results/benchmarking_sbi_023/multirun/2024-11-27/01-01-51/12,12
1520,slcp_distractors,1000,8,NRE,3695569122,0.9907,0.99145,0.14035416,0.45289254,424.42398,0.9835,0.98,0.13887417,0.45652393,422.6931,,3.7854904174804687,,,1000.0,/home/aaiuser/results/benchmarking_sbi_023/multirun/2024-11-27/01-01-51/21,21
1521,slcp_distractors,100000,1,NRE,1935470730,0.9396,0.93315,0.089939,0.30281216,895.35175,0.915,0.9145,0.09296632,0.2891978,893.04205,,139.825634765625,,,100000.0,/home/aaiuser/results/benchmarking_sbi_023/multirun/2024-11-27/01-01-51/2,2
1522,slcp_distractors,10000,9,NRE,1813434468,0.9811,0.98075,0.16087687,0.2436673,712.0756,0.971,0.966,0.14983273,0.2285173,712.8097,,14.296326700846354,,,10000.0,/home/aaiuser/results/benchmarking_sbi_023/multirun/2024-11-27/01-01-51/25,25
1523,slcp_distractors,100000,2,NRE,713527861,0.90455,0.90055,0.06766236,0.20409834,381.18445,0.8725,0.8715,0.0690074,0.18466026,383.21362,,157.58028971354167,,,100000.0,/home/aaiuser/results/benchmarking_sbi_023/multirun/2024-11-27/01-01-51/5,5
1524,slcp_distractors,10000,3,NRE,3562345690,0.9397,0.94015,0.15772772,0.17465508,388.04153,0.9185,0.92,0.1557889,0.16004866,394.9688,,19.990665690104166,,,10000.0,/home/aaiuser/results/benchmarking_sbi_023/multirun/2024-11-27/01-01-51/7,7
1525,slcp_distractors,1000,1,NRE,2264553574,0.988,0.98915,0.13305354,0.4902425,895.0884,0.977,0.9715,0.123342514,0.48125237,894.9442,,3.5579686482747395,,,1000.0,/home/aaiuser/results/benchmarking_sbi_023/multirun/2024-11-27/01-01-51/0,0
1526,slcp_distractors,100000,3,NRE,2698289441,0.8637,0.86455,0.06282747,0.15561378,387.7314,0.8475,0.84,0.06665647,0.15566969,382.57123,,150.64788411458332,,,100000.0,/home/aaiuser/results/benchmarking_sbi_023/multirun/2024-11-27/01-01-51/8,8
1527,slcp_distractors,100000,6,NRE,1071453468,0.84235,0.8405,0.0345037,0.07434547,344.45508,0.806,0.7595,0.03874135,0.07814348,355.36795,,177.87470703125,,,100000.0,/home/aaiuser/results/benchmarking_sbi_023/multirun/2024-11-27/01-01-51/17,17
1528,slcp_distractors,1000,6,NRE,4108290532,0.9661,0.9681,0.14060211,0.3137443,346.89648,0.954,0.9385,0.133237,0.2918313,353.99838,,3.2715380350748697,,,1000.0,/home/aaiuser/results/benchmarking_sbi_023/multirun/2024-11-27/01-01-51/15,15
1529,slcp_distractors,100000,4,NRE,2134987401,0.9326,0.9384,0.068703055,0.1810447,571.24316,0.9035,0.908,0.06729138,0.18979263,571.1135,,120.03709309895834,,,100000.0,/home/aaiuser/results/benchmarking_sbi_023/multirun/2024-11-27/01-01-51/11,11
1530,slcp_distractors,10000,7,NRE,3062732001,0.9878,0.98875,0.08791387,0.5051442,1076.8104,0.978,0.983,0.08218491,0.5067769,1075.6523,,14.938003540039062,,,10000.0,/home/aaiuser/results/benchmarking_sbi_023/multirun/2024-11-27/01-01-51/19,19
1531,slcp_distractors,1000,10,NRE,4253616027,0.96715,0.96695,0.31958467,0.38070908,350.79254,0.938,0.9325,0.2990069,0.36674368,350.35983,,3.488525644938151,,,1000.0,/home/aaiuser/results/benchmarking_sbi_023/multirun/2024-11-27/01-01-51/27,27
1532,slcp_distractors,10000,1,NRE,1828087989,0.9837,0.9831,0.20292664,0.5152348,895.0447,0.9665,0.959,0.2069583,0.5047946,896.3148,,15.56497802734375,,,10000.0,/home/aaiuser/results/benchmarking_sbi_023/multirun/2024-11-27/01-01-51/1,1
1533,slcp_distractors,1000,4,NRE,1314400694,0.99115,0.99,0.30424592,0.56764853,570.0714,0.9845,0.986,0.29980072,0.5717868,568.46814,,3.687340799967448,,,1000.0,/home/aaiuser/results/benchmarking_sbi_023/multirun/2024-11-27/01-01-51/9,9
1534,slcp_distractors,1000,2,NRE,2887736173,0.9807,0.9812,0.14171135,0.38261324,378.9566,0.9705,0.962,0.1409893,0.38427234,377.62775,,6.307355244954427,,,1000.0,/home/aaiuser/results/benchmarking_sbi_023/multirun/2024-11-27/01-01-51/3,3
1535,gaussian_mixture,100000,10,SNPE,4245201047,0.51465,0.55,0.0009406805,0.0009547472,0.83910525,0.514,0.541,0.00033962727,0.00032365322,0.7853601,,95.02068684895833,9.44287504831217,6.55914118747223,100000.0,/home/aaiuser/results/benchmarking_sbi_023/multirun/2024-12-06/16-48-42/29,29
1536,gaussian_mixture,1000,7,SNPE,3496870431,0.602,0.65845,0.0077064037,0.007700205,1.0075381,0.572,0.6435,0.007861972,0.007845163,1.0283196,,1.4264694213867188,10.64057788373709,8.41450368321769,1000.0,/home/aaiuser/results/benchmarking_sbi_023/multirun/2024-12-06/16-48-42/18,18
1537,gaussian_mixture,100000,8,SNPE,264738082,0.49495,0.52475,0.00077700615,0.00078582764,0.9952363,0.507,0.5,0.00017523766,0.00013434887,1.0062511,,57.7066162109375,8.067047560482699,7.313495016042985,100000.0,/home/aaiuser/results/benchmarking_sbi_023/multirun/2024-12-06/16-48-42/23,23
1538,gaussian_mixture,10000,10,SNPE,2054346830,0.50965,0.56055,0.0010378361,0.0010669231,0.8450068,0.494,0.569,0.0011953115,0.0011355877,0.8194258,,7.575777180989584,10.207832290996558,8.281358193320905,10000.0,/home/aaiuser/results/benchmarking_sbi_023/multirun/2024-12-06/16-48-42/28,28
1539,gaussian_mixture,10000,5,SNPE,248711665,0.55825,0.58885,0.0027902126,0.0028927326,0.9282319,0.5495,0.5795,0.002598524,0.0026929379,0.9348904,,7.8972930908203125,11.221266829796093,8.877115178001612,10000.0,/home/aaiuser/results/benchmarking_sbi_023/multirun/2024-12-06/16-48-42/13,13
1540,gaussian_mixture,10000,8,SNPE,931563782,0.5345,0.55355,0.0013706684,0.0013524294,1.0145191,0.5155,0.53,0.00036680698,0.000333786,0.9664214,,7.167765299479167,12.631277960685761,10.048595613700543,10000.0,/home/aaiuser/results/benchmarking_sbi_023/multirun/2024-12-06/16-48-42/22,22
1541,gaussian_mixture,1000,3,SNPE,3371342375,0.6055,0.665,0.0027908087,0.0027474165,0.9900271,0.5345,0.637,0.0008921623,0.0008555651,0.96131074,,1.967354965209961,12.24978670998169,10.192261978152892,1000.0,/home/aaiuser/results/benchmarking_sbi_023/multirun/2024-12-06/16-48-42/6,6
1542,gaussian_mixture,10000,6,SNPE,3794351375,0.5103,0.5401,0.0019630194,0.0019689798,1.0738537,0.533,0.5535,0.0020198822,0.0020120144,1.0725951,,4.618773905436198,11.264998321927171,9.135950606276236,10000.0,/home/aaiuser/results/benchmarking_sbi_023/multirun/2024-12-06/16-48-42/16,16
1543,gaussian_mixture,100000,5,SNPE,3214085859,0.5174,0.5567,0.00060248375,0.0006008148,0.93173295,0.5235,0.5595,0.00071263313,0.0007687807,0.87074363,,99.8862060546875,9.737564423555968,7.735014427350213,100000.0,/home/aaiuser/results/benchmarking_sbi_023/multirun/2024-12-06/16-48-42/14,14
1544,gaussian_mixture,10000,2,SNPE,447821050,0.50815,0.5425,0.0012470484,0.0012791157,0.9776518,0.518,0.5355,0.0007648468,0.0008559227,0.9217278,,5.700835673014323,11.073892502951367,8.962068674177983,10000.0,/home/aaiuser/results/benchmarking_sbi_023/multirun/2024-12-06/16-48-42/4,4
1545,gaussian_mixture,100000,7,SNPE,2849739583,0.51255,0.52515,0.0006623268,0.00067806244,1.0064985,0.5,0.4915,-0.0003632307,-0.00035774708,0.9900584,,57.20732828776042,9.507575221019383,6.729587363862574,100000.0,/home/aaiuser/results/benchmarking_sbi_023/multirun/2024-12-06/16-48-42/20,20
1546,gaussian_mixture,10000,4,SNPE,432805914,0.5149,0.57045,0.0025845766,0.0026504993,1.0636835,0.5165,0.559,0.0018569231,0.0019090176,1.0615335,,4.590755208333333,11.427150287207743,8.137156152213404,10000.0,/home/aaiuser/results/benchmarking_sbi_023/multirun/2024-12-06/16-48-42/10,10
1547,gaussian_mixture,1000,9,SNPE,725126251,0.555,0.6063,0.0010454655,0.0010480881,0.97754025,0.5005,0.56,0.00034093857,0.00034987926,1.0550547,,2.162127939860026,12.07005588121227,9.668794625703,1000.0,/home/aaiuser/results/benchmarking_sbi_023/multirun/2024-12-06/16-48-42/24,24
1548,gaussian_mixture,1000,5,SNPE,181114303,0.63705,0.67065,0.016317606,0.016565084,1.0460881,0.5755,0.6725,0.0135525465,0.013644457,1.0487689,,1.986963653564453,9.1152877689961,7.016277969690321,1000.0,/home/aaiuser/results/benchmarking_sbi_023/multirun/2024-12-06/16-48-42/12,12
1549,gaussian_mixture,1000,8,SNPE,1622152184,0.6095,0.6446,0.006848693,0.006737113,0.9480721,0.585,0.623,0.0061591864,0.006093502,0.93485487,,2.034517542521159,13.566432470066243,11.392958977316507,1000.0,/home/aaiuser/results/benchmarking_sbi_023/multirun/2024-12-06/16-48-42/21,21
1550,gaussian_mixture,100000,1,SNPE,1110854352,0.51305,0.5289,0.0007814169,0.0007971525,0.9085373,0.5075,0.507,0.00028026104,0.00019788742,0.8856148,,74.49925130208334,7.444770618510333,6.335188639630689,100000.0,/home/aaiuser/results/benchmarking_sbi_023/multirun/2024-12-06/16-48-42/2,2
1551,gaussian_mixture,10000,9,SNPE,1971763664,0.5238,0.5508,0.0021022558,0.0021038055,1.0590534,0.5025,0.53,0.00086808205,0.00088799,1.0886453,,6.059378560384115,11.599020405493542,9.729621844075815,10000.0,/home/aaiuser/results/benchmarking_sbi_023/multirun/2024-12-06/16-48-42/25,25
1552,gaussian_mixture,100000,2,SNPE,1737572812,0.50825,0.51825,0.00053596497,0.00055372715,0.985332,0.4905,0.5185,0.00029110909,0.0003067255,1.0259256,,74.8193115234375,7.9515571128429325,7.119503995048873,100000.0,/home/aaiuser/results/benchmarking_sbi_023/multirun/2024-12-06/16-48-42/5,5
1553,gaussian_mixture,10000,3,SNPE,120883203,0.5474,0.5633,0.0018695593,0.0018703938,1.0588865,0.519,0.5295,0.0004284382,0.00043344498,1.0622811,,5.024435424804688,8.705005148341266,5.850809901391738,10000.0,/home/aaiuser/results/benchmarking_sbi_023/multirun/2024-12-06/16-48-42/7,7
1554,gaussian_mixture,1000,1,SNPE,1253524575,0.5044,0.6948,0.011326253,0.01193738,0.90357566,0.5115,0.6765,0.009613156,0.010349095,0.94637525,,1.3711382548014324,9.229659156749248,7.155032145045421,1000.0,/home/aaiuser/results/benchmarking_sbi_023/multirun/2024-12-06/16-48-42/0,0
1555,gaussian_mixture,100000,3,SNPE,2785692871,0.52085,0.53315,0.0008136034,0.0008046627,1.0401752,0.5135,0.4965,0.00022554398,0.00021874905,1.0430721,,84.9508544921875,11.481224910012868,8.88417495711315,100000.0,/home/aaiuser/results/benchmarking_sbi_023/multirun/2024-12-06/16-48-42/8,8
1556,gaussian_mixture,100000,6,SNPE,1443868501,0.50285,0.51825,0.00050389767,0.000510931,1.0280192,0.5195,0.52,0.0006188154,0.00060653687,1.0846522,,54.747660319010414,10.66111801833317,8.534100140082737,100000.0,/home/aaiuser/results/benchmarking_sbi_023/multirun/2024-12-06/16-48-42/17,17
1557,gaussian_mixture,1000,6,SNPE,1933829474,0.6941,0.6993,0.013464093,0.01356113,1.1395774,0.6075,0.6955,0.011672258,0.01157248,1.1427367,,1.360937245686849,12.632299789835624,10.494406141174279,1000.0,/home/aaiuser/results/benchmarking_sbi_023/multirun/2024-12-06/16-48-42/15,15
1558,gaussian_mixture,100000,4,SNPE,168626739,0.50415,0.52315,0.0007907152,0.0007812977,1.0232533,0.4935,0.5125,0.000698328,0.00070011616,0.984378,,61.242167154947914,10.731731899257174,9.780747042635431,100000.0,/home/aaiuser/results/benchmarking_sbi_023/multirun/2024-12-06/16-48-42/11,11
1559,gaussian_mixture,10000,7,SNPE,4198467528,0.516,0.5502,0.0013889074,0.0013990402,1.0004625,0.498,0.5345,0.0011868477,0.0011923313,1.0039904,,7.490513102213542,10.894480294374317,8.732155850297383,10000.0,/home/aaiuser/results/benchmarking_sbi_023/multirun/2024-12-06/16-48-42/19,19
1560,gaussian_mixture,1000,10,SNPE,1284828664,0.62915,0.69245,0.031487882,0.030305862,0.97732294,0.588,0.706,0.030198753,0.02955228,0.9918253,,1.9658779144287108,10.5882211882821,8.181542872927755,1000.0,/home/aaiuser/results/benchmarking_sbi_023/multirun/2024-12-06/16-48-42/27,27
1561,gaussian_mixture,10000,1,SNPE,3233698590,0.52515,0.5775,0.001959443,0.0019298792,0.8923007,0.5195,0.5705,0.002084732,0.0020970106,0.9020448,,4.891054789225261,12.733260042461113,9.741722103806293,10000.0,/home/aaiuser/results/benchmarking_sbi_023/multirun/2024-12-06/16-48-42/1,1
1562,gaussian_mixture,1000,4,SNPE,941896143,0.5301,0.67535,0.0070050955,0.006986618,1.0556318,0.5635,0.6465,0.008817911,0.008935928,1.1362832,,1.3718683878580729,8.376035466389528,7.028523366047299,1000.0,/home/aaiuser/results/benchmarking_sbi_023/multirun/2024-12-06/16-48-42/9,9
1563,gaussian_mixture,100000,9,SNPE,3816940586,0.5165,0.52275,0.00092697144,0.00092709064,1.0472403,0.5095,0.513,0.0011850595,0.0011863708,1.0745661,,55.29757893880208,10.013065417660844,6.562491832667191,100000.0,/home/aaiuser/results/benchmarking_sbi_023/multirun/2024-12-06/16-48-42/26,26
1564,gaussian_mixture,1000,2,SNPE,772371555,0.60485,0.68825,0.0115584135,0.011897087,1.0410448,0.5485,0.677,0.0089251995,0.008924127,1.0459105,,1.770474116007487,11.352447627496774,8.751685303525162,1000.0,/home/aaiuser/results/benchmarking_sbi_023/multirun/2024-12-06/16-48-42/3,3
1565,slcp,100000,10,SNPE,3822711779,0.6534,0.6684,0.0025742054,0.004606724,1.9448192,0.6165,0.625,0.0018725395,0.0034968853,1.8764149,,94.30777180989584,29.03081174136484,27.114200726071104,100000.0,/home/aaiuser/results/benchmarking_sbi_023/multirun/2024-12-06/19-06-42/29,29
1566,slcp,1000,7,SNPE,4232517905,0.9876,0.9879,0.07554853,0.49847752,28.24203,0.97,0.9715,0.06673837,0.48421592,28.548985,,1.536432647705078,43.64770112663292,42.20467770712152,1000.0,/home/aaiuser/results/benchmarking_sbi_023/multirun/2024-12-06/19-06-42/18,18
1567,slcp,100000,8,SNPE,3470148074,0.7374,0.7434,0.0017666817,0.012164235,24.37092,0.6625,0.6675,0.0030363798,0.016245961,24.481617,,111.07374674479166,27.24191530187845,25.352485111434486,100000.0,/home/aaiuser/results/benchmarking_sbi_023/multirun/2024-12-06/19-06-42/23,23
1568,slcp,10000,10,SNPE,4170361012,0.8231,0.8366,0.09063661,0.08979899,1.8675045,0.78,0.7805,0.076106906,0.075267136,1.9357259,,9.046363321940104,29.140490085353772,28.973753429927044,10000.0,/home/aaiuser/results/benchmarking_sbi_023/multirun/2024-12-06/19-06-42/28,28
1569,slcp,10000,5,SNPE,116604925,0.7524,0.75025,0.010285735,0.03015685,24.556835,0.7025,0.697,0.011188507,0.03336525,24.418455,,10.216073608398437,32.09631421791294,34.35290996246269,10000.0,/home/aaiuser/results/benchmarking_sbi_023/multirun/2024-12-06/19-06-42/13,13
1570,slcp,10000,8,SNPE,756172197,0.82715,0.83645,0.010023475,0.07723385,24.104507,0.7215,0.7745,0.008957624,0.06973988,24.399027,,11.129551188151042,27.37274573058952,27.64659885052902,10000.0,/home/aaiuser/results/benchmarking_sbi_023/multirun/2024-12-06/19-06-42/22,22
1571,slcp,1000,3,SNPE,2641128671,0.94445,0.94735,0.09617448,0.1345526,22.69186,0.924,0.915,0.09368646,0.12887955,23.197199,,2.9516827901204428,39.02135241529492,38.363403003784136,1000.0,/home/aaiuser/results/benchmarking_sbi_023/multirun/2024-12-06/19-06-42/6,6
1572,slcp,10000,6,SNPE,29019335,0.86615,0.86565,0.05898702,0.1686604,10.816075,0.829,0.799,0.061805844,0.16235662,10.645493,,6.972879536946615,33.23261828785796,31.284939129296564,10000.0,/home/aaiuser/results/benchmarking_sbi_023/multirun/2024-12-06/19-06-42/16,16
1573,slcp,100000,5,SNPE,4234632732,0.72425,0.72115,0.0055656433,0.03695202,23.416504,0.6775,0.6685,0.0048878193,0.034306407,23.159513,,98.61258951822917,33.370118834748375,12.304267932135726,100000.0,/home/aaiuser/results/benchmarking_sbi_023/multirun/2024-12-06/19-06-42/14,14
1574,slcp,10000,2,SNPE,3486236337,0.8259,0.81835,0.02374363,0.089871526,22.901558,0.7575,0.7165,0.020487547,0.07927364,22.928432,,6.808594258626302,24.717830505057496,10.725524746163593,10000.0,/home/aaiuser/results/benchmarking_sbi_023/multirun/2024-12-06/19-06-42/4,4
1575,slcp,100000,7,SNPE,1420369324,0.73955,0.73875,0.0030218363,0.015321493,29.435879,0.681,0.6915,0.0047951937,0.020109892,29.020103,,147.73289388020834,24.438096136134373,23.34679319844336,100000.0,/home/aaiuser/results/benchmarking_sbi_023/multirun/2024-12-06/19-06-42/20,20
1576,slcp,10000,4,SNPE,3991121953,0.8719,0.87455,0.07720578,0.08749807,3.0909576,0.815,0.8335,0.076996446,0.08564675,3.063715,,9.678030395507813,28.32567670826322,27.58322097652283,10000.0,/home/aaiuser/results/benchmarking_sbi_023/multirun/2024-12-06/19-06-42/10,10
1577,slcp,1000,9,SNPE,2092400374,0.95325,0.9556,0.17969,0.36627024,9.506389,0.938,0.9185,0.1859991,0.37507612,9.658216,,1.7146252950032552,36.972978962656356,35.155603281012496,1000.0,/home/aaiuser/results/benchmarking_sbi_023/multirun/2024-12-06/19-06-42/24,24
1578,slcp,1000,5,SNPE,3538915113,0.9209,0.92345,0.067326665,0.18178457,21.150908,0.9075,0.903,0.06429398,0.18907064,21.236572,,2.0206082661946616,38.45696535172975,37.66195037528396,1000.0,/home/aaiuser/results/benchmarking_sbi_023/multirun/2024-12-06/19-06-42/12,12
1579,slcp,1000,8,SNPE,628702751,0.9733,0.975,0.050375104,0.28716624,23.676987,0.9505,0.9435,0.047305107,0.27025986,23.871655,,2.033372497558594,37.784050109265095,31.358820516816245,1000.0,/home/aaiuser/results/benchmarking_sbi_023/multirun/2024-12-06/19-06-42/21,21
1580,slcp,100000,1,SNPE,912201756,0.65435,0.6512,0.0027920008,0.019644976,19.638714,0.635,0.609,0.0028334856,0.01837635,19.483776,,140.96082356770833,25.15708597838077,12.372204351086339,100000.0,/home/aaiuser/results/benchmarking_sbi_023/multirun/2024-12-06/19-06-42/2,2
1581,slcp,10000,9,SNPE,4268503570,0.81985,0.8233,0.008203864,0.020335913,9.23948,0.7555,0.707,0.0058255196,0.013399601,9.276657,,8.263669840494792,30.392788940356688,22.96336959800409,10000.0,/home/aaiuser/results/benchmarking_sbi_023/multirun/2024-12-06/19-06-42/25,25
1582,slcp,100000,2,SNPE,3208937262,0.6077,0.6052,0.00061035156,0.0009313822,22.097467,0.587,0.569,-5.8054924e-05,0.00013041496,21.9487,,127.14988606770834,20.949150268613938,14.436411401682442,100000.0,/home/aaiuser/results/benchmarking_sbi_023/multirun/2024-12-06/19-06-42/5,5
1583,slcp,10000,3,SNPE,2823289880,0.74615,0.74195,0.015109777,0.034866214,27.090054,0.6905,0.688,0.013362527,0.030902743,27.20969,,8.415142313639324,35.843880087618835,31.70793290652693,10000.0,/home/aaiuser/results/benchmarking_sbi_023/multirun/2024-12-06/19-06-42/7,7
1584,slcp,1000,1,SNPE,1787219285,0.99085,0.99015,0.16288793,0.4620709,17.754692,0.983,0.982,0.16528964,0.46743807,17.737278,,1.575450642903646,41.06659570643663,40.68714874605484,1000.0,/home/aaiuser/results/benchmarking_sbi_023/multirun/2024-12-06/19-06-42/0,0
1585,slcp,100000,3,SNPE,4249064232,0.66595,0.66055,0.003700018,0.013666391,26.13409,0.613,0.6265,0.004602909,0.013977766,25.956297,,100.97041015625,22.1479575675575,13.711128119388633,100000.0,/home/aaiuser/results/benchmarking_sbi_023/multirun/2024-12-06/19-06-42/8,8
1586,slcp,100000,6,SNPE,172116674,0.6241,0.60195,0.0020118952,0.0061330795,10.681025,0.5555,0.5405,0.0011456013,0.0038995743,10.606627,,96.59334309895833,11.435063161819475,9.986411704857854,100000.0,/home/aaiuser/results/benchmarking_sbi_023/multirun/2024-12-06/19-06-42/17,17
1587,slcp,1000,6,SNPE,661104513,0.96145,0.9637,0.14162683,0.323142,10.183599,0.95,0.937,0.14950883,0.33367658,10.183802,,1.6496019999186198,37.98807789594353,35.447028100225374,1000.0,/home/aaiuser/results/benchmarking_sbi_023/multirun/2024-12-06/19-06-42/15,15
1588,slcp,100000,4,SNPE,317138558,0.79005,0.78975,0.009611845,0.013140559,3.173562,0.727,0.743,0.008772612,0.0110343695,3.2122428,,97.104931640625,31.35362215219129,26.27794166146426,100000.0,/home/aaiuser/results/benchmarking_sbi_023/multirun/2024-12-06/19-06-42/11,11
1589,slcp,10000,7,SNPE,2122296302,0.86965,0.87355,0.064728975,0.10628867,28.854757,0.8045,0.8345,0.060239077,0.10732722,29.505522,,310.85309244791665,29.745772367363937,28.74574930963573,10000.0,/home/aaiuser/results/benchmarking_sbi_023/multirun/2024-12-06/19-06-42/19,19
1590,slcp,1000,10,SNPE,2762553996,0.95575,0.955,0.21259898,0.25279832,7.4640636,0.9265,0.923,0.20889968,0.24937421,7.5347986,,1.7886563618977864,34.619198753584584,33.718300033897,1000.0,/home/aaiuser/results/benchmarking_sbi_023/multirun/2024-12-06/19-06-42/27,27
1591,slcp,10000,1,SNPE,4042747034,0.91425,0.9158,0.035915732,0.21228904,20.058296,0.891,0.871,0.036248088,0.20983732,20.36879,,7.654135131835938,34.32071192320633,25.375326765296293,10000.0,/home/aaiuser/results/benchmarking_sbi_023/multirun/2024-12-06/19-06-42/1,1
1592,slcp,1000,4,SNPE,3380058713,0.9833,0.9843,0.17457163,0.51878405,7.1953363,0.9805,0.9775,0.17514002,0.52974105,7.283889,,1.5367744445800782,34.67989949744342,34.334022585985785,1000.0,/home/aaiuser/results/benchmarking_sbi_023/multirun/2024-12-06/19-06-42/9,9
1593,slcp,1000,2,SNPE,1093794476,0.97165,0.97085,0.12942147,0.42574376,23.658669,0.9585,0.948,0.120848656,0.39275044,23.805544,,2.391217803955078,38.05166728642313,33.97376030153892,1000.0,/home/aaiuser/results/benchmarking_sbi_023/multirun/2024-12-06/19-06-42/3,3
1594,gaussian_linear,100000,10,SNPE,2278807615,0.5126,0.513,0.0004837513,0.0004862547,1.4750358,0.505,0.4955,-4.3034554e-05,-3.4928322e-05,1.4689174,,47.90428873697917,7.73002966169201,5.828084658856266,100000.0,/home/aaiuser/results/benchmarking_sbi_023/multirun/2024-12-06/11-49-34/29,29
1595,gaussian_linear,1000,7,SNPE,343022919,0.68535,0.65205,0.01978612,0.019786716,1.4273692,0.619,0.609,0.020849109,0.020410895,1.4267008,,2.18828125,11.341519088264166,9.084848461650774,1000.0,/home/aaiuser/results/benchmarking_sbi_023/multirun/2024-12-06/11-49-34/18,18
1596,gaussian_linear,100000,8,SNPE,336445408,0.5044,0.4988,0.00047683716,0.00047671795,1.514303,0.4865,0.4875,0.00016403198,0.00016725063,1.5058427,,66.95445963541667,7.597441276552971,5.497537624270112,100000.0,/home/aaiuser/results/benchmarking_sbi_023/multirun/2024-12-06/11-49-34/23,23
1597,gaussian_linear,10000,10,SNPE,3288683465,0.54735,0.53575,0.0010617971,0.0010609627,1.4601579,0.5205,0.51,0.0006811619,0.0006788969,1.4571497,,7.949433898925781,8.564874169237294,6.317265042722285,10000.0,/home/aaiuser/results/benchmarking_sbi_023/multirun/2024-12-06/11-49-34/28,28
1598,gaussian_linear,10000,5,SNPE,615578609,0.52725,0.515,0.0011775494,0.0011800528,1.2996721,0.5345,0.5185,0.0012462139,0.0012395382,1.2937673,,7.365254720052083,8.501996301409857,6.399952415403225,10000.0,/home/aaiuser/results/benchmarking_sbi_023/multirun/2024-12-06/11-49-34/13,13
1599,gaussian_linear,10000,8,SNPE,3497166047,0.58225,0.56045,0.0016772747,0.001685977,1.5107164,0.54,0.541,0.0015727282,0.0015844107,1.5234835,,6.609715270996094,8.872022473167897,6.5244564730765955,10000.0,/home/aaiuser/results/benchmarking_sbi_023/multirun/2024-12-06/11-49-34/22,22
1600,gaussian_linear,1000,3,SNPE,1217993380,0.6893,0.6691,0.02012074,0.019986153,1.4300177,0.6605,0.6595,0.017615438,0.017826557,1.4271132,,2.426098124186198,11.362405785076849,9.089031013645835,1000.0,/home/aaiuser/results/benchmarking_sbi_023/multirun/2024-12-06/11-49-34/6,6
1601,gaussian_linear,10000,6,SNPE,1185515279,0.526,0.5219,0.00085294247,0.00084888935,1.3240678,0.529,0.529,0.0011862516,0.0011906624,1.3236074,,6.528389485677083,8.139562691242675,6.4801221662773205,10000.0,/home/aaiuser/results/benchmarking_sbi_023/multirun/2024-12-06/11-49-34/16,16
1602,gaussian_linear,100000,5,SNPE,925772258,0.50575,0.5108,0.00022447109,0.00022542477,1.321176,0.525,0.5345,-0.00010454655,-9.715557e-05,1.3483112,,70.257568359375,6.821385623318053,5.507467058957089,100000.0,/home/aaiuser/results/benchmarking_sbi_023/multirun/2024-12-06/11-49-34/14,14
1603,gaussian_linear,10000,2,SNPE,2453329580,0.5341,0.52595,0.0009753704,0.0009764433,1.3981066,0.533,0.551,0.0020669699,0.0020977259,1.3879929,,7.142561848958334,8.385081430637413,6.55348380154526,10000.0,/home/aaiuser/results/benchmarking_sbi_023/multirun/2024-12-06/11-49-34/4,4
1604,gaussian_linear,100000,7,SNPE,3722826194,0.50725,0.51395,0.00039219856,0.0003925562,1.3735874,0.517,0.5035,0.00091826916,0.0009409189,1.3675365,,61.011861165364586,7.372354455446406,5.6928010657580455,100000.0,/home/aaiuser/results/benchmarking_sbi_023/multirun/2024-12-06/11-49-34/20,20
1605,gaussian_linear,10000,4,SNPE,3204860996,0.56745,0.56345,0.0014971495,0.0014975071,1.5361252,0.557,0.555,0.0026379824,0.0026243925,1.5193009,,7.682345581054688,8.776391310469439,7.054506564976583,10000.0,/home/aaiuser/results/benchmarking_sbi_023/multirun/2024-12-06/11-49-34/10,10
1606,gaussian_linear,1000,9,SNPE,1547648235,0.67065,0.64,0.01886928,0.018827915,1.4729178,0.6285,0.624,0.019335628,0.019459367,1.4819502,,2.246294403076172,11.276166695801063,9.040836634817365,1000.0,/home/aaiuser/results/benchmarking_sbi_023/multirun/2024-12-06/11-49-34/24,24
1607,gaussian_linear,1000,5,SNPE,4004593514,0.6073,0.5789,0.0056084394,0.005611539,1.349082,0.5925,0.5695,0.004825592,0.0049871206,1.3296928,,1.6857357025146484,10.083582465531016,7.728412126665355,1000.0,/home/aaiuser/results/benchmarking_sbi_023/multirun/2024-12-06/11-49-34/12,12
1608,gaussian_linear,1000,8,SNPE,910310221,0.76185,0.7296,0.0411911,0.041386604,1.6230031,0.7105,0.7075,0.03979087,0.040714383,1.6457539,,1.789371871948242,12.097466256609582,9.775525650039217,1000.0,/home/aaiuser/results/benchmarking_sbi_023/multirun/2024-12-06/11-49-34/21,21
1609,gaussian_linear,100000,1,SNPE,1014229077,0.5075,0.5066,0.00043821335,0.00043976307,1.4359117,0.484,0.481,-0.00012779236,-0.00012874603,1.4421458,,57.41417236328125,7.595163724455785,5.413665395536071,100000.0,/home/aaiuser/results/benchmarking_sbi_023/multirun/2024-12-06/11-49-34/2,2
1610,gaussian_linear,10000,9,SNPE,4022451721,0.534,0.5267,0.0011720657,0.0011729002,1.3734555,0.5185,0.5125,0.0011928082,0.0011863708,1.3776652,,6.465928649902343,8.683079764033142,6.847494953301807,10000.0,/home/aaiuser/results/benchmarking_sbi_023/multirun/2024-12-06/11-49-34/25,25
1611,gaussian_linear,100000,2,SNPE,2023416523,0.5134,0.5068,0.00042939186,0.00042831898,1.4078846,0.506,0.499,0.00033915043,0.00033807755,1.3955019,,58.6962158203125,7.344289439914867,5.596642599098297,100000.0,/home/aaiuser/results/benchmarking_sbi_023/multirun/2024-12-06/11-49-34/5,5
1612,gaussian_linear,10000,3,SNPE,2761242812,0.54845,0.53945,0.0026313066,0.0026379824,1.3794755,0.531,0.53,0.0031613111,0.003119111,1.3806343,,7.276865641276042,9.421530930046895,7.374310594622531,10000.0,/home/aaiuser/results/benchmarking_sbi_023/multirun/2024-12-06/11-49-34/7,7
1613,gaussian_linear,1000,1,SNPE,1373187604,0.65835,0.63005,0.012875438,0.012840509,1.5038743,0.6125,0.619,0.013484359,0.013705015,1.4811571,,2.3155487060546873,10.945217007035781,8.699047522410549,1000.0,/home/aaiuser/results/benchmarking_sbi_023/multirun/2024-12-06/11-49-34/0,0
1614,gaussian_linear,100000,3,SNPE,2671183170,0.51475,0.5097,0.00072288513,0.0007172823,1.3812106,0.4995,0.4975,0.00045490265,0.00044977665,1.3793309,,76.1671142578125,8.153733569226025,5.770129671653021,100000.0,/home/aaiuser/results/benchmarking_sbi_023/multirun/2024-12-06/11-49-34/8,8
1615,gaussian_linear,100000,6,SNPE,1133146499,0.50475,0.5041,0.00032162666,0.00032234192,1.3083901,0.4895,0.4825,0.0005955696,0.00058197975,1.3107581,,61.4554443359375,7.307697363234179,5.704651863295022,100000.0,/home/aaiuser/results/benchmarking_sbi_023/multirun/2024-12-06/11-49-34/17,17
1616,gaussian_linear,1000,6,SNPE,811536126,0.6015,0.5842,0.00913465,0.009122372,1.3599454,0.596,0.584,0.010294199,0.010356784,1.3694935,,2.1726153055826822,10.541364594165923,8.414975066605907,1000.0,/home/aaiuser/results/benchmarking_sbi_023/multirun/2024-12-06/11-49-34/15,15
1617,gaussian_linear,100000,4,SNPE,660077844,0.5156,0.5085,0.00021481514,0.0002143383,1.535916,0.497,0.509,8.249283e-05,7.355213e-05,1.5290425,,72.08306477864583,7.303206212199146,5.351778035481578,100000.0,/home/aaiuser/results/benchmarking_sbi_023/multirun/2024-12-06/11-49-34/11,11
1618,gaussian_linear,10000,7,SNPE,3967564197,0.5409,0.5364,0.001994729,0.001992941,1.3908709,0.517,0.51,0.0021147728,0.0021440983,1.4079018,,6.4939936319986975,9.032103620991768,6.966779279310717,10000.0,/home/aaiuser/results/benchmarking_sbi_023/multirun/2024-12-06/11-49-34/19,19
1619,gaussian_linear,1000,10,SNPE,1880511502,0.75735,0.72445,0.04536307,0.04546976,1.5881596,0.71,0.7,0.04303038,0.04203093,1.5942398,,1.6829586029052734,12.168292166741294,9.865287638190415,1000.0,/home/aaiuser/results/benchmarking_sbi_023/multirun/2024-12-06/11-49-34/27,27
1620,gaussian_linear,10000,1,SNPE,2177452150,0.5578,0.5408,0.0022673607,0.0022637844,1.413904,0.4975,0.5065,0.001595974,0.0015774965,1.438443,,7.657149251302084,9.136651635008032,6.815065812107813,10000.0,/home/aaiuser/results/benchmarking_sbi_023/multirun/2024-12-06/11-49-34/1,1
1621,gaussian_linear,1000,4,SNPE,2436454330,0.76075,0.73605,0.025165915,0.025014043,1.5833726,0.731,0.716,0.022600532,0.022240996,1.5752628,,2.6729054768880207,11.611975587915055,9.241839911128197,1000.0,/home/aaiuser/results/benchmarking_sbi_023/multirun/2024-12-06/11-49-34/9,9
1622,gaussian_linear,100000,9,SNPE,791241679,0.5087,0.509,0.00026726723,0.00026726723,1.3965333,0.474,0.4985,7.033348e-05,6.818771e-05,1.4186047,,52.82926025390625,7.36500194559086,5.810739055923399,100000.0,/home/aaiuser/results/benchmarking_sbi_023/multirun/2024-12-06/11-49-34/26,26
1623,gaussian_linear,1000,2,SNPE,4272333368,0.62355,0.5979,0.0068718195,0.0068585873,1.4072604,0.5755,0.584,0.006008148,0.006112218,1.3954601,,1.8357320149739584,10.365813156036873,8.116235599177475,1000.0,/home/aaiuser/results/benchmarking_sbi_023/multirun/2024-12-06/11-49-34/3,3
1624,gaussian_linear_uniform,100000,10,SNPE,3251586964,0.5057,0.50785,0.00051391125,0.00046277046,1.3431954,0.496,0.4635,0.0004748106,0.00037002563,1.3373604,,60.23938802083333,3.3861278037951594,3.247962088296398,100000.0,/home/aaiuser/results/benchmarking_sbi_023/multirun/2024-12-06/14-10-38/29,29
1625,gaussian_linear_uniform,1000,7,SNPE,1277574642,0.633,0.61765,0.011654735,0.011747241,1.3491606,0.616,0.612,0.01135087,0.011409879,1.3525496,,2.391157786051432,5.797754790222165,3.9896774542497373,1000.0,/home/aaiuser/results/benchmarking_sbi_023/multirun/2024-12-06/14-10-38/18,18
1626,gaussian_linear_uniform,100000,8,SNPE,3778882645,0.50725,0.5039,0.0003694296,0.00041854382,1.3264937,0.4855,0.4975,0.00012946129,0.00024187565,1.3362665,,69.33541666666666,3.3208567962941298,3.2008196692022186,100000.0,/home/aaiuser/results/benchmarking_sbi_023/multirun/2024-12-06/14-10-38/23,23
1627,gaussian_linear_uniform,10000,10,SNPE,2078042292,0.53815,0.5295,0.001962304,0.0018752813,1.3664112,0.522,0.5285,0.0020804405,0.002066493,1.3673778,,8.076807657877604,3.939843793343043,3.294531681287868,10000.0,/home/aaiuser/results/benchmarking_sbi_023/multirun/2024-12-06/14-10-38/28,28
1628,gaussian_linear_uniform,10000,5,SNPE,4066020033,0.5234,0.5214,0.0009138584,0.0007766485,1.3101237,0.501,0.5085,0.0011322498,0.0009938478,1.3126404,,6.793800862630208,3.9081849294284274,3.245360158197159,10000.0,/home/aaiuser/results/benchmarking_sbi_023/multirun/2024-12-06/14-10-38/13,13
1629,gaussian_linear_uniform,10000,8,SNPE,812448299,0.5305,0.52815,0.00089645386,0.00097227097,1.3222951,0.513,0.509,0.0009635687,0.0010117292,1.3214201,,7.087034606933594,3.8390073318836477,3.276622558947188,10000.0,/home/aaiuser/results/benchmarking_sbi_023/multirun/2024-12-06/14-10-38/22,22
1630,gaussian_linear_uniform,1000,3,SNPE,1389940721,0.72815,0.6784,0.026386738,0.025124788,1.471326,0.6925,0.6435,0.02600813,0.024917722,1.4683511,,2.238860829671224,5.198597689183073,3.7334360742305037,1000.0,/home/aaiuser/results/benchmarking_sbi_023/multirun/2024-12-06/14-10-38/6,6
1631,gaussian_linear_uniform,10000,6,SNPE,4117891663,0.52475,0.51705,0.0007715225,0.0008817911,1.3009506,0.5105,0.514,0.0008677244,0.00087070465,1.3087925,,6.376334635416667,3.7103662995730327,3.2413235781829712,10000.0,/home/aaiuser/results/benchmarking_sbi_023/multirun/2024-12-06/14-10-38/16,16
1632,gaussian_linear_uniform,100000,5,SNPE,4158370349,0.5164,0.5057,0.0012854338,0.0011481047,1.3188515,0.5385,0.537,0.002329111,0.0020546913,1.3312507,,74.91497395833333,3.8312007273018436,3.3759098980044033,100000.0,/home/aaiuser/results/benchmarking_sbi_023/multirun/2024-12-06/14-10-38/14,14
1633,gaussian_linear_uniform,10000,2,SNPE,1603784090,0.5475,0.53375,0.0012515783,0.0013672113,1.4039187,0.5445,0.5255,0.0013585091,0.0016403198,1.4051006,,7.430351257324219,4.205104624057625,3.391714292301345,10000.0,/home/aaiuser/results/benchmarking_sbi_023/multirun/2024-12-06/14-10-38/4,4
1634,gaussian_linear_uniform,100000,7,SNPE,1470978236,0.5104,0.5047,0.00032114983,0.00032281876,1.314157,0.516,0.5165,0.00066769123,0.00067698956,1.3144163,,68.14880777994792,3.626336114610442,3.3171665765336056,100000.0,/home/aaiuser/results/benchmarking_sbi_023/multirun/2024-12-06/14-10-38/20,20
1635,gaussian_linear_uniform,10000,4,SNPE,2889935299,0.52865,0.52665,0.002450943,0.002323866,1.3445859,0.5385,0.5475,0.002235055,0.0020731688,1.3331163,,5.537840779622396,4.500575155049843,3.4670871769174925,10000.0,/home/aaiuser/results/benchmarking_sbi_023/multirun/2024-12-06/14-10-38/10,10
1636,gaussian_linear_uniform,1000,9,SNPE,2706030054,0.6722,0.63215,0.008705378,0.008547306,1.2970115,0.606,0.598,0.0062066317,0.005660653,1.3021059,,3.0442326863606772,5.659812648965434,3.8344947970831,1000.0,/home/aaiuser/results/benchmarking_sbi_023/multirun/2024-12-06/14-10-38/24,24
1637,gaussian_linear_uniform,1000,5,SNPE,2122710386,0.6423,0.61495,0.013110042,0.012928009,1.3301725,0.605,0.6065,0.013792515,0.013455868,1.3286551,,2.462752278645833,5.913138128267807,4.085128390141751,1000.0,/home/aaiuser/results/benchmarking_sbi_023/multirun/2024-12-06/14-10-38/12,12
1638,gaussian_linear_uniform,1000,8,SNPE,3781263050,0.7284,0.69295,0.011233568,0.010831714,1.3486203,0.67,0.648,0.011525631,0.010823488,1.3536174,,2.259839630126953,5.676416896206739,4.06518811402531,1000.0,/home/aaiuser/results/benchmarking_sbi_023/multirun/2024-12-06/14-10-38/21,21
1639,gaussian_linear_uniform,100000,1,SNPE,583117741,0.5057,0.49895,0.00049459934,0.0006045103,1.3548478,0.504,0.5115,0.0008292198,0.0008211136,1.3525715,,71.81785481770834,3.445375561885215,3.2396515471812655,100000.0,/home/aaiuser/results/benchmarking_sbi_023/multirun/2024-12-06/14-10-38/2,2
1640,gaussian_linear_uniform,10000,9,SNPE,1722289604,0.51855,0.5172,0.0005091429,0.0005842447,1.2951863,0.512,0.514,0.00047016144,0.0007112026,1.3110166,,7.053423055013021,3.473408889997961,3.205029728565555,10000.0,/home/aaiuser/results/benchmarking_sbi_023/multirun/2024-12-06/14-10-38/25,25
1641,gaussian_linear_uniform,100000,2,SNPE,195715342,0.5018,0.50315,0.00046348572,0.0006328821,1.4117018,0.496,0.508,0.0002207756,0.0003222227,1.3969874,,80.29073079427083,3.592360569119718,3.28950180477404,100000.0,/home/aaiuser/results/benchmarking_sbi_023/multirun/2024-12-06/14-10-38/5,5
1642,gaussian_linear_uniform,10000,3,SNPE,2790700422,0.56435,0.55355,0.004013896,0.00398767,1.494194,0.5365,0.528,0.0044641495,0.0041253567,1.4826488,,7.635197448730469,3.997977887857219,3.3838839317917544,10000.0,/home/aaiuser/results/benchmarking_sbi_023/multirun/2024-12-06/14-10-38/7,7
1643,gaussian_linear_uniform,1000,1,SNPE,826152633,0.6528,0.61295,0.0032578707,0.003224969,1.3553166,0.5875,0.554,0.0027531385,0.0025638342,1.3604641,,1.9473936716715494,5.035228259445583,3.577902082301476,1000.0,/home/aaiuser/results/benchmarking_sbi_023/multirun/2024-12-06/14-10-38/0,0
1644,gaussian_linear_uniform,100000,3,SNPE,3652204044,0.5066,0.51165,0.00088346004,0.00071287155,1.4739628,0.51,0.506,0.00085031986,0.0008112192,1.47196,,69.87608235677084,3.322586981080244,3.177988328202727,100000.0,/home/aaiuser/results/benchmarking_sbi_023/multirun/2024-12-06/14-10-38/8,8
1645,gaussian_linear_uniform,100000,6,SNPE,1963984656,0.5113,0.51375,0.0010509491,0.0009715557,1.3229136,0.514,0.5045,0.0009018183,0.0009046793,1.3240762,,76.1417724609375,3.6759028712759085,3.2574649924847288,100000.0,/home/aaiuser/results/benchmarking_sbi_023/multirun/2024-12-06/14-10-38/17,17
1646,gaussian_linear_uniform,1000,6,SNPE,3136684080,0.64045,0.59755,0.006522298,0.006434679,1.3191738,0.594,0.5885,0.008503795,0.008211732,1.3195295,,3.5005978902180988,5.23823530064652,3.653067544382957,1000.0,/home/aaiuser/results/benchmarking_sbi_023/multirun/2024-12-06/14-10-38/15,15
1647,gaussian_linear_uniform,100000,4,SNPE,1482433580,0.50765,0.5082,0.00046551228,0.00042402744,1.3560952,0.509,0.5375,-0.00013673306,-5.4955482e-05,1.3364373,,70.132080078125,3.6391902671946292,3.2699289884266514,100000.0,/home/aaiuser/results/benchmarking_sbi_023/multirun/2024-12-06/14-10-38/11,11
1648,gaussian_linear_uniform,10000,7,SNPE,2399782918,0.5315,0.51925,0.0005928278,0.0007715225,1.3027811,0.4865,0.5095,4.172325e-06,0.0001142025,1.3035787,,6.506264241536458,4.187031911472182,3.327907792490428,10000.0,/home/aaiuser/results/benchmarking_sbi_023/multirun/2024-12-06/14-10-38/19,19
1649,gaussian_linear_uniform,1000,10,SNPE,2033530728,0.7242,0.68665,0.011951208,0.014486194,1.2883365,0.666,0.649,0.014123678,0.014842033,1.2919784,,2.709247589111328,6.37697453629371,4.39678999301824,1000.0,/home/aaiuser/results/benchmarking_sbi_023/multirun/2024-12-06/14-10-38/27,27
1650,gaussian_linear_uniform,10000,1,SNPE,3237836243,0.53735,0.5271,0.001921773,0.0018724203,1.3500346,0.4945,0.4915,0.0019561052,0.0018478632,1.37303,,5.662142944335938,3.964643159148388,3.306290590485697,10000.0,/home/aaiuser/results/benchmarking_sbi_023/multirun/2024-12-06/14-10-38/1,1
1651,gaussian_linear_uniform,1000,4,SNPE,4183807281,0.69325,0.66005,0.024537086,0.023153901,1.3790956,0.651,0.6525,0.0232445,0.021612763,1.3614304,,2.202662404378255,6.226761150018635,4.347444053736615,1000.0,/home/aaiuser/results/benchmarking_sbi_023/multirun/2024-12-06/14-10-38/9,9
1652,gaussian_linear_uniform,100000,9,SNPE,2389669427,0.5003,0.49915,0.00034606457,0.00033903122,1.2945645,0.5015,0.5315,0.0015947819,0.0016430616,1.2946491,,58.85245361328125,3.3755245021004048,3.22032026116763,100000.0,/home/aaiuser/results/benchmarking_sbi_023/multirun/2024-12-06/14-10-38/26,26
1653,gaussian_linear_uniform,1000,2,SNPE,4292531988,0.68015,0.6319,0.005402446,0.0052313805,1.4078498,0.6015,0.5885,0.007285118,0.0068609715,1.4017711,,2.455064137776693,5.4669807402261155,3.8500613213922743,1000.0,/home/aaiuser/results/benchmarking_sbi_023/multirun/2024-12-06/14-10-38/3,3
1654,gaussian_linear,1000,7,SNPE,83815868,0.6352,0.60155,0.008980513,0.008995891,1.3947165,0.5855,0.593,0.008130074,0.008127332,1.3802292,,2.487324015299479,10.530585284415482,8.128910870052234,1000.0,/home/aaiuser/results/benchmarking_sbi_023/multirun/2024-11-29/15-58-26/18,18
1655,gaussian_linear,10000,10,SNPE,3334179747,0.5516,0.54315,0.0024756193,0.0024808645,1.4697174,0.5205,0.5135,0.0020292997,0.0020331144,1.4762161,,17.01842346191406,9.239770039666627,7.10691608968723,10000.0,/home/aaiuser/results/benchmarking_sbi_023/multirun/2024-11-29/15-58-26/28,28
1656,gaussian_linear,10000,5,SNPE,3292552708,0.51895,0.51465,0.0010607243,0.0010581017,1.3028581,0.5155,0.521,0.00091838837,0.00087714195,1.3031087,,16.516089884440103,8.561813588463131,6.424289277278625,10000.0,/home/aaiuser/results/benchmarking_sbi_023/multirun/2024-11-29/15-58-26/13,13
1657,gaussian_linear,10000,8,SNPE,5050411,0.5609,0.5574,0.0018360615,0.0018523932,1.4935061,0.5405,0.5205,0.0014561415,0.001462698,1.4989817,,18.93223876953125,8.966305674894462,6.710177129998208,10000.0,/home/aaiuser/results/benchmarking_sbi_023/multirun/2024-11-29/15-58-26/22,22
1658,gaussian_linear,1000,3,SNPE,1259285910,0.65025,0.6151,0.0038233995,0.0038193464,1.4291066,0.583,0.5785,0.0043697357,0.0043495893,1.4210835,,2.3703282674153647,9.80489795130268,7.72972082578534,1000.0,/home/aaiuser/results/benchmarking_sbi_023/multirun/2024-11-29/15-58-26/6,6
1659,gaussian_linear,10000,6,SNPE,2796346607,0.52995,0.53175,0.0008007288,0.0007959604,1.3242061,0.507,0.5085,0.0005725622,0.0005842447,1.3095849,,18.723209635416666,8.291243957853995,6.575563922305184,10000.0,/home/aaiuser/results/benchmarking_sbi_023/multirun/2024-11-29/15-58-26/16,16
1660,gaussian_linear,10000,2,SNPE,2358237157,0.54175,0.52935,0.0022941828,0.002285719,1.3941405,0.5255,0.525,0.00147295,0.001485467,1.3880346,,15.575899251302083,9.187806582449523,6.981601195373676,10000.0,/home/aaiuser/results/benchmarking_sbi_023/multirun/2024-11-29/15-58-26/4,4
1661,gaussian_linear,10000,4,SNPE,384619643,0.5666,0.55635,0.0015035868,0.0015106201,1.5295043,0.533,0.54,0.0017249584,0.0017573833,1.5234518,,14.163385009765625,8.786791595515014,6.652344314198738,10000.0,/home/aaiuser/results/benchmarking_sbi_023/multirun/2024-11-29/15-58-26/10,10
1662,gaussian_linear,1000,9,SNPE,1703299607,0.65295,0.6252,0.015117049,0.015106797,1.4748509,0.6165,0.6055,0.016455412,0.016504526,1.4656289,,2.785552469889323,11.046054603479288,8.81426004869156,1000.0,/home/aaiuser/results/benchmarking_sbi_023/multirun/2024-11-29/15-58-26/24,24
1663,gaussian_linear,1000,5,SNPE,1860007967,0.6212,0.58565,0.006960392,0.0069818497,1.3359869,0.5965,0.569,0.005580783,0.005737424,1.3301852,,4.32704823811849,10.297481045892003,7.864527774704656,1000.0,/home/aaiuser/results/benchmarking_sbi_023/multirun/2024-11-29/15-58-26/12,12
1664,gaussian_linear,1000,8,SNPE,978930497,0.8053,0.7593,0.031408668,0.031401634,1.4927616,0.73,0.709,0.03258252,0.032610655,1.4838676,,4.182731119791667,11.795367432019395,9.521015564918901,1000.0,/home/aaiuser/results/benchmarking_sbi_023/multirun/2024-11-29/15-58-26/21,21
1665,gaussian_linear,10000,9,SNPE,3453219488,0.5415,0.53075,0.0013513565,0.0013581514,1.3969626,0.513,0.529,0.00069630146,0.0006734133,1.3800118,,19.4464599609375,8.735177279561727,6.622170126456244,10000.0,/home/aaiuser/results/benchmarking_sbi_023/multirun/2024-11-29/15-58-26/25,25
1666,gaussian_linear,10000,3,SNPE,4228202716,0.52395,0.51865,0.0005694628,0.0005694628,1.4000247,0.5185,0.5265,0.0006867647,0.00064754486,1.404146,,17.649556477864582,8.050970437644358,6.044528778710139,10000.0,/home/aaiuser/results/benchmarking_sbi_023/multirun/2024-11-29/15-58-26/7,7
1667,gaussian_linear,1000,1,SNPE,389045459,0.694,0.66825,0.024501085,0.024484992,1.5489913,0.6555,0.649,0.02267301,0.022957802,1.5342662,,2.238752237955729,11.537930380008625,9.193044354507068,1000.0,/home/aaiuser/results/benchmarking_sbi_023/multirun/2024-11-29/15-58-26/0,0
1668,gaussian_linear,1000,6,SNPE,4207212939,0.6187,0.60345,0.0059536695,0.0059342384,1.349702,0.598,0.6155,0.005972147,0.005865574,1.3743441,,2.666534678141276,10.236846017827684,8.105875470130412,1000.0,/home/aaiuser/results/benchmarking_sbi_023/multirun/2024-11-29/15-58-26/15,15
1669,gaussian_linear,10000,7,SNPE,531031780,0.5295,0.5331,0.002058506,0.0020695925,1.380789,0.5425,0.534,0.0023469925,0.002413988,1.3762164,,16.092718505859374,9.080703727819778,7.049843730326626,10000.0,/home/aaiuser/results/benchmarking_sbi_023/multirun/2024-11-29/15-58-26/19,19
1670,gaussian_linear,1000,10,SNPE,3486272140,0.747,0.70415,0.040779114,0.04085493,1.568049,0.6955,0.679,0.041315675,0.041699648,1.5561984,,2.810156758626302,12.0475102902242,9.76869708189115,1000.0,/home/aaiuser/results/benchmarking_sbi_023/multirun/2024-11-29/15-58-26/27,27
1671,gaussian_linear,10000,1,SNPE,959874082,0.56695,0.55445,0.0021789074,0.0021793842,1.436156,0.5175,0.505,0.0013613701,0.0013495684,1.4400117,,15.830757649739583,9.231662138912856,6.939350259232701,10000.0,/home/aaiuser/results/benchmarking_sbi_023/multirun/2024-11-29/15-58-26/1,1
1672,gaussian_linear,1000,4,SNPE,2496944745,0.79175,0.74965,0.032317996,0.032417893,1.6153989,0.7315,0.7125,0.03302443,0.033274293,1.6225746,,4.101558939615885,11.85411846978177,9.558239924549936,1000.0,/home/aaiuser/results/benchmarking_sbi_023/multirun/2024-11-29/15-58-26/9,9
1673,gaussian_linear,1000,2,SNPE,854391911,0.68305,0.64055,0.020111442,0.020118237,1.4479735,0.618,0.637,0.0217911,0.02165854,1.4539845,,2.6718849182128905,11.35716061640663,9.177350335778499,1000.0,/home/aaiuser/results/benchmarking_sbi_023/multirun/2024-11-29/15-58-26/3,3
1674,bernoulli_glm_raw,1000,7,SNLE,305820150,0.9473,0.9326,0.19875002,0.19962525,4.8989797,0.9335,0.941,0.21444666,0.21687877,4.8989797,,88.12230631510417,11.516622323161517,9.203969420494685,1000.0,/home/aaiuser/results/benchmarking_sbi_023/multirun/2024-12-04/18-19-28/18,18
1675,bernoulli_glm_raw,100000,8,SNLE,834866999,0.97125,0.9649,0.72487575,0.55708957,3.3166249,0.9725,0.9645,0.7339043,0.57012737,3.3166249,,201.4056640625,11.425734042682508,9.086242288311785,100000.0,/home/aaiuser/results/benchmarking_sbi_023/multirun/2024-12-04/18-19-28/23,23
1676,bernoulli_glm_raw,10000,5,SNLE,2364287301,0.8905,0.8625,0.21589768,0.2048291,5.3851647,0.89,0.8795,0.22029936,0.21201992,5.3851647,,98.1088623046875,12.930603660975132,10.642037260937636,10000.0,/home/aaiuser/results/benchmarking_sbi_023/multirun/2024-12-04/18-19-28/13,13
1677,bernoulli_glm_raw,10000,8,SNLE,3243987544,0.98435,0.9814,0.8080913,0.67482406,3.4641016,0.9835,0.976,0.81172526,0.68252414,3.4641016,,94.80609537760417,11.281358284300815,8.999908767908225,10000.0,/home/aaiuser/results/benchmarking_sbi_023/multirun/2024-12-04/18-19-28/22,22
1678,bernoulli_glm_raw,1000,3,SNLE,882645794,0.9684,0.9597,0.450445,0.41897804,3.6055512,0.958,0.955,0.44573432,0.41554296,3.6055512,,87.3438232421875,11.93711340191572,9.632026275435896,1000.0,/home/aaiuser/results/benchmarking_sbi_023/multirun/2024-12-04/18-19-28/6,6
1679,bernoulli_glm_raw,10000,6,SNLE,3286323953,0.88915,0.85925,0.14832354,0.121895194,4.8989797,0.891,0.87,0.16382039,0.13495374,4.8989797,,92.90664876302084,11.698922093740215,9.417125572059609,10000.0,/home/aaiuser/results/benchmarking_sbi_023/multirun/2024-12-04/18-19-28/16,16
1680,bernoulli_glm_raw,100000,5,SNLE,3836123046,0.8553,0.81645,0.085636616,0.08051288,5.477226,0.8515,0.8285,0.08849394,0.08366728,5.477226,,203.39690755208332,13.045881821296879,10.709434975230145,100000.0,/home/aaiuser/results/benchmarking_sbi_023/multirun/2024-12-04/18-19-28/14,14
1681,bernoulli_glm_raw,10000,2,SNLE,1728703469,0.98615,0.98575,0.7849041,0.6963168,4.2426405,0.9865,0.9845,0.7810773,0.6950906,4.2426405,,97.46984049479167,12.225360042078568,9.941350373016462,10000.0,/home/aaiuser/results/benchmarking_sbi_023/multirun/2024-12-04/18-19-28/4,4
1682,bernoulli_glm_raw,100000,7,SNLE,3273683373,0.97365,0.96705,0.303553,0.29942048,4.8989797,0.9735,0.966,0.31953913,0.31315547,4.7958317,,207.52312825520832,13.014483022951035,10.718840529467087,100000.0,/home/aaiuser/results/benchmarking_sbi_023/multirun/2024-12-04/18-19-28/20,20
1683,bernoulli_glm_raw,10000,4,SNLE,479728571,0.99995,0.9999,1.0861931,1.1054921,3.3166249,1.0,1.0,1.1016423,1.1165289,3.3166249,,93.66903483072916,11.3422858873755,9.074547223509175,10000.0,/home/aaiuser/results/benchmarking_sbi_023/multirun/2024-12-04/18-19-28/10,10
1684,bernoulli_glm_raw,1000,9,SNLE,1229322063,0.98405,0.97795,0.51714337,0.51898474,3.4641016,0.984,0.9815,0.5156434,0.5233143,3.4641016,,84.4332763671875,10.55398711480505,8.237632610192613,1000.0,/home/aaiuser/results/benchmarking_sbi_023/multirun/2024-12-04/18-19-28/24,24
1685,bernoulli_glm_raw,1000,5,SNLE,2058463042,0.8516,0.8176,0.10878682,0.10781634,5.5677643,0.841,0.8415,0.11423135,0.11260772,5.5677643,,86.26407063802084,11.873445507035225,9.559446464287683,1000.0,/home/aaiuser/results/benchmarking_sbi_023/multirun/2024-12-04/18-19-28/12,12
1686,bernoulli_glm_raw,1000,8,SNLE,2435770410,0.99845,0.99935,0.9618368,0.91652405,3.6055512,0.999,0.997,0.95840585,0.90742123,3.6055512,,84.15514322916667,11.401359065924215,9.100419138705037,1000.0,/home/aaiuser/results/benchmarking_sbi_023/multirun/2024-12-04/18-19-28/21,21
1687,bernoulli_glm_raw,100000,1,SNLE,2458539495,0.9969,0.9973,0.93560165,0.83085275,3.4641016,0.992,0.9905,0.9040041,0.7959785,3.4641016,,192.89881184895833,12.42584945572646,10.140356241740372,100000.0,/home/aaiuser/results/benchmarking_sbi_023/multirun/2024-12-04/18-19-28/2,2
1688,bernoulli_glm_raw,10000,9,SNLE,2639299755,0.9733,0.96655,0.6075624,0.5771994,3.3166249,0.9685,0.968,0.6087687,0.5826695,3.3166249,,93.06050618489583,11.09741956641755,8.792804509555157,10000.0,/home/aaiuser/results/benchmarking_sbi_023/multirun/2024-12-04/18-19-28/25,25
1689,bernoulli_glm_raw,100000,2,SNLE,2337852372,0.99075,0.98955,0.8278065,0.74775916,4.2426405,0.9865,0.9875,0.82899994,0.75198144,4.2426405,,196.2533203125,13.02628154795498,10.73123052779367,100000.0,/home/aaiuser/results/benchmarking_sbi_023/multirun/2024-12-04/18-19-28/5,5
1690,bernoulli_glm_raw,10000,3,SNLE,960790880,0.99215,0.9916,0.94682467,0.90668416,3.3166249,0.989,0.9885,0.9455843,0.90493774,3.3166249,,94.4928466796875,11.427811552110946,9.152951802240633,10000.0,/home/aaiuser/results/benchmarking_sbi_023/multirun/2024-12-04/18-19-28/7,7
1691,bernoulli_glm_raw,1000,1,SNLE,2983179942,0.99765,0.99795,0.4754331,0.45987642,4.0,0.9965,0.9955,0.47920293,0.47312975,4.0,,87.74180501302084,12.197983466159616,9.871348481261744,1000.0,/home/aaiuser/results/benchmarking_sbi_023/multirun/2024-12-04/18-19-28/0,0
1692,bernoulli_glm_raw,100000,3,SNLE,1111176262,0.9784,0.97215,0.7319459,0.6699592,3.3166249,0.974,0.971,0.727136,0.6637707,3.4641016,,201.343994140625,11.593329830314667,9.29197980420631,100000.0,/home/aaiuser/results/benchmarking_sbi_023/multirun/2024-12-04/18-19-28/8,8
1693,bernoulli_glm_raw,100000,6,SNLE,1427179270,0.9503,0.93535,0.13274169,0.13576245,5.0,0.938,0.934,0.12397945,0.12813795,5.0990195,,206.51930338541666,12.939589974543313,10.65691077651906,100000.0,/home/aaiuser/results/benchmarking_sbi_023/multirun/2024-12-04/18-19-28/17,17
1694,bernoulli_glm_raw,1000,6,SNLE,1407223526,0.9824,0.98175,0.36809725,0.4034863,5.0,0.9805,0.98,0.37383664,0.40664238,5.0,,94.02391764322917,12.603215082761025,10.275082211933185,1000.0,/home/aaiuser/results/benchmarking_sbi_023/multirun/2024-12-04/18-19-28/15,15
1695,bernoulli_glm_raw,100000,4,SNLE,3605629201,0.9937,0.9926,0.89791214,0.76299703,3.3166249,0.993,0.995,0.8869784,0.76467144,3.3166249,,198.58225911458334,11.413764470286274,9.097916860875372,100000.0,/home/aaiuser/results/benchmarking_sbi_023/multirun/2024-12-04/18-19-28/11,11
1696,bernoulli_glm_raw,10000,7,SNLE,404985429,0.97285,0.964,0.2880196,0.2761212,4.7958317,0.9555,0.967,0.29936653,0.2841171,4.7958317,,98.49879557291666,13.01714756238797,10.721586368389794,10000.0,/home/aaiuser/results/benchmarking_sbi_023/multirun/2024-12-04/18-19-28/19,19
1697,bernoulli_glm_raw,10000,1,SNLE,2046779982,0.97725,0.97105,0.59034616,0.5747313,3.3166249,0.961,0.9615,0.54494584,0.5325722,3.3166249,,94.35387369791667,11.467535344097099,9.160374932441142,10000.0,/home/aaiuser/results/benchmarking_sbi_023/multirun/2024-12-04/18-19-28/1,1
1698,bernoulli_glm_raw,1000,4,SNLE,4147478693,0.99705,0.9965,1.0236858,0.9334996,3.3166249,0.997,0.9965,1.0261959,0.9337572,3.3166249,,84.8296142578125,11.13277511734171,8.828574890928476,1000.0,/home/aaiuser/results/benchmarking_sbi_023/multirun/2024-12-04/18-19-28/9,9
1699,bernoulli_glm_raw,100000,9,SNLE,3890500419,0.99475,0.99605,0.8340746,0.8091913,3.3166249,0.9915,0.994,0.83598113,0.8107812,3.3166249,,180.99876302083334,11.884228435729076,9.603147977479539,100000.0,/home/aaiuser/results/benchmarking_sbi_023/multirun/2024-12-04/18-19-28/26,26
1700,bernoulli_glm_raw,1000,2,SNLE,3626604894,0.99315,0.99025,0.7967342,0.7721447,4.582576,0.991,0.992,0.80579627,0.7818785,4.582576,,86.8195556640625,10.276699060694783,8.049803263475413,1000.0,/home/aaiuser/results/benchmarking_sbi_023/multirun/2024-12-04/18-19-28/3,3
1701,bernoulli_glm,1000,7,SNLE,1463491170,0.64085,0.6126,0.060558677,0.057356477,12.735365,0.6645,0.617,0.065680146,0.062373877,12.8273,,66.75585530598958,11.700135511935306,9.410849281624442,1000.0,/home/aaiuser/results/benchmarking_sbi_023/multirun/2024-12-04/07-56-13/18,18
1702,bernoulli_glm,100000,8,SNLE,1290149872,0.55445,0.54115,0.018020272,0.014259934,9.522616,0.5875,0.5765,0.018297315,0.013849735,9.4938545,,131.87757975260416,11.664302988866845,9.36343786882947,100000.0,/home/aaiuser/results/benchmarking_sbi_023/multirun/2024-12-04/07-56-13/23,23
1703,bernoulli_glm,10000,5,SNLE,2033333310,0.56505,0.552,0.016004443,0.015428066,15.3150015,0.59,0.5635,0.02003789,0.01885438,15.098537,,72.0014404296875,12.62667838691734,10.3544450439004,10000.0,/home/aaiuser/results/benchmarking_sbi_023/multirun/2024-12-04/07-56-13/13,13
1704,bernoulli_glm,10000,8,SNLE,2845295640,0.5718,0.55205,0.023558855,0.018617868,9.526502,0.599,0.56,0.031144619,0.023935676,9.47013,,70.1512451171875,11.599347259857149,9.276469814427063,10000.0,/home/aaiuser/results/benchmarking_sbi_023/multirun/2024-12-04/07-56-13/22,22
1705,bernoulli_glm,1000,3,SNLE,388656766,0.5693,0.5429,0.0021628141,0.0020632744,10.3282,0.5855,0.569,0.002154708,0.0021293163,10.239938,,64.34088541666667,11.93462133866878,9.589831183154063,1000.0,/home/aaiuser/results/benchmarking_sbi_023/multirun/2024-12-04/07-56-13/6,6
1706,bernoulli_glm,10000,6,SNLE,2723558795,0.57085,0.5585,0.026130438,0.022876382,13.11618,0.584,0.566,0.029027224,0.024522066,13.267092,,68.43814290364584,11.933888720621765,9.63053434254452,10000.0,/home/aaiuser/results/benchmarking_sbi_023/multirun/2024-12-04/07-56-13/16,16
1707,bernoulli_glm,100000,5,SNLE,2804145430,0.51415,0.5111,0.001611948,0.0015567541,15.2679615,0.5215,0.495,0.0019592047,0.0017660856,15.109528,,127.65068359375,12.759393921669432,10.455136086021955,100000.0,/home/aaiuser/results/benchmarking_sbi_023/multirun/2024-12-04/07-56-13/14,14
1708,bernoulli_glm,10000,2,SNLE,4180467978,0.58655,0.5732,0.0419209,0.03435719,11.23924,0.5865,0.575,0.034644365,0.028565407,11.551561,,67.36090087890625,11.907186912468845,9.595996776769708,10000.0,/home/aaiuser/results/benchmarking_sbi_023/multirun/2024-12-04/07-56-13/4,4
1709,bernoulli_glm,100000,7,SNLE,2823510043,0.5208,0.51285,0.0024689436,0.0024166107,13.02245,0.509,0.4925,0.0025924444,0.0024285316,12.900162,,132.1563720703125,11.798680932710441,9.50759914113215,100000.0,/home/aaiuser/results/benchmarking_sbi_023/multirun/2024-12-04/07-56-13/20,20
1710,bernoulli_glm,10000,4,SNLE,2883462986,0.6008,0.5814,0.007286191,0.0071645975,9.702913,0.6385,0.596,0.010349035,0.011054754,9.79019,,71.583154296875,12.61871351285243,10.317702931779761,10000.0,/home/aaiuser/results/benchmarking_sbi_023/multirun/2024-12-04/07-56-13/10,10
1711,bernoulli_glm,1000,9,SNLE,3102265711,0.5827,0.5553,0.0066918135,0.0066109896,9.235592,0.5825,0.5375,0.0049591064,0.004989028,9.518772,,64.1586669921875,11.69605985798996,9.380610518027021,1000.0,/home/aaiuser/results/benchmarking_sbi_023/multirun/2024-12-04/07-56-13/24,24
1712,bernoulli_glm,1000,5,SNLE,2501227560,0.62375,0.6045,0.021632552,0.021028876,15.124483,0.6425,0.619,0.020177603,0.019167066,15.122986,,64.27037760416667,12.807563587504344,10.540826260616315,1000.0,/home/aaiuser/results/benchmarking_sbi_023/multirun/2024-12-04/07-56-13/12,12
1713,bernoulli_glm,1000,8,SNLE,3436812613,0.61095,0.5917,0.01371336,0.013295412,9.828552,0.6045,0.569,0.013136268,0.012176275,9.853676,,63.68817952473958,11.389152814832851,9.133361806686507,1000.0,/home/aaiuser/results/benchmarking_sbi_023/multirun/2024-12-04/07-56-13/21,21
1714,bernoulli_glm,100000,1,SNLE,1144885836,0.54505,0.5329,0.016963124,0.014064908,9.0201,0.523,0.5005,0.007383108,0.0062087774,9.006516,,139.66097005208334,10.9302080397343,8.581085635140736,100000.0,/home/aaiuser/results/benchmarking_sbi_023/multirun/2024-12-04/07-56-13/2,2
1715,bernoulli_glm,10000,9,SNLE,2672635907,0.567,0.54705,0.0197016,0.015924215,9.364655,0.566,0.5425,0.021180391,0.01692319,9.378786,,68.84768880208334,11.45254043944831,9.14986622008858,10000.0,/home/aaiuser/results/benchmarking_sbi_023/multirun/2024-12-04/07-56-13/25,25
1716,bernoulli_glm,100000,2,SNLE,3747293016,0.54215,0.5287,0.011312008,0.008746624,11.49139,0.547,0.5245,0.013887167,0.010789871,11.401736,,127.93326822916667,11.85479780901602,9.571371553718084,100000.0,/home/aaiuser/results/benchmarking_sbi_023/multirun/2024-12-04/07-56-13/5,5
1717,bernoulli_glm,10000,3,SNLE,3939353341,0.54675,0.5377,0.0047507286,0.004556775,10.141474,0.5425,0.549,0.0062869787,0.006121278,10.058007,,68.02908935546876,11.973753817305877,9.665312974212702,10000.0,/home/aaiuser/results/benchmarking_sbi_023/multirun/2024-12-04/07-56-13/7,7
1718,bernoulli_glm,1000,1,SNLE,3537885285,0.5795,0.5628,0.004707575,0.004572749,9.180054,0.588,0.5635,0.002188921,0.0026378632,9.218107,,65.06934407552083,10.790142037169952,8.471694653894893,1000.0,/home/aaiuser/results/benchmarking_sbi_023/multirun/2024-12-04/07-56-13/0,0
1719,bernoulli_glm,100000,3,SNLE,583081219,0.55765,0.529,0.012569666,0.011537313,10.041497,0.544,0.521,0.012857556,0.011726975,9.988815,,143.627099609375,11.964742656431632,9.680931453637955,100000.0,/home/aaiuser/results/benchmarking_sbi_023/multirun/2024-12-04/07-56-13/8,8
1720,bernoulli_glm,100000,6,SNLE,2153077830,0.53685,0.5215,0.0061398745,0.005762577,13.269226,0.519,0.514,0.010407686,0.009027481,13.350891,,131.70415852864582,12.032686231192653,9.745902548830562,100000.0,/home/aaiuser/results/benchmarking_sbi_023/multirun/2024-12-04/07-56-13/17,17
1721,bernoulli_glm,1000,6,SNLE,3343597494,0.6721,0.6277,0.07205331,0.06635094,12.969209,0.675,0.651,0.08103466,0.07277858,12.78046,,65.12828776041667,11.781328306629979,9.53647449685265,1000.0,/home/aaiuser/results/benchmarking_sbi_023/multirun/2024-12-04/07-56-13/15,15
1722,bernoulli_glm,100000,4,SNLE,2415802496,0.60805,0.582,0.0052275658,0.006355047,9.916449,0.6175,0.585,0.0047695637,0.005911231,9.851183,,134.07225748697917,12.504022622165751,10.220998075337153,100000.0,/home/aaiuser/results/benchmarking_sbi_023/multirun/2024-12-04/07-56-13/11,11
1723,bernoulli_glm,10000,7,SNLE,4266156324,0.5832,0.56515,0.02927196,0.02741313,12.487384,0.585,0.5705,0.026885629,0.024929047,12.519979,,70.47879231770834,11.932416416120851,9.59550650963028,10000.0,/home/aaiuser/results/benchmarking_sbi_023/multirun/2024-12-04/07-56-13/19,19
1724,bernoulli_glm,10000,1,SNLE,915734136,0.6211,0.58075,0.045478106,0.038437605,8.804977,0.6115,0.574,0.029700875,0.024818659,8.8616085,,70.88687337239584,10.753431964856064,8.49081348648557,10000.0,/home/aaiuser/results/benchmarking_sbi_023/multirun/2024-12-04/07-56-13/1,1
1725,bernoulli_glm,1000,4,SNLE,1283159829,0.6335,0.5935,0.008006334,0.009266973,10.25378,0.6295,0.601,0.00803256,0.0100620985,10.280727,,65.25404052734375,12.050433116249746,9.80244536612538,1000.0,/home/aaiuser/results/benchmarking_sbi_023/multirun/2024-12-04/07-56-13/9,9
1726,bernoulli_glm,100000,9,SNLE,4088209055,0.52615,0.51215,0.004598379,0.0038501024,9.469965,0.512,0.536,0.0027198792,0.002059698,9.563084,,131.74822591145832,11.444004126639005,9.151836194178468,100000.0,/home/aaiuser/results/benchmarking_sbi_023/multirun/2024-12-04/07-56-13/26,26
1727,bernoulli_glm,1000,2,SNLE,849996999,0.69595,0.65515,0.089465916,0.07687211,11.11964,0.674,0.6425,0.0844177,0.07204759,11.013596,,62.22236328125,11.7570337915544,9.47431403297772,1000.0,/home/aaiuser/results/benchmarking_sbi_023/multirun/2024-12-04/07-56-13/3,3
1728,bernoulli_glm_raw,1000,7,SNRE,3743138708,0.98195,0.9785,0.49787754,0.5317364,5.196152,0.9735,0.977,0.49853694,0.53369534,5.196152,,37.27268880208333,11.39742987361718,9.116375292119173,1000.0,/home/aaiuser/results/benchmarking_sbi_023/multirun/2024-12-05/17-03-40/18,18
1729,bernoulli_glm_raw,100000,8,SNRE,1058125438,0.566,0.54965,0.011148334,0.008460999,3.7416575,0.537,0.5415,0.008579135,0.0069773197,3.7416575,,137.67586263020834,11.474681446695183,9.185612543765748,100000.0,/home/aaiuser/results/benchmarking_sbi_023/multirun/2024-12-05/17-03-40/23,23
1730,bernoulli_glm_raw,10000,5,SNRE,3071699604,0.81455,0.7778,0.07458311,0.07804966,5.656854,0.8165,0.792,0.076470375,0.080877066,5.656854,,43.394917805989586,11.767986122917542,9.465156606215876,10000.0,/home/aaiuser/results/benchmarking_sbi_023/multirun/2024-12-05/17-03-40/13,13
1731,bernoulli_glm_raw,10000,8,SNRE,3084894937,0.677,0.6428,0.030340552,0.030221581,3.7416575,0.6825,0.6475,0.031832695,0.031303406,3.7416575,,44.45138346354167,11.778854138607748,9.47529619852081,10000.0,/home/aaiuser/results/benchmarking_sbi_023/multirun/2024-12-05/17-03-40/22,22
1732,bernoulli_glm_raw,1000,3,SNRE,2805444700,0.8645,0.82235,0.07404971,0.07265961,3.7416575,0.8475,0.8265,0.07425022,0.07373476,3.7416575,,39.619746907552084,11.221412517410837,8.943511041923331,1000.0,/home/aaiuser/results/benchmarking_sbi_023/multirun/2024-12-05/17-03-40/6,6
1733,bernoulli_glm_raw,10000,6,SNRE,3360049209,0.76845,0.7251,0.032065034,0.033938885,5.0990195,0.7625,0.7195,0.032321215,0.03347349,5.0990195,,42.63236083984375,11.026964569063228,8.70694677879213,10000.0,/home/aaiuser/results/benchmarking_sbi_023/multirun/2024-12-05/17-03-40/16,16
1734,bernoulli_glm_raw,100000,5,SNRE,2907214802,0.59455,0.5723,0.009962201,0.009762645,5.5677643,0.611,0.6005,0.0110993385,0.010669112,5.5677643,,150.10935872395834,12.562999117832995,10.24417347054827,100000.0,/home/aaiuser/results/benchmarking_sbi_023/multirun/2024-12-05/17-03-40/14,14
1735,bernoulli_glm_raw,10000,2,SNRE,3898253119,0.7035,0.6655,0.054952025,0.045603633,4.690416,0.69,0.6765,0.05686283,0.047615528,4.690416,,42.09750569661458,11.563950368344132,9.245684735631228,10000.0,/home/aaiuser/results/benchmarking_sbi_023/multirun/2024-12-05/17-03-40/4,4
1736,bernoulli_glm_raw,100000,7,SNRE,3123243206,0.57215,0.56405,0.013491273,0.01340723,4.7958317,0.572,0.5615,0.014923334,0.014598727,4.7958317,,144.23533528645834,11.637895236287967,9.409552804689863,100000.0,/home/aaiuser/results/benchmarking_sbi_023/multirun/2024-12-05/17-03-40/20,20
1737,bernoulli_glm_raw,10000,4,SNRE,3734109559,0.68815,0.6566,0.035980582,0.038609505,3.6055512,0.6885,0.67,0.040885925,0.04128933,3.6055512,,42.844889322916664,12.068109676531636,9.697967110485449,10000.0,/home/aaiuser/results/benchmarking_sbi_023/multirun/2024-12-05/17-03-40/10,10
1738,bernoulli_glm_raw,1000,9,SNRE,369613698,0.85065,0.80435,0.04749012,0.0483104,3.3166249,0.836,0.8065,0.047757626,0.04882288,3.3166249,,38.313358561197916,11.937189755916064,9.586325586729414,1000.0,/home/aaiuser/results/benchmarking_sbi_023/multirun/2024-12-05/17-03-40/24,24
1739,bernoulli_glm_raw,1000,5,SNRE,4214075245,0.95835,0.94755,0.32175654,0.29940856,5.656854,0.951,0.9505,0.32327753,0.2968405,5.656854,,39.01924235026042,11.25888446582814,8.973401045054406,1000.0,/home/aaiuser/results/benchmarking_sbi_023/multirun/2024-12-05/17-03-40/12,12
1740,bernoulli_glm_raw,1000,8,SNRE,3500823343,0.8378,0.8035,0.14175093,0.10822427,3.8729835,0.8435,0.824,0.13276267,0.10200763,3.8729835,,38.90109049479167,11.95273937361228,9.766509484085635,1000.0,/home/aaiuser/results/benchmarking_sbi_023/multirun/2024-12-05/17-03-40/21,21
1741,bernoulli_glm_raw,100000,1,SNRE,2281814319,0.5555,0.54265,0.006655097,0.0057828426,3.6055512,0.543,0.5575,0.0093925,0.0075279474,3.6055512,,152.13963216145834,10.671882733741729,8.389526260599787,100000.0,/home/aaiuser/results/benchmarking_sbi_023/multirun/2024-12-05/17-03-40/2,2
1742,bernoulli_glm_raw,10000,9,SNRE,855220748,0.63295,0.6111,0.037899494,0.027819633,3.4641016,0.6545,0.6165,0.04855287,0.034966826,3.4641016,,43.281062825520834,11.257004686587035,8.896287588714474,10000.0,/home/aaiuser/results/benchmarking_sbi_023/multirun/2024-12-05/17-03-40/25,25
1743,bernoulli_glm_raw,100000,2,SNRE,3847380477,0.5995,0.5811,0.012304902,0.014501095,4.582576,0.6075,0.589,0.014225602,0.01603496,4.582576,,145.215380859375,11.71709399586719,9.420811405044878,100000.0,/home/aaiuser/results/benchmarking_sbi_023/multirun/2024-12-05/17-03-40/5,5
1744,bernoulli_glm_raw,10000,3,SNRE,3242310052,0.7112,0.6663,0.020944,0.017830491,3.7416575,0.697,0.6515,0.020677805,0.017616749,3.7416575,,42.41002197265625,11.144215677662357,8.794454101691176,10000.0,/home/aaiuser/results/benchmarking_sbi_023/multirun/2024-12-05/17-03-40/7,7
1745,bernoulli_glm_raw,1000,1,SNRE,879158517,0.8338,0.77935,0.06635296,0.059925795,3.7416575,0.803,0.8,0.07617915,0.066848755,3.7416575,,37.669620768229166,10.363558578896555,8.051674529651173,1000.0,/home/aaiuser/results/benchmarking_sbi_023/multirun/2024-12-05/17-03-40/0,0
1746,bernoulli_glm_raw,100000,3,SNRE,2907370954,0.56115,0.54985,0.0071843863,0.0066791773,3.7416575,0.5545,0.5255,0.0043045282,0.0040426254,3.7416575,,138.23287760416667,11.728669265534625,9.408703160814934,100000.0,/home/aaiuser/results/benchmarking_sbi_023/multirun/2024-12-05/17-03-40/8,8
1747,bernoulli_glm_raw,100000,6,SNRE,2517041055,0.61745,0.5899,0.017403722,0.018367887,5.0,0.6285,0.5885,0.0193156,0.019799113,5.0,,146.75013020833333,11.857794846677814,9.514220937569613,100000.0,/home/aaiuser/results/benchmarking_sbi_023/multirun/2024-12-05/17-03-40/17,17
1748,bernoulli_glm_raw,1000,6,SNRE,520667862,0.935,0.92015,0.19936746,0.2220357,5.196152,0.927,0.9225,0.19892508,0.22125858,5.196152,,37.30312906901042,11.039653620923842,8.80280647540009,1000.0,/home/aaiuser/results/benchmarking_sbi_023/multirun/2024-12-05/17-03-40/15,15
1749,bernoulli_glm_raw,100000,4,SNRE,4052543733,0.5996,0.5754,0.04529369,0.029889822,3.6055512,0.585,0.5745,0.042954803,0.027667642,3.6055512,,147.02062174479167,12.211764714922555,9.944098884868662,100000.0,/home/aaiuser/results/benchmarking_sbi_023/multirun/2024-12-05/17-03-40/11,11
1750,bernoulli_glm_raw,10000,7,SNRE,898512468,0.7077,0.6668,0.03837335,0.038842916,4.8989797,0.704,0.6445,0.038769603,0.03943062,4.8989797,,42.58464762369792,10.736724991134963,8.485626773261814,10000.0,/home/aaiuser/results/benchmarking_sbi_023/multirun/2024-12-05/17-03-40/19,19
1751,bernoulli_glm_raw,10000,1,SNRE,1267382177,0.682,0.62835,0.022318363,0.018758535,3.6055512,0.6645,0.634,0.028635263,0.023552537,3.6055512,,42.01728515625,10.548202788508345,8.249540570207342,10000.0,/home/aaiuser/results/benchmarking_sbi_023/multirun/2024-12-05/17-03-40/1,1
1752,bernoulli_glm_raw,1000,4,SNRE,3817687475,0.87175,0.83435,0.090809226,0.10227573,3.6055512,0.839,0.827,0.08646619,0.09791052,3.4641016,,40.720027669270834,11.386869717096287,9.19420052251184,1000.0,/home/aaiuser/results/benchmarking_sbi_023/multirun/2024-12-05/17-03-40/9,9
1753,bernoulli_glm_raw,100000,9,SNRE,2405478146,0.5731,0.5569,0.0133395195,0.010257721,3.3166249,0.5595,0.5415,0.010316968,0.006991625,3.3166249,,148.81531575520833,11.27232734002296,8.880558016118702,100000.0,/home/aaiuser/results/benchmarking_sbi_023/multirun/2024-12-05/17-03-40/26,26
1754,bernoulli_glm_raw,1000,2,SNRE,4086840384,0.81735,0.77965,0.077210784,0.07737398,4.582576,0.7965,0.773,0.07031423,0.07097173,4.582576,,38.586283365885414,10.475846091377665,8.166644813117456,1000.0,/home/aaiuser/results/benchmarking_sbi_023/multirun/2024-12-05/17-03-40/3,3
1755,bernoulli_glm,1000,7,SNRE,3626605317,0.7714,0.7142,0.085199,0.07624483,12.286722,0.764,0.7315,0.08383286,0.075576305,12.265915,,39.91825764973958,11.570358306706952,9.275221990499114,1000.0,/home/aaiuser/results/benchmarking_sbi_023/multirun/2024-12-05/07-37-43/18,18
1756,bernoulli_glm,100000,8,SNRE,1052172932,0.5397,0.5426,0.0068354607,0.0054973364,10.167229,0.5545,0.531,0.0039970875,0.0030339956,10.002449,,138.06857096354167,11.696796154571445,9.392252178167157,100000.0,/home/aaiuser/results/benchmarking_sbi_023/multirun/2024-12-05/07-37-43/23,23
1757,bernoulli_glm,10000,5,SNRE,1827171047,0.5857,0.5684,0.005058646,0.0048075914,16.122993,0.5705,0.548,0.004134655,0.0041344166,15.889685,,41.79696858723958,12.552996996566785,10.236750537871998,10000.0,/home/aaiuser/results/benchmarking_sbi_023/multirun/2024-12-05/07-37-43/13,13
1758,bernoulli_glm,10000,8,SNRE,719848370,0.58605,0.57315,0.01777935,0.013775706,10.297544,0.5805,0.563,0.013271928,0.011288166,10.355727,,43.250309244791666,11.661516455469668,9.430590942654383,10000.0,/home/aaiuser/results/benchmarking_sbi_023/multirun/2024-12-05/07-37-43/22,22
1759,bernoulli_glm,1000,3,SNRE,166676570,0.72835,0.68125,0.025440574,0.022302628,11.003231,0.73,0.675,0.024293184,0.021350026,10.961739,,36.05365804036458,11.023488138765147,8.704604224824179,1000.0,/home/aaiuser/results/benchmarking_sbi_023/multirun/2024-12-05/07-37-43/6,6
1760,bernoulli_glm,10000,6,SNRE,1567440251,0.5629,0.55025,0.0060127974,0.0053504705,13.328488,0.526,0.5305,0.008647084,0.0070176125,13.4046135,,41.59510091145833,11.948900702599886,9.69458221752485,10000.0,/home/aaiuser/results/benchmarking_sbi_023/multirun/2024-12-05/07-37-43/16,16
1761,bernoulli_glm,100000,5,SNRE,1809073904,0.5378,0.5303,0.002313614,0.0024789572,16.224396,0.54,0.5505,0.003229022,0.003623128,16.238976,,141.92576497395834,12.44397822004526,10.130231654082776,100000.0,/home/aaiuser/results/benchmarking_sbi_023/multirun/2024-12-05/07-37-43/14,14
1762,bernoulli_glm,10000,2,SNRE,1093297257,0.57475,0.557,0.0030230284,0.0031410456,11.926311,0.5735,0.54,0.003422618,0.003019929,12.057971,,41.97583821614583,11.807548989701056,9.514242928207947,10000.0,/home/aaiuser/results/benchmarking_sbi_023/multirun/2024-12-05/07-37-43/4,4
1763,bernoulli_glm,100000,7,SNRE,1149932327,0.54595,0.5389,0.0060961246,0.006121993,13.114113,0.531,0.521,0.005705118,0.005810499,13.155985,,137.28181966145834,11.765255943563817,9.459748139289303,100000.0,/home/aaiuser/results/benchmarking_sbi_023/multirun/2024-12-05/07-37-43/20,20
1764,bernoulli_glm,10000,4,SNRE,1361457326,0.6698,0.63555,0.10672116,0.07915151,10.773364,0.6905,0.669,0.12610078,0.092904925,10.862363,,42.80660807291667,12.04213223561942,9.685587169261693,10000.0,/home/aaiuser/results/benchmarking_sbi_023/multirun/2024-12-05/07-37-43/10,10
1765,bernoulli_glm,1000,9,SNRE,3973895330,0.7251,0.68215,0.019413233,0.0145817995,10.46429,0.686,0.6615,0.019064307,0.0136089325,10.543477,,39.56534016927083,10.949251056967618,8.658894990183203,1000.0,/home/aaiuser/results/benchmarking_sbi_023/multirun/2024-12-05/07-37-43/24,24
1766,bernoulli_glm,1000,5,SNRE,74014812,0.7322,0.69515,0.046290398,0.046901345,16.850922,0.7385,0.7255,0.04494369,0.04603052,16.937223,,38.432759602864586,12.300260331938079,9.987805355109131,1000.0,/home/aaiuser/results/benchmarking_sbi_023/multirun/2024-12-05/07-37-43/12,12
1767,bernoulli_glm,1000,8,SNRE,422809831,0.72305,0.69335,0.08394635,0.06982601,11.177164,0.6935,0.686,0.074863315,0.062488437,11.192879,,39.82427164713542,11.324363396626019,9.073108885295799,1000.0,/home/aaiuser/results/benchmarking_sbi_023/multirun/2024-12-05/07-37-43/21,21
1768,bernoulli_glm,100000,1,SNRE,23450466,0.53345,0.5275,0.0002771616,0.00024962425,9.44517,0.5285,0.54,0.0044050217,0.0040831566,9.53108,,165.19166666666666,10.770857961770606,8.484937608528343,100000.0,/home/aaiuser/results/benchmarking_sbi_023/multirun/2024-12-05/07-37-43/2,2
1769,bernoulli_glm,10000,9,SNRE,609523179,0.6398,0.6074,0.06562853,0.052072406,10.239382,0.6465,0.5925,0.06350827,0.0511477,10.039539,,41.599894205729164,11.38550019199499,9.124635413976797,10000.0,/home/aaiuser/results/benchmarking_sbi_023/multirun/2024-12-05/07-37-43/25,25
1770,bernoulli_glm,100000,2,SNRE,2590374535,0.533,0.5252,0.0037947893,0.0028067827,11.816282,0.5375,0.5145,0.0026669502,0.0018229485,11.85989,,150.61619466145834,11.777278903564568,9.479962083503905,100000.0,/home/aaiuser/results/benchmarking_sbi_023/multirun/2024-12-05/07-37-43/5,5
1771,bernoulli_glm,10000,3,SNRE,1082403291,0.64065,0.61015,0.04244733,0.038184524,11.1054735,0.638,0.598,0.042877197,0.037994027,11.097622,,42.98393961588542,11.732711305477476,9.432304267770338,10000.0,/home/aaiuser/results/benchmarking_sbi_023/multirun/2024-12-05/07-37-43/7,7
1772,bernoulli_glm,1000,1,SNRE,2008820343,0.7367,0.6954,0.06899822,0.05560553,9.753104,0.73,0.675,0.088498235,0.07293761,9.60117,,37.453837076822914,10.803201322656696,8.508770822634249,1000.0,/home/aaiuser/results/benchmarking_sbi_023/multirun/2024-12-05/07-37-43/0,0
1773,bernoulli_glm,100000,3,SNRE,3179080510,0.556,0.54515,0.005910158,0.0053675175,10.651967,0.552,0.5465,0.005843878,0.005506754,10.53009,,155.78956705729166,11.858645098032495,9.602852551944258,100000.0,/home/aaiuser/results/benchmarking_sbi_023/multirun/2024-12-05/07-37-43/8,8
1774,bernoulli_glm,100000,6,SNRE,2068717423,0.5294,0.52745,0.0013477802,0.0011577606,13.467396,0.506,0.5045,0.0002168417,0.000172019,13.369033,,162.48938802083333,11.95187815241268,9.657450687671727,100000.0,/home/aaiuser/results/benchmarking_sbi_023/multirun/2024-12-05/07-37-43/17,17
1775,bernoulli_glm,1000,6,SNRE,2811681313,0.7311,0.68875,0.019994736,0.022636771,13.18201,0.7375,0.666,0.020461917,0.023072362,13.172743,,38.70932210286458,12.134965665890567,9.820926042007038,1000.0,/home/aaiuser/results/benchmarking_sbi_023/multirun/2024-12-05/07-37-43/15,15
1776,bernoulli_glm,100000,4,SNRE,3886153735,0.60845,0.58125,0.05484855,0.038837194,10.627331,0.613,0.61,0.0643599,0.045898676,10.711261,,160.041943359375,12.08059178877715,9.789234952551373,100000.0,/home/aaiuser/results/benchmarking_sbi_023/multirun/2024-12-05/07-37-43/11,11
1777,bernoulli_glm,10000,7,SNRE,1507811541,0.58675,0.55745,0.017695665,0.017109752,12.539677,0.6155,0.5805,0.02306056,0.02260387,12.42495,,42.700748697916666,11.901231528436426,9.599586934287885,10000.0,/home/aaiuser/results/benchmarking_sbi_023/multirun/2024-12-05/07-37-43/19,19
1778,bernoulli_glm,10000,1,SNRE,391536071,0.5997,0.57445,0.02340746,0.019787908,9.837355,0.598,0.5665,0.029354334,0.02493298,9.685968,,42.03287353515625,10.655391894646453,8.430913582982313,10000.0,/home/aaiuser/results/benchmarking_sbi_023/multirun/2024-12-05/07-37-43/1,1
1779,bernoulli_glm,1000,4,SNRE,1262584834,0.8756,0.8447,0.3470472,0.2379241,11.615534,0.875,0.8465,0.3698085,0.25596392,11.66728,,35.35888671875,11.729713341706017,9.310482405008123,1000.0,/home/aaiuser/results/benchmarking_sbi_023/multirun/2024-12-05/07-37-43/9,9
1780,bernoulli_glm,100000,9,SNRE,4210643253,0.55555,0.55255,0.02216971,0.01743126,10.076447,0.5515,0.525,0.02085805,0.016869307,10.137715,,146.59881184895832,11.294170395169429,9.037410851604198,100000.0,/home/aaiuser/results/benchmarking_sbi_023/multirun/2024-12-05/07-37-43/26,26
1781,bernoulli_glm,1000,2,SNRE,1921444071,0.67995,0.6569,0.024984837,0.022828102,12.271145,0.645,0.6285,0.025276423,0.02274251,12.437001,,35.13802490234375,11.87882549663888,9.586515348414299,1000.0,/home/aaiuser/results/benchmarking_sbi_023/multirun/2024-12-05/07-37-43/3,3
1782,two_moons,1000,7,SNRE,2852946268,0.5985,0.667,0.013142467,0.013170123,0.08489777,0.5535,0.653,0.02039218,0.020420313,0.08928493,,9.581739298502605,inf,inf,1000.0,/home/aaiuser/results/benchmarking_sbi_023/multirun/2024-12-03/22-52-04/18,18
1783,two_moons,100000,8,SNRE,825718722,0.5255,0.5604,0.0034912825,0.0034981966,0.088846155,0.4895,0.563,-0.00011074543,-0.00010919571,0.085876524,,120.9614501953125,inf,inf,100000.0,/home/aaiuser/results/benchmarking_sbi_023/multirun/2024-12-03/22-52-04/23,23
1784,two_moons,10000,5,SNRE,36069468,0.6286,0.62365,0.007187009,0.007187724,0.08588239,0.536,0.533,-0.00027632713,-0.00027680397,0.08315179,,11.448579915364583,inf,inf,10000.0,/home/aaiuser/results/benchmarking_sbi_023/multirun/2024-12-03/22-52-04/13,13
1785,two_moons,10000,8,SNRE,1648282655,0.6222,0.65875,0.0037913322,0.0038040876,0.08449367,0.578,0.644,0.0022500753,0.0022710562,0.086482614,,11.981154378255209,,,10000.0,/home/aaiuser/results/benchmarking_sbi_023/multirun/2024-12-03/22-52-04/22,22
1786,two_moons,1000,3,SNRE,1847908889,0.60265,0.65985,0.02869618,0.028700113,0.08554886,0.654,0.687,0.102651596,0.10274315,0.08691132,,8.939851888020833,inf,inf,1000.0,/home/aaiuser/results/benchmarking_sbi_023/multirun/2024-12-03/22-52-04/6,6
1787,two_moons,10000,6,SNRE,2074881545,0.53415,0.549,0.0016713142,0.0016720295,0.085796036,0.549,0.5685,0.0094002485,0.00939405,0.085279666,,13.250614420572917,inf,inf,10000.0,/home/aaiuser/results/benchmarking_sbi_023/multirun/2024-12-03/22-52-04/16,16
1788,two_moons,100000,5,SNRE,1551611819,0.5,0.5012,0.00024306774,0.00024306774,0.09067531,0.5555,0.5555,0.009964824,0.0099647045,0.0979593,,112.34374186197917,inf,inf,100000.0,/home/aaiuser/results/benchmarking_sbi_023/multirun/2024-12-03/22-52-04/14,14
1789,two_moons,10000,2,SNRE,3738155840,0.55745,0.54995,0.008322835,0.008321166,0.084778965,0.548,0.548,0.0073410273,0.0073410273,0.08807602,,11.27218017578125,inf,inf,10000.0,/home/aaiuser/results/benchmarking_sbi_023/multirun/2024-12-03/22-52-04/4,4
1790,two_moons,100000,7,SNRE,4004092324,0.5036,0.5562,0.00058555603,0.00058555603,0.090443045,0.488,0.539,-6.3061714e-05,-6.16312e-05,0.09598425,,91.83605143229167,inf,inf,100000.0,/home/aaiuser/results/benchmarking_sbi_023/multirun/2024-12-03/22-52-04/20,20
1791,two_moons,10000,4,SNRE,133582732,0.565,0.5686,0.01659888,0.016602457,0.08760617,0.4655,0.514,-0.00035345554,-0.00035333633,0.08904211,,11.940582275390625,inf,inf,10000.0,/home/aaiuser/results/benchmarking_sbi_023/multirun/2024-12-03/22-52-04/10,10
1792,two_moons,1000,9,SNRE,1328896043,0.60455,0.6271,0.0061070323,0.006106198,0.08586778,0.697,0.6985,0.19683254,0.19682378,0.08368741,,8.636289469401042,inf,inf,1000.0,/home/aaiuser/results/benchmarking_sbi_023/multirun/2024-12-03/22-52-04/24,24
1793,two_moons,1000,5,SNRE,860626615,0.66775,0.6719,0.0024136305,0.0024141073,0.08424277,0.6645,0.6595,-0.00020086765,-0.00020170212,0.08430957,,8.410735066731771,inf,inf,1000.0,/home/aaiuser/results/benchmarking_sbi_023/multirun/2024-12-03/22-52-04/12,12
1794,two_moons,1000,8,SNRE,1984688281,0.53795,0.6291,0.0021909475,0.002200365,0.0872144,0.546,0.638,0.013446212,0.013393402,0.086240485,,8.677119954427083,inf,inf,1000.0,/home/aaiuser/results/benchmarking_sbi_023/multirun/2024-12-03/22-52-04/21,21
1795,two_moons,100000,1,SNRE,347408003,0.68085,0.6877,0.002254486,0.0022547245,0.081649035,0.5485,0.657,0.007570863,0.0075695515,0.081572965,,115.536474609375,inf,inf,100000.0,/home/aaiuser/results/benchmarking_sbi_023/multirun/2024-12-03/22-52-04/2,2
1796,two_moons,10000,9,SNRE,118203538,0.5233,0.5245,0.00030434132,0.00030452013,0.08744219,0.5905,0.5915,0.05893618,0.05893445,0.08956506,,11.921092732747395,inf,inf,10000.0,/home/aaiuser/results/benchmarking_sbi_023/multirun/2024-12-03/22-52-04/25,25
1797,two_moons,100000,2,SNRE,3274603896,0.53395,0.53485,0.0042696,0.0042688847,0.08596319,0.552,0.552,0.008878231,0.008876801,0.08592987,,154.994140625,inf,inf,100000.0,/home/aaiuser/results/benchmarking_sbi_023/multirun/2024-12-03/22-52-04/5,5
1798,two_moons,10000,3,SNRE,617198406,0.5191,0.53225,0.0011965036,0.0011965036,0.091082506,0.546,0.5545,0.009356737,0.009348035,0.089816555,,12.028463745117188,inf,inf,10000.0,/home/aaiuser/results/benchmarking_sbi_023/multirun/2024-12-03/22-52-04/7,7
1799,two_moons,1000,1,SNRE,327488933,0.6223,0.63155,0.017091155,0.017090082,0.085762285,0.5515,0.5535,0.008846998,0.008844495,0.090675004,,8.49700673421224,inf,inf,1000.0,/home/aaiuser/results/benchmarking_sbi_023/multirun/2024-12-03/22-52-04/0,0
1800,two_moons,100000,3,SNRE,1132532612,0.5491,0.55525,0.009742975,0.009743333,0.08616662,0.554,0.5655,0.010879397,0.010892153,0.08670337,,119.12359212239583,inf,inf,100000.0,/home/aaiuser/results/benchmarking_sbi_023/multirun/2024-12-03/22-52-04/8,8
1801,two_moons,100000,6,SNRE,3648253674,0.5099,0.523,-2.2292137e-05,-2.2292137e-05,0.08763684,0.4835,0.5045,-0.0004118681,-0.0004118681,0.085503206,,137.55187174479167,inf,inf,100000.0,/home/aaiuser/results/benchmarking_sbi_023/multirun/2024-12-03/22-52-04/17,17
1802,two_moons,1000,6,SNRE,1062085819,0.62025,0.6635,0.0024660826,0.0024662018,0.082671955,0.611,0.647,0.038615108,0.038612723,0.08107899,,9.343650309244792,inf,inf,1000.0,/home/aaiuser/results/benchmarking_sbi_023/multirun/2024-12-03/22-52-04/15,15
1803,two_moons,100000,4,SNRE,1424686923,0.5308,0.539,0.002945125,0.0029487014,0.087979876,0.5495,0.548,0.0084114075,0.008407116,0.08885367,,123.71675618489583,inf,inf,100000.0,/home/aaiuser/results/benchmarking_sbi_023/multirun/2024-12-03/22-52-04/11,11
1804,two_moons,10000,7,SNRE,3580813612,0.5347,0.6052,0.0053135157,0.005313754,0.088900834,0.4995,0.5545,0.0013935566,0.0013920069,0.08813235,,11.065821329752604,inf,inf,10000.0,/home/aaiuser/results/benchmarking_sbi_023/multirun/2024-12-03/22-52-04/19,19
1805,two_moons,10000,1,SNRE,692996639,0.5856,0.59825,3.4213066e-05,3.4332275e-05,0.08343073,0.5485,0.5485,0.0075992346,0.0075980425,0.084448144,,11.107070922851562,inf,inf,10000.0,/home/aaiuser/results/benchmarking_sbi_023/multirun/2024-12-03/22-52-04/1,1
1806,two_moons,1000,4,SNRE,950613023,0.6646,0.69035,0.066803396,0.06680393,0.08244956,0.5495,0.629,0.008939028,0.008938789,0.08137518,,9.251372273763021,inf,inf,1000.0,/home/aaiuser/results/benchmarking_sbi_023/multirun/2024-12-03/22-52-04/9,9
1807,two_moons,100000,9,SNRE,2682309419,0.5102,0.50705,0.00015944242,0.00015938282,0.08856535,0.6405,0.6405,0.14121628,0.14121377,0.08830193,,108.530126953125,inf,inf,100000.0,/home/aaiuser/results/benchmarking_sbi_023/multirun/2024-12-03/22-52-04/26,26
1808,two_moons,1000,2,SNRE,3795027842,0.6114,0.5974,0.017337322,0.017336488,0.08430337,0.496,0.53,-0.00040829182,-0.00040829182,0.08555454,,8.017738342285156,inf,inf,1000.0,/home/aaiuser/results/benchmarking_sbi_023/multirun/2024-12-03/22-52-04/3,3
1809,slcp,1000,7,SNRE,660006876,0.9858,0.984,0.22853196,0.44877073,30.532112,0.97,0.9715,0.23687243,0.45515263,30.655235,,22.566105143229166,38.61779359090069,39.587816107543944,1000.0,/home/aaiuser/results/benchmarking_sbi_023/multirun/2024-12-03/04-28-49/18,18
1810,slcp,100000,8,SNRE,159975,0.7446,0.7558,0.007868886,0.025931358,24.524036,0.6875,0.696,0.006835103,0.029605985,24.69824,,201.22696940104166,25.60571277228984,16.176619149312963,100000.0,/home/aaiuser/results/benchmarking_sbi_023/multirun/2024-12-03/04-28-49/23,23
1811,slcp,10000,5,SNRE,1714221932,0.88445,0.88255,0.10826552,0.12390071,24.414532,0.873,0.855,0.099683404,0.12040627,24.305065,,26.1209716796875,35.87078588607655,35.53048883560852,10000.0,/home/aaiuser/results/benchmarking_sbi_023/multirun/2024-12-03/04-28-49/13,13
1812,slcp,10000,8,SNRE,2470444984,0.9672,0.9685,0.0628835,0.37847728,24.533737,0.939,0.942,0.061506033,0.3696892,24.614986,,24.512699381510416,40.49422068194739,38.008771526802654,10000.0,/home/aaiuser/results/benchmarking_sbi_023/multirun/2024-12-03/04-28-49/22,22
1813,slcp,1000,3,SNRE,371531192,0.95945,0.96065,0.113021374,0.13462245,22.0439,0.955,0.954,0.11879563,0.13272148,21.982054,,21.62650146484375,39.88239642278208,38.884717327145864,1000.0,/home/aaiuser/results/benchmarking_sbi_023/multirun/2024-12-03/04-28-49/6,6
1814,slcp,10000,6,SNRE,626181522,0.9161,0.9149,0.04346466,0.10908502,10.499051,0.8795,0.8505,0.04234624,0.10287875,10.696685,,26.1921630859375,34.339783602093355,33.896685570670684,10000.0,/home/aaiuser/results/benchmarking_sbi_023/multirun/2024-12-03/04-28-49/16,16
1815,slcp,100000,5,SNRE,1513075386,0.73105,0.73245,0.012240529,0.027029872,23.840668,0.714,0.6985,0.013896942,0.030526876,23.547176,,219.66433919270833,35.171410966130566,28.68909539752593,100000.0,/home/aaiuser/results/benchmarking_sbi_023/multirun/2024-12-03/04-28-49/14,14
1816,slcp,10000,2,SNRE,796371830,0.92595,0.9239,0.08263016,0.18597859,23.09821,0.9045,0.887,0.09119403,0.18510109,22.681562,,23.905013020833334,37.12626467783651,37.25241733864613,10000.0,/home/aaiuser/results/benchmarking_sbi_023/multirun/2024-12-03/04-28-49/4,4
1817,slcp,100000,7,SNRE,2264460219,0.75135,0.7787,0.0027149916,0.036932707,29.404196,0.7045,0.702,0.009348869,0.034743786,29.280178,,235.19895833333334,22.907803384304394,22.254724478023896,100000.0,/home/aaiuser/results/benchmarking_sbi_023/multirun/2024-12-03/04-28-49/20,20
1818,slcp,10000,4,SNRE,1454321866,0.9403,0.9411,0.10517275,0.18377244,3.023447,0.9125,0.927,0.1110419,0.18508893,2.9349165,,23.87464599609375,28.43995244681515,29.698219818966166,10000.0,/home/aaiuser/results/benchmarking_sbi_023/multirun/2024-12-03/04-28-49/10,10
1819,slcp,1000,9,SNRE,3880384993,0.976,0.97535,0.290192,0.4311955,10.26989,0.96,0.953,0.29457158,0.4389369,10.044748,,20.65529581705729,35.85379449387595,34.22911425425797,1000.0,/home/aaiuser/results/benchmarking_sbi_023/multirun/2024-12-03/04-28-49/24,24
1820,slcp,1000,5,SNRE,1305560844,0.9607,0.96145,0.18315566,0.18670774,20.072851,0.951,0.9485,0.18018627,0.17491418,20.350567,,22.70235392252604,38.20503977268972,40.29830983044647,1000.0,/home/aaiuser/results/benchmarking_sbi_023/multirun/2024-12-03/04-28-49/12,12
1821,slcp,1000,8,SNRE,869610631,0.9807,0.9815,0.18415928,0.4128276,22.779667,0.951,0.961,0.18518043,0.40342614,22.856844,,22.783079020182292,39.474702905633066,38.61409137096331,1000.0,/home/aaiuser/results/benchmarking_sbi_023/multirun/2024-12-03/04-28-49/21,21
1822,slcp,100000,1,SNRE,300496286,0.808,0.80185,0.012929678,0.0690434,19.425577,0.753,0.719,0.015877843,0.07709551,19.333233,,209.67141927083333,24.13751191288945,14.017945478084693,100000.0,/home/aaiuser/results/benchmarking_sbi_023/multirun/2024-12-03/04-28-49/2,2
1823,slcp,10000,9,SNRE,764109935,0.90895,0.9077,0.095210195,0.16081345,8.418616,0.877,0.8535,0.08707762,0.15360671,8.586027,,24.12510986328125,34.040323248738886,33.97585382057868,10000.0,/home/aaiuser/results/benchmarking_sbi_023/multirun/2024-12-03/04-28-49/25,25
1824,slcp,100000,2,SNRE,351308465,0.7576,0.75375,0.009760499,0.03707242,22.570425,0.6975,0.6935,0.009677768,0.031481624,22.35792,,223.65115559895833,34.504814875919756,14.85884309053879,100000.0,/home/aaiuser/results/benchmarking_sbi_023/multirun/2024-12-03/04-28-49/5,5
1825,slcp,10000,3,SNRE,1983120940,0.9076,0.9071,0.051070094,0.09610176,26.188248,0.8875,0.852,0.050712466,0.09234542,25.950233,,23.741444905598957,38.046571077096864,38.2731988420738,10000.0,/home/aaiuser/results/benchmarking_sbi_023/multirun/2024-12-03/04-28-49/7,7
1826,slcp,1000,1,SNRE,2219902363,0.98645,0.98555,0.29253078,0.4725335,20.272326,0.978,0.969,0.282202,0.4637593,20.158035,,20.10190226236979,36.93525994442376,33.789485861632485,1000.0,/home/aaiuser/results/benchmarking_sbi_023/multirun/2024-12-03/04-28-49/0,0
1827,slcp,100000,3,SNRE,4142430598,0.65875,0.65075,0.0027570724,0.012406826,25.827862,0.606,0.589,0.0015127659,0.010098577,24.9613,,250.47508138020834,20.6529420480388,9.926338958951103,100000.0,/home/aaiuser/results/benchmarking_sbi_023/multirun/2024-12-03/04-28-49/8,8
1828,slcp,100000,6,SNRE,3869209711,0.72655,0.7249,0.0045404434,0.010810256,10.611123,0.661,0.6535,0.0060830116,0.01052928,10.947363,,214.80677083333333,17.021189445049856,12.545869492362403,100000.0,/home/aaiuser/results/benchmarking_sbi_023/multirun/2024-12-03/04-28-49/17,17
1829,slcp,1000,6,SNRE,1026294740,0.94585,0.9459,0.062421083,0.102074206,10.759504,0.9275,0.9135,0.051836133,0.08046496,10.935356,,23.323710123697918,36.479887906040126,34.45770917093284,1000.0,/home/aaiuser/results/benchmarking_sbi_023/multirun/2024-12-03/04-28-49/15,15
1830,slcp,100000,4,SNRE,1913324225,0.79375,0.80625,0.02930069,0.0333246,2.839096,0.778,0.7805,0.029454231,0.03204751,2.7906818,,203.83287760416667,28.99141183082777,29.957764337238274,100000.0,/home/aaiuser/results/benchmarking_sbi_023/multirun/2024-12-03/04-28-49/11,11
1831,slcp,10000,7,SNRE,4026341238,0.94355,0.9435,0.18231428,0.16071254,29.742706,0.9095,0.9215,0.18584216,0.16715103,29.539513,,23.553533935546874,37.045741377610945,30.15014455381112,10000.0,/home/aaiuser/results/benchmarking_sbi_023/multirun/2024-12-03/04-28-49/19,19
1832,slcp,10000,1,SNRE,3541648825,0.90185,0.90225,0.03809762,0.091875374,19.165752,0.874,0.8505,0.035872698,0.09233487,19.124815,,24.163578287760416,33.85366964329391,26.432976372543937,10000.0,/home/aaiuser/results/benchmarking_sbi_023/multirun/2024-12-03/04-28-49/1,1
1833,slcp,1000,4,SNRE,564186261,0.9819,0.98245,0.21271616,0.44190198,3.4474072,0.975,0.973,0.23382372,0.45482337,3.4247313,,20.650606282552083,31.91098526268962,32.463091508158485,1000.0,/home/aaiuser/results/benchmarking_sbi_023/multirun/2024-12-03/04-28-49/9,9
1834,slcp,100000,9,SNRE,2679488336,0.76745,0.77095,0.016091824,0.033127666,9.535039,0.714,0.695,0.01759231,0.032163262,9.59273,,202.27146809895834,29.65241324989243,18.20514244922013,100000.0,/home/aaiuser/results/benchmarking_sbi_023/multirun/2024-12-03/04-28-49/26,26
1835,slcp,1000,2,SNRE,382151164,0.95755,0.9578,0.22253728,0.18305236,22.647697,0.948,0.9375,0.21373534,0.177804,22.075947,,19.656077067057293,37.05417005679684,35.97500826175189,1000.0,/home/aaiuser/results/benchmarking_sbi_023/multirun/2024-12-03/04-28-49/3,3
1836,slcp_distractors,1000,7,SNRE,624195577,0.9956,0.99495,0.2051338,0.59093195,1077.1997,0.9925,0.9895,0.19141066,0.583876,1077.6055,,24.69737345377604,,,1000.0,/home/aaiuser/results/benchmarking_sbi_023/multirun/2024-12-03/13-59-42/18,18
1837,slcp_distractors,100000,8,SNRE,3588965769,0.7687,0.77575,0.0044811964,0.021060467,424.6908,0.6915,0.6975,0.0027321577,0.018877268,428.2588,,194.11398111979167,,,100000.0,/home/aaiuser/results/benchmarking_sbi_023/multirun/2024-12-03/13-59-42/23,23
1838,slcp_distractors,10000,5,SNRE,897711806,0.9665,0.96695,0.104002595,0.33556992,896.7021,0.953,0.9375,0.09544647,0.32005584,897.1791,,23.677183024088542,,,10000.0,/home/aaiuser/results/benchmarking_sbi_023/multirun/2024-12-03/13-59-42/13,13
1839,slcp_distractors,10000,8,SNRE,2440228595,0.978,0.97955,0.059917927,0.29154924,425.22375,0.9535,0.9535,0.058362603,0.29424828,420.49057,,27.223486328125,,,10000.0,/home/aaiuser/results/benchmarking_sbi_023/multirun/2024-12-03/13-59-42/22,22
1840,slcp_distractors,1000,3,SNRE,3957101622,0.98095,0.9811,0.1800412,0.5277437,385.63037,0.9705,0.9655,0.1699605,0.50941944,383.71368,,22.112996419270832,,,1000.0,/home/aaiuser/results/benchmarking_sbi_023/multirun/2024-12-03/13-59-42/6,6
1841,slcp_distractors,10000,6,SNRE,1793644765,0.9547,0.95685,0.05931151,0.15346235,347.774,0.9315,0.92,0.060349822,0.15257633,354.25372,,25.74417724609375,,,10000.0,/home/aaiuser/results/benchmarking_sbi_023/multirun/2024-12-03/13-59-42/16,16
1842,slcp_distractors,100000,5,SNRE,2461286476,0.7102,0.7098,0.01345408,0.04691112,898.4643,0.6545,0.642,0.012763262,0.044617176,899.1515,,179.36279296875,,,100000.0,/home/aaiuser/results/benchmarking_sbi_023/multirun/2024-12-03/13-59-42/14,14
1843,slcp_distractors,10000,2,SNRE,549755167,0.9832,0.9828,0.25530005,0.56356394,379.8631,0.9685,0.9575,0.25268865,0.55810726,378.07974,,23.161383056640624,,,10000.0,/home/aaiuser/results/benchmarking_sbi_023/multirun/2024-12-03/13-59-42/4,4
1844,slcp_distractors,100000,7,SNRE,674024731,0.88145,0.8835,0.0056688786,0.07895112,1077.5066,0.8355,0.8225,0.004483938,0.07729483,1076.3545,,189.47991536458332,,,100000.0,/home/aaiuser/results/benchmarking_sbi_023/multirun/2024-12-03/13-59-42/20,20
1845,slcp_distractors,10000,4,SNRE,1835133038,0.98755,0.98655,0.26555395,0.5321788,569.94617,0.9795,0.9765,0.26273274,0.53263134,568.85443,,22.691800944010417,,,10000.0,/home/aaiuser/results/benchmarking_sbi_023/multirun/2024-12-03/13-59-42/10,10
1846,slcp_distractors,1000,9,SNRE,1001147288,0.9806,0.9794,0.36847538,0.53071105,712.11743,0.961,0.9495,0.37210053,0.52291405,712.5826,,22.490376790364582,,,1000.0,/home/aaiuser/results/benchmarking_sbi_023/multirun/2024-12-03/13-59-42/24,24
1847,slcp_distractors,1000,5,SNRE,3503960511,0.9632,0.96415,0.15623343,0.26199675,896.49225,0.9585,0.944,0.15077245,0.26543164,898.11145,,20.8414794921875,,,1000.0,/home/aaiuser/results/benchmarking_sbi_023/multirun/2024-12-03/13-59-42/12,12
1848,slcp_distractors,1000,8,SNRE,3775384063,0.9917,0.99245,0.22675848,0.55569863,422.87347,0.9865,0.983,0.22668815,0.56254214,425.2965,,23.499562581380207,,,1000.0,/home/aaiuser/results/benchmarking_sbi_023/multirun/2024-12-03/13-59-42/21,21
1849,slcp_distractors,100000,1,SNRE,2945747062,0.8639,0.86305,0.044538736,0.11693764,895.57153,0.833,0.814,0.03811264,0.12042099,896.2057,,195.33553059895834,,,100000.0,/home/aaiuser/results/benchmarking_sbi_023/multirun/2024-12-03/13-59-42/2,2
1850,slcp_distractors,10000,9,SNRE,2119814736,0.97015,0.97265,0.22735673,0.406565,712.64874,0.951,0.939,0.22104436,0.38777998,710.31165,,27.364801025390626,,,10000.0,/home/aaiuser/results/benchmarking_sbi_023/multirun/2024-12-03/13-59-42/25,25
1851,slcp_distractors,100000,2,SNRE,3778730878,0.6901,0.6858,0.0060534477,0.0048390627,379.69116,0.605,0.5685,0.0082297325,0.007843137,376.76514,,238.05001627604167,,,100000.0,/home/aaiuser/results/benchmarking_sbi_023/multirun/2024-12-03/13-59-42/5,5
1852,slcp_distractors,10000,3,SNRE,4246483102,0.96465,0.96545,0.10512912,0.21461684,386.7351,0.9475,0.936,0.09172344,0.19772184,382.34424,,22.911136881510416,,,10000.0,/home/aaiuser/results/benchmarking_sbi_023/multirun/2024-12-03/13-59-42/7,7
1853,slcp_distractors,1000,1,SNRE,3229084412,0.9908,0.9905,0.24469626,0.59315646,894.6188,0.9835,0.9795,0.23003078,0.5790198,895.5016,,21.922357177734376,,,1000.0,/home/aaiuser/results/benchmarking_sbi_023/multirun/2024-12-03/13-59-42/0,0
1854,slcp_distractors,100000,3,SNRE,580053519,0.7439,0.73915,0.021524549,0.019436002,388.8,0.6855,0.643,0.02123344,0.018657327,381.6269,,156.59327799479166,,,100000.0,/home/aaiuser/results/benchmarking_sbi_023/multirun/2024-12-03/13-59-42/8,8
1855,slcp_distractors,100000,6,SNRE,4005427079,0.67275,0.6651,0.01658237,0.014631867,348.95367,0.6135,0.6195,0.019423246,0.017639399,351.2121,,227.08453776041668,,,100000.0,/home/aaiuser/results/benchmarking_sbi_023/multirun/2024-12-03/13-59-42/17,17
1856,slcp_distractors,1000,6,SNRE,3894169967,0.9757,0.97685,0.29935092,0.5664649,343.432,0.956,0.9445,0.2983303,0.5563719,341.53546,,21.98067830403646,,,1000.0,/home/aaiuser/results/benchmarking_sbi_023/multirun/2024-12-03/13-59-42/15,15
1857,slcp_distractors,100000,4,SNRE,2647501765,0.81785,0.81875,0.03598368,0.028055668,570.1007,0.745,0.7645,0.032423615,0.02579379,571.5203,,217.9392578125,,,100000.0,/home/aaiuser/results/benchmarking_sbi_023/multirun/2024-12-03/13-59-42/11,11
1858,slcp_distractors,10000,7,SNRE,1163530816,0.9908,0.9921,0.09472227,0.48681462,1076.366,0.9845,0.9815,0.086668015,0.46737564,1078.41,,25.799192301432292,,,10000.0,/home/aaiuser/results/benchmarking_sbi_023/multirun/2024-12-03/13-59-42/19,19
1859,slcp_distractors,10000,1,SNRE,3913524460,0.98425,0.98475,0.1508292,0.37845045,893.52344,0.9725,0.964,0.15349615,0.38017285,895.32043,,25.051472981770832,,,10000.0,/home/aaiuser/results/benchmarking_sbi_023/multirun/2024-12-03/13-59-42/1,1
1860,slcp_distractors,1000,4,SNRE,1947428387,0.9904,0.98915,0.23999727,0.56036055,569.55664,0.981,0.983,0.2320221,0.56022996,571.38086,,23.32954305013021,,,1000.0,/home/aaiuser/results/benchmarking_sbi_023/multirun/2024-12-03/13-59-42/9,9
1861,slcp_distractors,100000,9,SNRE,3034644118,0.71525,0.688,0.011982083,0.017382622,711.4949,0.6755,0.6595,0.043114662,0.0361557,712.3524,,194.43352864583332,,,100000.0,/home/aaiuser/results/benchmarking_sbi_023/multirun/2024-12-03/13-59-42/26,26
1862,slcp_distractors,1000,2,SNRE,1866914477,0.9787,0.9787,0.14715898,0.40635672,378.7397,0.967,0.9545,0.14714754,0.39456615,373.0966,,19.58641153971354,,,1000.0,/home/aaiuser/results/benchmarking_sbi_023/multirun/2024-12-03/13-59-42/3,3
